title,address,contentId,contentTypeId,tag,reason,cat1,cat2,cat3,cat1_name,cat2_name,cat3_name,mapx,mapy,overview
가는곶 세화,제주특별자치도 제주시 구좌읍 세화14길 3,2850913,39,indoor,indoor:베이커리/음식점/카페 | outdoor:해변/해수욕장,A05,A0502,A05020900,음식점,한식,카페/전통찻집,126.8606961680,33.5205279098,"가는곶 세화는 제주특별자치도 제주시 구좌읍 세화리에 자리한 감성적인 베이커리로, ‘옆집으로 이사 가고 싶은 세화빵집’을 모토로 운영되고 있다. 이곳은 제주에서 자란 건강한 농작물을 활용한 빵을 만드는 것으로 유명한데, 제주토종흑보리, 대추방울토마토, 푸른콩 등 제주 농부들이 정성껏 키운 재료들을 사용한다. 반죽은 최대한 최소화하여 소화에 부담이 적은 빵을 만드는 것을 지향하고 있다. 시그니처 메뉴로는 에멘탈 치즈와 살짝 말린 토마토가 들어간 ‘에멘탈썬드라이토마토’, 그리고 구운 감자의 풍미가 살아 있는 ‘구운제주감자빵’ 등이 있다. 근처에 세화해수욕장, 평대해변, 비자림 등 자연명소가 가까이 있어 함께 둘러보는 것도 추천한다."
가람,제주특별자치도 제주시 복지로북길 4 1층,2906155,39,indoor,indoor:박물관/음식점 | outdoor:오름,A05,A0502,A05020100,음식점,한식,한식,126.5206569716,33.4888787305,"가람은 KBS 제주방송총국 앞에 있다. 돌솥밥추어탕이 대표메뉴로 추어탕과 돌솥밥이 세트로 나온다. 양배추샐러드, 피클, 단호박 등 건강식 밑반찬이 함께 나오며 돌솥밥은 비빔밥으로 먹고 누룽지를 만들어 먹을 수 있다. 추어탕은 들깨가루를 넣고 깔끔하게 끓여낸 구수한 보양식으로 방송국 사람들의 단골집이기도 하다. 여름 메뉴로는 녹차 독새기 콩국수가 있다. 주변 여행지로 민오름, 제주도민속자연사박물관 등이 있다."
가람돌솥밥,제주특별자치도 서귀포시 중문관광로 332 (대포동),2755053,39,indoor,indoor:음식점,A05,A0502,A05020100,음식점,한식,한식,126.4313090015,33.2496926417,중문관광로에 있는 가람돌솥밥은 어릴 적 해녀이신 어머니가 물질하여 따온 신선한 재료를 얹어 주시던 기억이 생생해 그 정성과 마음을 담아 어머니의 마음을 나누려고 2003년에 문을 열었다. 깔끔한 밑반찬과 성게미역국 인기가 좋으며 모든 상차림에 전복 또는 활어회가 제공된다. 해물돌솥밥을 마가린과 간장에 비벼 먹을 수 있도록 준비해 둔 코너가 인상적이며 친절한 사장님과 직원들이 항상 웃으며 응대한다. 서귀포에서 든든하게 아침밥을 챙겨 먹기 좋은 곳이다.
가마오름,제주특별자치도 제주시 한경면 청수리 1205,1884191,12,outdoor,outdoor:공원/산/오름,A01,A0101,A01010400,자연관광지,국립공원,산,126.2466098987,33.3057279944,"제주시 한경면 수룽이마을 뒷산으로 마을 남동쪽 약 500m 지점에 있는 오름이다. 수룡동 마을안길로 들어가면 쉽게 오를 수 있다. 오름산모양이 가마솥을 엎어 놓은 모양과 같이 생겼다 하여 가마오름이라 부르고 있으나, 학자들의 어원적 해석에 의하면 가마는 감에서 나온 것이고, 감은 북방어로 신 또는 신성하고 거룩하다는 뜻으로 해석하고 있다. 즉, 가마오름은 신령스러운 산이라는 뜻으로 풀이하고 있다. 주봉인 남쪽 봉우리를 중심으로 북쪽으로 뻗은 등성마루에는 언덕 같은 봉우리가 솟아 있고, 완만한 동사면은 북동쪽으로 말굽형 화구를 이루며 얕고 넓게 벌어져 있으며 붉은 송이로 이루어져 있다. 해송과 잡목이 어우러져 숲을 이루고 있으며, 풀밭에는 술패렝이꽃이 여기저기 보인다. 이 오름에는 일제 강점기 때 일본군이 주둔했던 곳으로, 지금도 인공적으로 파인 수직굴이 여러 개 산재해 있다."
가문이오름(감은이오름),제주특별자치도 서귀포시 표선면 가시리,1884505,12,outdoor,outdoor:공원/산/오름,A01,A0101,A01010400,자연관광지,국립공원,산,126.6876111209,33.4018299117,"가문이오름은 제주특별자치도 제주시 구좌읍 송당리에 있는 봉우리이며, 성불오름 바로 서쪽에 나지막하게 자리한 오름을 이른다. 붉은오름과 마주하고 있는 이곳은 오름의 중턱에 삼나무와 해송이 숲이 우거져 있으며 그 위로는 낙엽수림이 있다. 가문이오름이란 이름은 숲이 우거져 검게 보인다고 하여 지어진 것이다. 말굽형 분화구 모양인 오름에는 흰 노루귀, 분홍 노루귀 등의 생소한 야생화가 자라고 있으며, 분화구 내에 울창한 숲이 음산한 기운을 띠고 있어 신령스러운 산이라는 의미도 있다. 붉은오름뿐만 아니라 구두리오름, 쳇망오름 등 여러 오름과 함께 오름 군락도 형성되어 같이 둘러보기에 좋다. 근처 가 볼 만한 곳으로는 물영아리오름, 부영컨드리클럽이 있다."
가새기오름,제주특별자치도 제주시 오라삼동 2848,1884521,12,outdoor,outdoor:공원/산/오름,A01,A0101,A01010400,자연관광지,국립공원,산,126.5038611983,33.4893700755,"가새기오름은 오라동 연미마을 북서쪽에 가로누운 자그마한 화구 없는 원추형 화산체로서, 남북으로 긴 등성이에 해송이 우거져 숲을 이루고 있다. 풍수설에 의하면 이 오름 남쪽에 있는 민오름이 개의 형국이고, 그 밑에 있는 이 오름은 어미개에 딸린 강아지의 형국이라는 것에서 [개새끼오름]이라 불리고 있다. 어미개와 강아지가 어울린 모습에 개의 젖가슴을 상징하는 지세라 하여 북서쪽 오름 자락은 예로부터 길지로 꼽혀왔다고 한다."
가세오름,제주특별자치도 서귀포시 표선면 녹산로 554,1885746,12,outdoor,outdoor:공원/산/오름,A01,A0101,A01010400,자연관광지,국립공원,산,126.7231832338,33.3931758821,"가세는 제주도 방언으로 가위라는 뜻을 의미한다. 표선면에 위치한 가세오름은 산봉우리가 두 갈래로 나누어진 말굽형의 오름이다. 또한 오름의 형태가 가위처럼 보인다 하여 가세오름으로 불린다. 가세 오름에는 5개의 암설류인 봉우리인 염통 오름, 족은 염통, 달 모루, 진동산, 숨골왓이 있다. 하지만 이 봉우리들은 덤불로 가로막고 있으며 탐방로도 있지 않아 발견하기는 어렵다. 가세 오름 초행길은 안내 표지판이 있으나 탐방로가 복잡하여 헤맬 수 있으니 주의를 요한다. 또한 가시덤불로 인해 상처를 입을 위험이 있어 긴 바지를 입고 가는 것이 좋다. 북쪽 봉우리에는 이동통신사 기지국이 있고 남쪽 봉우리 정상에는 초소가 있어 이동 위치를 쉽게 파악할 수 있다. 오름의 정상에 도착하여 경방 초소에 오르면 가시리의 오름 군락들을 조망할 수 있다."
가시리국산화풍력발전단지,제주특별자치도 서귀포시 표선면 녹산로 464-78,3026711,12,outdoor,indoor:카페 | outdoor:산,A02,A0204,A02040400,역사관광지,발전소,발전소,126.7341100468,33.3939370848,"제주도 서귀포시 동남쪽 끝에 위치한 표선면 가시리는 제주도 내에서 아직 개발되지 않은 지역이라고 할 수 있는데 2009년 1월 국내 최초 지역주민 참여 방식으로 진행된 풍력발전단지  부지 선정 공모에서 최종 부지로 낙점됨에 따라 마을이 새롭게 변화되어 가고 있다. 가시리국산화풍력발전단지는 광활한 평원에 유채꽃단지가 조성되어 있는 가시리 공동목장에 들어서 있다. 봄이 되면 유채꽃과 벚꽃의 콜라보레이션을 즐길 수 있는 드라이브 코스로 유명한 녹산로 유채꽃길과 가까운 곳에 있다. 이곳 바람들판의 가을녁엔 빛나는 억새의 향연과 커다란 풍력발전기가 돌아가는 풍경을 볼 수 있는데 이국적인 아름다움을 선사한다. 이곳에서는 뒤로 보이는 풍력발전단지를 배경 삼아 한라산, 돌담과 어우러진 제주 조랑말들과 소들이 평온하게 풀을 뜯어 먹는 장면을 즐길 수 있다. 픙력단지 입구 왼쪽으로는 유채꽃프라자로 가는 길이고 이곳에서 차 한잔하며 카페 계단으로 올라가서 보는 목가적인 경치도 좋다. 카페 뒤쪽에도 유채꽃 단지가 있다."
가시식당,제주특별자치도 서귀포시 표선면 가시로565번길 24,1866904,39,indoor,indoor:식당/실내/음식점,A05,A0502,A05020100,음식점,한식,한식,126.7713633064,33.3530172003,가시식당은 가시보건진료소 인근에 자리 잡은 40년 이상의 전통을 자랑하는 순댓국 전문점이다. 실내는 편안한 가정집 분위기의 입식 홀 구조이다. 돼지 잡뼈를 넣고 우린 육수에 순대와 내장을 말아 뚝배기에 담아내는 순댓국과 철판 위에 은박지를 깔고 볶아먹는 돼지고기 두루치기가 인기메뉴이다.
가시아방국수,제주특별자치도 서귀포시 성산읍 섭지코지로 10,2791481,39,indoor,indoor:음식점 | outdoor:산,A05,A0502,A05020100,음식점,한식,한식,126.9180930788,33.4386573313,"성산읍에 자리하고 있는 가시아방 국수는 제주 특산 메뉴인 고기 국수를 주력으로 하는 맛집이다. 대표 메뉴인 고기 국수는 진한 육수에 부드럽고 노란 면, 고소한 돔베고기 고명이 조화롭다. 이외에도 비빔국수와 멸치국수 역시 이곳만의 감칠맛으로 인기 메뉴이다. 여러 메뉴를 한 번에 먹고 싶다면 세트 메뉴도 준비되어 있는데, 국수와 돔베고기 1/2을 함께 맛볼 수 있어 가성비 좋게 즐길 수 있다."
가시어멍김밥,제주특별자치도 제주시 월랑로 36,2837181,39,indoor,indoor:음식점 | outdoor:해변,A05,A0502,A05020100,음식점,한식,한식,126.4763302701,33.4888641378,"가시어멍김밥은 제주특별자치도 제주시 노형동에 위치한 분식집이다. 제주 공항과 10분 거리인 시내 중심가에 있어 공항 도착 전후의 한 끼 식사로 좋다. 가시어멍은 제주도 방언으로 장모님을 뜻한다. 제주 톳을 넣은 김밥으로 유명해지면서 지금은 전국에 체인점을 가진 가시어멍김밥의 본점이 되었다. 제주에서 자란 신선한 재료를 사용하며, 대표 메뉴는 가시어멍김밥과 김밥도시락세트이고 가시어멍충무김밥과, 한우 떡국도 많이 찾는다. 관광객의 경우 김밥을 포장하여 여행 다니는 사람들이 많다. 오전 7시에 영업을 시작해 아침식사로 먹기에도 좋다. 함께 둘러보기 좋은 주변 관광지로는 이호테우 해변과, 내도 알작지 해변 등이 있다."
가시오름,제주특별자치도 서귀포시 대정읍 하모이삼로21번길 1,1885754,12,outdoor,outdoor:공원/산/오름,A01,A0101,A01010400,자연관광지,국립공원,산,126.2500169782,33.2236315617,"가시오름은 서귀포시 대정읍 동일리에 있는 오름으로 옛날부터 오름 곳곳에 가시나무(물참나무)가 많이 자라고 있어 가시오름이라는 이름이 붙여졌다. 오름의 정상에는 남서쪽으로 벌어진 말굽형 분화구가 있다. 오름의 동남쪽은 가파르고 서북쪽은 대체로 완만한 편이며 높지 않아 정상까지 오르기 쉽다. 오름 탐방로가 잘 조성되어 있고 주변 모슬포오름과 대정읍 일대를 관망하는 풍경이 좋은 곳이다. 정상부까지 농로가 나 있고, 잡목과 함께 숲이 우거지고 그사이에 예덕나무, 보리수나무 등이 식생 하며, 일부 사면에는 중턱까지 경작지가 조성되어 있다. 내비게이션에 가시오름을 치고 가면 남서쪽 방향 우사 근처 도로변에 주차 가능하고, 다른 번지수 주소 대정동 동일리를 치고 가면 반대편 주차장에 주차 가능하다."
가파도,제주특별자치도 서귀포시 대정읍 가파로,126446,12,outdoor,outdoor:공원/섬/야외/해안,A01,A0101,A01011300,자연관광지,국립공원,섬,126.2735884192,33.1664326869,"제주도 부속섬 중 4번째로 큰 섬 가파도는 위에서 내려다보면 바다를 헤엄쳐 가는 가오리 모양을 하고 있다. 이름은 가오리(가파리)를 닮아 가파도가 되었다는 설과 덮개 모양을 닮아 개도(蓋島)로 부르던 것이 가파도라 굳어졌다는 설 등이 있다. 포구 근처에 자전거를 대여하는 곳도 있지만 오르막길이 없어 1~2시간이면 섬 전체를 도보로 둘러볼 수 있다. 또한 가파도 하면 빼놓을 수 없는 것이 청보리이다. 매년 4월 초에서 5월 초에 가파도 청보리 축제가 열리는데, 청보리 밭 걷기, 올레길 보물찾기, 야외 공연 등 다양한 행사가 열린다. 가파도의 보리는 키가 1m를 훌쩍 넘는다. 바람이 조금만 불어도 파도 너울 같은 보리 물결이 넘실댄다. 가파도의 청보리는 돌담과 바다가 어우러져 아름다운 풍경을 자아내면서 지금은 유명한 관광자원이 되었다. 청보리 관광과 올레길이 조성되면서 하루에도 정기적으로 3~4회의 여객선이 왕복 운항하는 섬이 되었다. <br><br>드라마 우리들의 블루스 촬영지
◎ 한류의 매력을 만나는 여행 정보 - 드라마 <우리들의 블루스>
드라마 ‘우리들의 블루스’ 11, 12화에서 영옥과 정준이 단둘이 여행을 떠나 행복한 시간을 보내는 장소, 바로 가파도다. 시원하게 펼쳐진 푸른 바다와 해안선을 따라 이어지는 풍경은 드라마 속 인물들의 설렘을 고스란히 전해준다."
각시바위오름,제주특별자치도 서귀포시 호근동 2124,1887368,12,outdoor,outdoor:공원/산/오름/폭포,A01,A0101,A01010400,자연관광지,국립공원,산,126.5259918298,33.2777271543,"각시바위오름은 기생화산으로 분화구의 형태는 원추형이다. 오름 정상에 있는 각시바위의 이름을 따서 각시바위오름이라고 불리게 되었다. 한자로는 각수악이라 하기도 하고 학의 날갯짓을 닮았다고 하여 학수악이라고도 한다. 오름의 북쪽 사면은 완만하며 숲이 무성하고 반면 남쪽 등성이는 매우 가파르다. 남쪽 등성이는 세 가닥의 등성마루가 뻗어 있는 듯한 모습으로 보인다. 남쪽 경사면 바로 아래 영산사 뒤쪽으로 오르는 등산길이 있으며 길에 깔린 조면암질의 돌들이 독특한 모양과 색을 띠고 있다. 각시바위라는 이름은 한 각시가 이 바위에서 떨어져 죽었다는 열녀 설화에서 따온 것이라고 한다. 정상부는 서귀포 앞바다를 전망할 수 있고, 주변의 좋은 경치로 인해 예로부터 선비들이 풍류를 즐겼던 곳이라고 한다. 주변에 가볼 만한 곳으로는 서귀포 치유의 숲, 엉또폭포, 고근산 등이 있다."
갈마못(갈뫼못),제주특별자치도 서귀포시 표선면 성읍리,1887381,12,outdoor,outdoor:공원/산,A01,A0101,A01010500,자연관광지,국립공원,자연생태관광지,126.8116979172,33.3873529469,"성읍리 사거리에서 성산으로 가는 도로변 남산봉 입구에 위치해 있는 연못으로 행정구역상 성산읍 신풍리에 해당되지만, 오히려 성읍에 가까워 소유도 성읍리 마을 소유이다. 풍수지리설에 의하면 이 못은 목마른 말이 물을 마시는 것과 같고 또 마소의 급수용으로 이용한 데서 연유하여 갈마못이라는 이름이 붙여졌다고 한다. 자연적으로 조성된 이 못은 아무리 가물어도 물이 마르지 않는다고 하며 중앙의 작은 못에는 돌담이 원형으로 둘러져 있고 예전에 식수로 이용되었던 흔적인 물팡돌이 놓여 있다. 물의 유입은 남산봉 화구 쪽에서 수로를 따라 유입되는 것으로 추정되며 이와 아울러 인위적으로 조성된 우수관이 도로변 밑으로 시설되어 연못으로 유입되고 있다. 못의 일부는 농업용수로 활용하기 위해 60㎡ 정도가 도로 높이로 매립되어 있으며 그 너머로는 농경지가 경작되고 있다. 중앙에 있는 작은 못에는 환경부 지정 보호야생식물인 순채가 군락을 이루며 자생하고 있고, 못의 가장자리 및 중앙부에는 대부분 기장대풀이 우점하고 있는 식생을 보이고 있는데, 전체적으로 기장대풀군락, 송이고랭이군락, 좀어리연꽃군락, 순채군락으로 구분될 수 있다. 기장대풀이 우점하는 지역은 주로 연못의 가장자리를 중심으로 비교적 수심이 10cm 이하로 택사, 골풀, 고마리 등이 분포하고 있다."
갈중이(천연염색체험),제주특별자치도 서귀포시 사계남로216번길 24-61 갈중이,635593,12,outdoor,outdoor:산,A02,A0203,A02030200,역사관광지,농.산.어촌 체험,전통체험,126.3136584209,33.2351423980,"갈옷은 제주도에서 구하기 쉬운 감을 이용해 만든 옷을 말하며 제주에서 일상복으로 즐겨 입던 제주 전통 의상이다. 갈옷은 자외선 차단 효과와 통기성이 뛰어나며 탁월한 향균, 향취 작용 등 우수한 효능으로 민감한 피부에도 좋다고 알려져 있다. 
갈중이 천연염색은 감 재배부터 감옷 제조와 판매, 나아가 감옷 만들기 체험장을 운영하는 곳이다. 3대에 걸쳐 제주 전통 옷이자 문화유산인 갈옷을 지켜나가고 있는 곳이며 모든 공정을 제주 현지에서 직접하고 있다. 사계리 산방산 아래에 있으며 갈중이 현관 앞으로는 돌하르방이 놓여 있고 입구에 들어서면 감물 원단을 볼 수 있다. 뒤편 잔디밭은 감물 체험이 이루어지는 공간인 갈중이 천연 염색체험 마당이 있으며, 또 이곳에서 생산된  소품을 비롯한 갈옷 외에 감물과 쑥물로 염색된 침구 등도 구매가 가능하다. 5인 이상 관광객 및 단체에 한하여 사전 예약제로 운영하므로 방문 전 예약은 필수다."
갈치공장,제주특별자치도 제주시 해맞이해안로 1296,2853435,39,indoor,indoor:음식점/카페 | outdoor:해변/해안,A05,A0502,A05020100,음식점,한식,한식,126.8509745258,33.5319348245,"갈치공장은 제주 평대리 해맞이해안로 바닷가에 있다. 카페 같은 분위기의 높은 천장과 깔끔한 인테리어, 통유리창을 통해 바다를 바라보며 갈치조림, 갈치통구이와 전복음식을 맛볼 수 있다. 가격도 관광지 고물가에 비하면 좋은 편으로 오후 4시 30분까지 영업을 하지만, 재료가 소진되면 영업을 종료해 원하는 메뉴를 먹지 못할 수 있다. 근처 여행지로 세화5일장, 평대해변, 세화해변, 월정해변 등이 있다."
갈치바다 애월,"제주특별자치도 제주시 애월읍 애월로 15-1 1, 2층 갈치바다 애월",3545966,39,indoor,indoor:음식점 | outdoor:산,A05,A0502,A05020100,음식점,한식,한식,126.3110036236,33.4604452226,"제주시 애월읍에 위치한 갈치바다 애월점의 대표 메뉴는 ‘한 상 세트’이다. 구성은 통갈치구이와 순살갈치조림을 중심으로 전복버터구이, 전복미역국, 톳밥 등 다양한 해산물 요리가 함께 차려진다.
순살갈치조림은 갈치에 뼈 제거가 잘 되어 있어 남녀노소 누구나 먹기 편하며, 짜지 않고 깔끔한 양념, 감칠맛 중심의 조림이다. 신선한 제주 갈치를 사용해 풍미가 좋다. 탁 트인 오션뷰와 함께 즐기는 식사가 가능하다. 푸짐한 한 상 구성이며 부족한 반찬은 셀프바에서 자유롭게 추가할 수 있다."
갈치왕,제주특별자치도 서귀포시 일주서로 1146 (상예동),2783304,39,indoor,indoor:음식점 | outdoor:산,A05,A0502,A05020100,음식점,한식,한식,126.3907705168,33.2646820142,"제주 갈치왕은 당일 서귀포항에서 경매한 신선한 갈치를 공수해 저렴한 가격으로 제공하는 갈치 요리 전문점이다. 통갈치 해물찜과 갈치조림 세트는 해산물과 갈치의 풍성한 맛을 동시에 즐길 수 있으며, 밑반찬으로 나오는 옥돔구이, 고등어구이, 갈치회, 간장게장의 맛이 훌륭하다."
감귤카트,제주특별자치도 서귀포시 중문관광로 42 (색달동),3030930,28,indoor,indoor:몰/박물관/숙박/체험관 | outdoor:둘레길/레포츠/전망대,A03,A0302,A03020600,레포츠소개,수련시설,카트,126.4116189256,33.2549473066,"중문단지 내에 있어서 중문에 숙박한다면 접근성이 좋은 카트레이싱 시설로 상큼한 감귤모양의 헬맷을 쓰고 달리며 짜릿한 속도감을 느낄 수 있는 체험장이다. 2023년 5월부로 얼라이브카트에서 감귤카트로 브랜드를 변경하여 새롭게 단장했다. 새롭게 단장된 시설과 안전함, 제주의 아름다운 자연 속에서 쌓인 스트레스를 한방에 날려버린다. 직접 카트를 몰아보면 속도감에 놀라 가속페달을 감히 밟지는 못한다. 감귤카트는 박물관이 살아있다, 런닝맨 체험관과 같은 건물에 있어서 아이들 체험 위치로는 아주 좋다. 카트는 최신형과 오래된 것들이 함께 섞여 있고, 트랙이 넓지는 않아서 여러 번 돌 수 있다. 가족, 연인, 친구, 단체 누구나 체험 가능한 안전한 레저스포츠를 제공하기 위해 안전사고를 대비해 매우 엄격하게 규율을 지키도록 주의 사항들을 안내하고 있다. 카트가 낮고 바람이 많이 불어서 바지착용은 필수이고, 개인 소지품은 모두 입구에 있는 보관함에 놓고 카트를 타야 한다. 감귤카트 포토존에서 귀여운 주황색 감귤헬맷을 쓰고 기념사진을 찍을 수 있다. 또한 감귤카트 코스는 카트뿐만 아니라 주위의 둘레길을 걸으며 조형물과 함께 사진을 찍거나 다이노 전망대에 올라 감귤카트 전경을 감상할 수 있다. 차량 주행시 코스 서킷 내에서의 사진 촬영은 절대 금지하며, 태풍, 강풍, 장마 등 기상악화로 현장 운영이 불가할 수 있으므로 미리 문의하고 방문하면 된다."
감낭오름,제주특별자치도 서귀포시 안덕면 동광리 산41,1887493,12,outdoor,outdoor:공원/산/오름,A01,A0101,A01010400,자연관광지,국립공원,산,126.3497088457,33.3250274801,"감낭오름은 제주특별자치도 서귀포시 안덕면 동광리 북동쪽에 있는 측화산이다. 사면은 완만하고 북동쪽으로 벌어진 말굽형 화구를 이루고 있다. 화구쪽 사면은 풀밭을 이루고 그 외 사면은 삼나무 등이 있다. 감낭오름과 원물오름은 마치 샴쌍둥이처럼 등성이가 맞붙어 있어서, 소나무가 울창한 감낭오름으로 등산한 후에 원물오름으로 이동해 하산하는 코스가 유명하다. 소와 말이 노니는 잔디 탐방로를 지나 30분가량 올라가다 보면 정상에 도달한다. 쾌청한 날이면 감낭오름 정상에서 한라산과 산방산의 풍광과 더불어 국토의 끝자락에 있는 가파도까지 조망할 수 있다. 차량으로 10분 거리에 녹차밭과 녹차 디저트로 유명한 오설록이 있고, 카멜리아힐도 근거리에 있어 둘러보기 좋다."
감따남,제주특별자치도 서귀포시 월산로 16 1층,2854455,39,indoor,indoor:음식점/카페 | outdoor:산/야외/정원/폭포,A05,A0502,A05020900,음식점,한식,카페/전통찻집,126.4946032358,33.2620894948,"감따남은 서귀포 중산간서로 근처 올레 7-1코스, 엉또폭포로 향하는 길목에 있다. 이곳에서 3대째 감귤 농사를 짓고 있는 부부가 운영하는 정원 카페다. 반려동물과 함께라면 야외 정원을 이용할 수 있으며, 감따남 스냅 사진작가가 촬영하는 스냅사진을 예약하여 찍을 수 있다. 웨딩 스냅사진 촬영소로 입소문이 나면서 커플 여행자 방문이 많다. 10월부터는 감귤따기 체험프로그램을 운영하기도 한다. 주변 여행지로 엉또폭포, 고근산 등이 있다.
※ 반려동물 야외 정원 동반 가능"
갑선이오름,제주특별자치도 서귀포시 표선면 가시리,1887866,12,outdoor,outdoor:공원/산/오름,A01,A0101,A01010400,자연관광지,국립공원,산,126.7818122232,33.3608276172,"제주특별자치도 서귀포시 표선면 가시리에 있는 갑선이오름은 남서쪽으로 벌어진 말굽형 굼부리를 가지고 있으며, 오름 서쪽으로 가싯내가 지나가고, 서쪽에 가시리가 아늑하게 자리 잡고 있다. 북서쪽에는 설오름, 남쪽에는 가시오름이 있다. 갑선이오름의 갑선이는 제주 고유어로 보이는데, 그 뜻은 확실하지 않다. 한자 차용 표기로는 갑선악(甲先嶽), 갑선악(甲蟬嶽), 갑선악(甲旋嶽) 등으로 표기했다. 일부에서는 한자 차용 표기 갑선악(甲蟬嶽)의 ‘갑선(甲蟬)’을 중시하여, 허물을 벗지 못한 굼벵이나 매미처럼 생겼다는 데에서 이름이 유래했다고 전해진다. 갑선이오름의 주변 지역에는 주로 묘지와 과수원, 농경지가 조성되어 이용되고 있고, 마을과 오름 사이에 있는 가마천은 세화리 바닷가로 이어져 있다. 또한, 오름 기슭에는 삼나무가 조림되어 있는 한편, 오름 각사면에는 상록수와 낙엽수 등 혼효림의 울창한 숲을 이루고 있다."
강정마을 생태축제,제주특별자치도 서귀포시 이어도로 669 (강정동),3333177,15,outdoor,outdoor:캠핑,A02,A0207,A02070200,역사관광지,문화관광축제,일반축제,126.4870795041,33.2345451931,"강정마을 생태축제는 지금 껏 경험하지 못한 생태 체험+아웃도어 프로그램으로 구성 된 축제이다. 
기후변화의 세계적인 관심이 지역, 문화 속에도 밀도 있게 스며들고 있어, 일상 속 환경보호를 실천하고 생태 보전의 중요성을 알리는 
지속가능한 지역축제이다.  365일 마르지 않는 강정천에서 캠핑과 진정성 있는 다양한 생태프로그램들이 준비되어 있다."
강정천,제주특별자치도 서귀포시 강정동 (강정동),127050,12,outdoor,outdoor:계곡/공원/산/섬,A01,A0101,A01010900,자연관광지,국립공원,계곡,126.4747384130,33.2566620021,"강정천은 물이 많아 이름이  물 강(江) 물 정(汀)인 서귀포시 최남단 마을 강정마을 동쪽에 위치한 총길이 16km의 용천수 하천이다. 한라산의 천연 암반수가 사계절 내내 흐르고 1 급수 어종인 은어가 서식하고 있다.  또한 천연기념물인 원앙이 무리 지어 목격되기도 한다. 강정교 부근은 수심이 얕아 아이를 동반한 가족들이 물놀이 즐기기에 맞춤하며 가까이 제주 최대 규모의 사찰인 약천사를 비롯해 썰물 때만 건널 수 있는 서건도, 올레 7코스의 범섬까지 5분 거리에 있다. 수려한 자연경관과 맑은 물이 조화를 이루는 곳에서 더위를 날려보는 것도 제주에서 바다와는 또 다른 이색 체험이 될 것이다."
강정포구,제주특별자치도 서귀포시 말질로 291,2779517,12,mixed,indoor:몰 | outdoor:공원/산/오름/해안 | mixed:복합,A01,A0101,A01011400,자연관광지,국립공원,항구/포구,126.4750196034,33.2271624839,"해외 휴양지 못지않게 아름다운 자연을 가진 제주도, 그중에서도 서귀포 남쪽 해안을 바라보는 강정포구는 풍광이 멋진 곳으로 알려졌다. 해군 기지가 있는 이곳은 제주 민군 복합형 관광미항이 개장되면서 일반인들도 환상적인 일출과 일몰을 감상할 수 있게 됐다. 강정포구 안쪽으로 연결된 해 오름 노을길은 해안을 따라 걸을 수 있는 산책길이며, 많은 사진작가가 인생 사진을 찍기 위해 자주 찾는 명소이기도 하다. 산책길을 따라 그려진 벽화는 물론, 멀리 보이는 군산 오름, 대평 박수기정, 산방산, 송악산은 한 폭의 그림을 완성한다."
개오름,제주특별자치도 서귀포시 표선면 성읍이리로57번길 162,1887873,12,outdoor,outdoor:공원/둘레길/산/오름,A01,A0101,A01010400,자연관광지,국립공원,산,126.7682286281,33.4238621040,"개오름은 제주도 서귀포시 표선면에 위치해 있다. 산정부의 남쪽이 정상이고 북쪽은 봉긋한 모양으로 부풀어 올라있어 그 사이가 다소 우묵져 있고, 동서사면으로는 작은 골이 얕게 파여 있는 기생화산체이다. 남동사면에는 해송과 삼나무가 조림되어 있고, 그 외 지역은 풀밭을 이루면서 어린나무와 함께 술패랭이, 가시쑥부쟁이, 낭아초, 피뿌리풀 등이 식생하고 있다. 오름모양이 개모양 같다 하여 개오름이라 부른다는 이야기가 있고 풍수지리의 형국설에서 나온 이름이라고 전해지기도 하며, 이 경우에 개오름은 한자로 狗岳(구악)이라고 표기하고 있다. 옛 지도에는 蓋岳(개악)이라고 표기돼 있는데, 이에 따라 산모양이 蓋(개) 즉, 밥그릇 뚜껑, 혹은 양산처럼 생겼다는 풀이가 있다. 정상까지 오르는 둘레길은 탐방이 가능하지만 둘레길 밑으로는 공동목장으로 원칙적으로는 지정된 코스 외에는 탐방이 불가하다. 특히 5얼에서 6월 말까지는 목장 내 말의 임신기간이어서 말들이 상당히 예민하고 방문객들로 인해 유산하는 경우도 종종 있으니 주의해야 한다."
개오리오름,제주특별자치도 제주시 봉개동,1889809,12,mixed,outdoor:공원/산/오름 | mixed:복합,A01,A0101,A01010400,자연관광지,국립공원,산,126.6125115262,33.4262287923,"개오리오름은 제주시 조랑말 목장 동쪽의 방송중계탑이 설치되어 있는 오름이다. 크고 작은 세 개의 봉우리로 이루어진 다양한 형태를 갖고 있는 복합형 화산체이며, 개오리오름은 주봉인 송신탑이 서 있는 곳의 오름을 말한다. 족은개오리는 북쪽에 서향으로 벌어진 말굽형 화구를 갖는 것이고, 가운데에 샛개오리라 부르는 원추형의 작은 오름이 있다. 전체적으로 두 개의 말굽형 화구를 갖는 복합형이다. 전사면이 낙엽수, 상록수 등이 울창하게 우거진 자연림을 이루고, 일부에 삼나무, 소나무가 있다. 겨울 한동안은 잎이 다 떨어진 회갈색 사면에 층층으로 늘어선 삼나무 대열이 이채롭다. 산 모양이 개오리(가오리)처럼 생겼다는 이름으로 가오리오름, 개워리오름, 개월오름으로 불리기도 한다."
갯거리오름,제주특별자치도 서귀포시 대포동,1889833,12,outdoor,outdoor:공원/산/오름/전망대/해안,A01,A0101,A01010400,자연관광지,국립공원,산,126.4578470138,33.3101086116,"갯거리오름은 도로변에 위치한 거린사슴 동측으로 이어져 있는 오름으로, 거린사슴과 가파른 고갯길을 사이에 두고 갈리어 있는 별개의 원추형 화산체이다. 거린사슴 중턱의 도로가에서는 운전자들이 쉴 수 있는 간이 휴게공간이 마련되어 있어 제주도 남서부지역의 풍광은 물론 서귀포시에서부터 모슬포 해안까지의 바다경치를 만끽할 수 있는 전망대가 되고 있다. 갯거리오름으로 불리고 있는 오름이 한림읍 명월리 문수동 동쪽에도 있다. 오름 남쪽에 제주의 역사가 묻어나는 장소로 당시 희생자들이 묻힌 만벵듸 묘역이 있어 추모의 시간을 가져 볼 수 있다."
거린사슴,제주특별자치도 서귀포시 1100로 823,1890152,12,outdoor,outdoor:공원/산/숲길/오름/전망대,A01,A0101,A01010400,자연관광지,국립공원,산,126.4543696003,33.3073171985,"거린사슴은 기생화산으로 분화구는 서쪽으로 벌어진 말굽형의 형태이다. 한라산 중턱에 있는 오름 중에 사슴과 관련된 이름으로 지어진 오름 중의 하나이며 실제로 사슴이 살았다고 해서 거린사슴이라 불리고 있으며, 거리다는 갈라지다의 옛말로 오름이 두 개의 봉우리로 갈리어져 있음을 말한다. 도로가 오름을 관통하여 지나며 오름의 기슭에는 휴게소 겸 전망대가 만들어져 있다. 이 전망대는 탁 트인 풍경과 서귀포 시내를 한눈에 내려다볼 수 있다. 오름의 전사면 둘레에는 많은 나무가 자라 무성한 숲을 이루며, 동쪽에 갯거리오름이 있고 서귀포 자연휴양림이 위치한다. 거린사슴은 오름 등반, 서귀포 시내 조망, 피톤치드 가득한 숲길 산책까지 일석삼조를 얻을 수 있는 관광지이다."
거린사슴전망대,제주특별자치도 서귀포시 1100로 791 (대포동),3015782,12,outdoor,outdoor:둘레길/산/섬/숲길/오름,A02,A0205,A02050600,역사관광지,다리/대교,유명건물,126.4550112359,33.3062367724,"거린사슴오름의 기슭에 있는 전망대이다. 1100도로 서귀포자연휴양림에서 서귀포 방면으로 내려가다 보면 있다. 서귀포에서 야경을 볼 수 있는 곳들이 흔치 않고 밤에 오름을 올라가기에도 어려움이 있는데 거린사슴전망대는 차로 바로 이동할 수 있어 야경을 즐기기에도 적합한 곳이다. 서귀포 시가지와 앞바다가 한눈에 들어오는 경치 좋은 곳으로 서귀포 앞바다에 위치한 숲섬, 범섬, 문섬 들의 전경이 아름답게 펼쳐진다. 한라산 중턱에 있는 오름 중에 사슴과 관련된 이름으로 지어진 오름 가운데 하나이며 실제로 오름에는 사슴이 살았다고 전해지고 있다. 서귀포의 명승지들이 파노라마 형태로 표시해 둔 사진에 잘 설명되어 있어 이해를 돕고 있다. 이곳에 약 1㎞ 정도 되는 아름다운 숲길인 거린사슴전망대 둘레길이 있는데 원래 민유림 임도로 사용했던 길을 정비하여 제주도민들과 관광객들을 위한 산책로를 조성한 것이다. 아직 많이 알려지지 않아 혼자 조용히 걷기 좋은 명상의 숲길이다. 소나무와 삼나무, 편백나무, 자연림이 한데 어울려 자라는 산책로를 걷다 보면 숲에서 뿜어져 나오는 맑고 신선한 공기는 몸과 마음을 정화시켜 준다. 이곳의 위치는 제주에서 단풍도 잘 드는 곳이라 가을 방문도 좋겠다. 거리가 짧아 노인이나 어린이들도 걷기에 적당한 코스여서 가족 산책길로도 추천한다."
거슨새미오름,제주특별자치도 제주시 구좌읍 송당리 산145,1918646,12,outdoor,outdoor:공원/둘레길/산/숲길/오름,A01,A0101,A01010400,자연관광지,국립공원,산,126.7610119406,33.4521283086,"거슨세미오름은 제주시 구좌읍 대천동 사거리에서 송당을 잇는 비자림로에 위치해 있다. 이 오름 서남쪽 굼부리(분화구)에는 한라산쪽으로 거슬러 흐르는 샘이 있어 거슨새미 라고 부른다. 서쪽으로 벌어진 말굽형 오름으로 북쪽에는 안돌오름과 밧돌오름이 있고 남쪽에는 칡오름, 민오름이 있다. 오름 입구에서 왼쪽으로는 샘을 거쳐 정상으로 가는 길, 오른쪽으로는 비자나무 산림욕장, 삼나무와 편백나무 숲길이 이어지는 둘레길과 연결되어 있다. 둘레길은 어린아이와 노약자들도 충분히 탐방이 가능할 만큼 평탄한 구간으로 산책과 함께 산림욕을 즐길 수 있다. 이 곳의 비자나무는 송당리민들이 직접 조림한 것으로 비자나무 열매를 채취하고 판매하여 주민소득 창출의 기회가 되고, 이곳을 찾는 여행자들에겐 멋진 산림욕장을 제공하고 있다."
걸시오름,제주특별자치도 제주시 1100로 2558-73 (노형동),1918965,12,outdoor,outdoor:공원/산/오름,A01,A0101,A01010400,자연관광지,국립공원,산,126.4941248902,33.4126617414,"걸시오름은 제주특별자치도 제주시 연동에 있는 오름이다. 오름의 모습이 문빗장으로 쓰이는 ㄱ자형의 걸쇠를 닮았다고 해서 걸시오름, 걸세오름, 걸서오름 등으로 불리고 있다. 말굽형의 화구를 끼고 양쪽 등성이가 길쭉하게 뻗어 내린 것이 U자에 가까운 형태로 침식이 상당히 진행되었고 한라산 쪽은 새로운 용암에 의해 덮여 있다. 식생은 해송과 삼나무가 주종을 이루고 있어 울창한 숲을 이루고 있으며 특히 묘지가 많아 대부분이 가족 묘지들로 조성되어 있다. 한라산 국립공원의 원시림 지대와 제주도 중 산간 지대의 전형적인 초지 지대가 만나는 곳으로써 한라산의 수목 한계선이 뚜렷하게 구분되는 지역이며 인위적 요인에 의한 식생의 천이 과정이 잘 나타나고 있기도 하다."
검은노루,제주특별자치도 서귀포시 대정읍 상모로 257,2873679,39,indoor,indoor:음식점 | outdoor:산,A05,A0502,A05020100,음식점,한식,한식,126.2617326224,33.2238983821,"검은노루는 제주 서귀포시 대정읍에 위치한 음식점으로, 국수 요리와 수육을 주메뉴로 선보인다. 일반적인 메뉴 구성과는 다른 개성 있는 요리를 만날 수 있다. 국수의 면이 일반적으로 사용하는 중면이 아닌, 굵고 탱탱한 칼국수 면발을 사용하며, 국물이 진해 진한 육수의 맛을 느낄 수 있다. 또한 수제 고기산적은 기다란 돔베(도마) 위에 구운 목살, 앞다릿살, 양파, 새우, 버섯 등이 올려져 나오며, 이외에도 목갈비와 구운 채소, 다양한 소스를 함께 즐길 수 있는 ‘노루한판’은 여럿이 함께 나눠먹기 좋은 구성이다. 가게 내부는 빈티지하고 엔틱한 소품들이 배치되어 있어 인테리어를 보는 것도 또 하나의 즐거움이 된다."
경미네집,제주특별자치도 서귀포시 성산읍 일출로 259,2758836,39,indoor,indoor:식당/음식점 | outdoor:산,A05,A0502,A05020100,음식점,한식,한식,126.9334967787,33.4612828593,"제주의 대표적인 관광 명소인 성산 일출봉 근처에 있는 경미네집은 제대로 된 간판도 없이 입소문만으로 유명해진 식당이다. 이 집의 해물 라면은 양은 냄비에 투박하게 끓여 나오는데 싱싱한 문어와 오징어, 조개가 가득 들어있으면서도 저렴한 가격으로 실속 있게 음식을 즐길 수 있다. 인원수대로 라면을 주문하면 밥은 서비스로 나온다. 아삭아삭한 김치와 함께 먹으면 시원함이 배가 된다. 성게가 가득 올라간 성게 밥과 바로 조리하여 쫀득한 식감이 좋은 전복죽도 일품이다. 오래된 분식집처럼 정감 있는 곳에서 맛보는 따뜻한 음식들이 마음마저 따뜻하게 한다."
경성수산,제주특별자치도 제주시 한림상로 111,2870515,39,indoor,indoor:식당/음식점 | outdoor:산,A05,A0502,A05020100,음식점,한식,한식,126.2648059954,33.4099473082,"경성수산은 한림종합운동장 근처에 있다. 제주 토박이가 직접 잡은 자연산 해산물, 양식 해산물 등 다양하게 준비하고 있으며 저렴하고 깨끗한 회포장 전문점이다. 식당 내에는 테이블이 4개 정도 있다. 방어, 고등어, 참돔 등 제철 활어를 깨끗하게 손질해 주며 딱새우도 먹기 좋게 껍질을 제거해 준다. 여행자들이 숙소로 포장해 가는 경우가 많으며 매장에서도 간단히 시식할 수 있다. 포장의 경우 1시간 이내 취식을 추천한다. 한림항, 옹포항과도 가깝다."
고근산,제주특별자치도 서귀포시 서호동 1287,127051,12,outdoor,outdoor:공원/산/섬/오름,A01,A0101,A01010400,자연관광지,국립공원,산,126.5139125656,33.2668281661,"고근산은 서귀포 신시가지를 감싸고 있는 기생화산으로 정상에 깊지 않은 원형 분화구를 가지고 있다. 그리 높은 곳에 자리 잡고 있지는 않지만 탁 트인 곳에 있기 때문에 산봉우리에 서면 멀리는 마라도에서부터 지귀도까지 제주 바다와 서귀포시의 풍광을 한눈에 조망할 수 있다. 특히 밤바다와 함께 어우러진 서귀포 칠십리 야경을 감상하기 좋은 장소로 알려져 있으며 남동사면 중턱의 머흔저리라고 하는 곳은 예전에 국상을 당했을 때 곡을 하던 곡배단이 있고, 남서사면 숲 비탈에는 꿩사냥 하던 강생이(강아지)가 떨어져 죽었다고 전해지는 강생이궤(수직동굴)가 있다. 오름 중턱에 삼나무, 편백나무, 해송, 상수리나무, 밤나무 등이 조림되어 있고, 정상 부근에는 자연석과 어우러져 사스레피나무, 예덕나무, 산철쭉이 군락을 이루고 있으나 예전에는 드물게 해송이 있는 풀밭 오름이었다고 한다. 전설상의 거신 설문대 할망이 심심할 때면 한라산 정상부를 베개 삼고 고근산 굼부리에는 궁둥이를 얹고 앞바다 범섬에 다리를 걸치고 누워서 물장구를 쳤다는 재미있는 전설이 전해오고 있다. 최근 산책과 운동을 위하여 방문객이 늘면서 새로운 운동 휴양명소로 떠오르고 있다."
고내포구,제주특별자치도 제주시 애월읍 고내리 1111-4,2791433,12,outdoor,outdoor:공원/해안,A01,A0101,A01011400,자연관광지,국립공원,항구/포구,126.3379150223,33.4670588041,"제주시 애월읍에 자리한 고내 포구는 에메랄드빛 제주 바다를 감상할 수 있는 애월읍 해안도로를 따라 달리다 보면 지나게 되는 작은 포구이다. 여유롭고 고즈넉한 어촌 마을의 분위기가 가득한 이곳은 맑고 깨끗한 바다와 올레길 16코스로 인해 관광객이 많이 찾는 곳이다. 바다를 향해 길게 나 있는 방파제에는 사진을 찍으려는 사람들은 물론, 의자를 펴고 취미 낚시를 즐기는 사람을 종종 볼 수 있다. 물이 워낙 맑아서 바다를 들여다보면 물고기가 돌아다니는 모습이 직접 보일 정도다. 제주 올레길 16코스의 시작이자 15코스의 종점이기도 하다."
고배기동산,제주특별자치도 서귀포시 안덕면 광평리 산67,2819599,12,outdoor,outdoor:공원/산,A01,A0101,A01010400,자연관광지,국립공원,산,126.3817114923,33.3308301199,"서귀포 안덕면 광평리에 위치한 고배기 동산은 제주 4·3 사건 당시 사라졌던 광평리 마을을 1955년 재건하면서 한라산 아래 첫 마을 사람들에게 삶의 터를 내어준 자연에 감사하는 마음을 담아 만든 숲이다. 과거에는 ‘고백’이라는 사람이 살았다고 해서 ‘고백이 동산’이라고 불렸다고 한다. 고배기 동산 곳곳에 편안하게 휴식을 취할 수 있는 그물망 침대와 벤치도 마련되어 있다. 아무도 없는 숲 속에서 바람에 흔들리는 나뭇잎 소리, 지저귀는 새소리를 들으며 조용히 시간을 보내기 좋다."
고불락,제주특별자치도 제주시 애월읍 고내로7길 45-12,1867998,39,indoor,indoor:식당/음식점 | outdoor:해안,A05,A0502,A05020100,음식점,한식,한식,126.3366095862,33.4667893686,"100년 된 고택에서 먹는 힙한 노포감성의 식당, 고불락을 소개한다. 고불락은 대한민국에서 유일하게 상추효소밥을 먹을 수 있는 식당이다. 고불락은 제주시 애월읍에 있는 가정식 백반 맛집으로, 100년이 넘은 고택을 음식점으로 리모델링해 영업하고 있다. 가게가 골목길에 위치해 차량을 가지고 왔다면 골목길 앞에 있는 무료주차장, 애월 해안도로 주차장을 이용하는 것을 추천한다. 100년이 넘은 만큼 가게는 아담하고 정겨운 분위기가 난다. 집에서 먹을 법한 가정식 백반을 판매하는 곳으로, 상주밥 정식과 고등어쌈밥이 대표 메뉴다. 상추밥 정식은 고불락의 시그니처 메뉴인 상추효소밥을 흑돼지 제육볶음, 국과 함께 제공한다. 상추에 효소밥, 제육볶음을 얹어 들깨소스와 찍어 먹으면 상추의 아삭함과 드레싱의 달콤함, 그리고 제육볶음의 맛이 어우러지는 걸 느낄 수 있다. 

(출처 : 제주 문화관광 홈페이지)"
고사리커피,제주특별자치도 제주시 구좌읍 중산간동로 2064,2863927,39,indoor,indoor:음식점/카페 | outdoor:산/오름,A05,A0502,A05020900,음식점,한식,카페/전통찻집,126.7640945189,33.4734065616,고사리커피는 제주의 바다와 오름만큼 아름다운 제주의 숲을 담고 있는 공간이다. 측면으로 낸 통창으로 고사리가 피어난 깊고 몽환적인 제주의 숲에 앉아 잠시 쉬어갈 수 있다. 가마솥에 덖어낸 귤피차와 스페셜티 원두의 에스프레소가 블렌딩 된 티커피인 고사리커피와 제주 수제 청귤청과 스페셜티 아메리카노가 블렌딩 된 청귤커피는 오직 고사리커피에서만 맛볼 수 있는 음료이다. 또 고소한 우리 쌀 누룽지와 1등급 원유 크림치즈로 만든 글루텐프리 치즈케이크와 국내산 쌀가루와 프랑스산 천연발효버터를 사용해 만든 글루텐프리 쌀 다쿠아즈도 판매하고 있다.
고산일과해안도로,제주특별자치도 서귀포시 대정읍 영락하동로 9-6,2779522,12,outdoor,outdoor:공원/산/오름/해안,A01,A0101,A01010500,자연관광지,국립공원,자연생태관광지,126.2099419548,33.2564245360,"고산일과해안도로는 차귀도항에서 신도리를 거쳐 일과 사거리에 이르는 약 12㎞의 해안도로이며, 해가 지는 방향에 있어 노을이 가장 아름다운 구간 중에 하나이며 '노을해안로'라고도 불린다. 천천히 해안도로를 따라가다 보면 소박한 어촌의 풍경과 차귀도의 낙조를 감상할 수 있다. 고산리에서 신도리로 향하다 보면 수월봉과 엉알해안을 만난다. ‘노꼬물 오름’이라고도 불리는 수월봉은 77m의 작은 오름이며, 오름이 바닷가 방향으로 돌출되어 있어 탁월한 전망을 자랑한다. 엉알해안은 제주도의 숨은 비경 31곳 중 하나에 선정된 아름다운 제주의 대표 자연경관이다. 해안절벽이 독특한 퇴적층 모양을 하고 있으며, 유네스코에서 지정한 세계 지질공원에 속해있다. 올레 12코스에 속해있어 드라이브가 아니더라도, 도보여행을 즐길 수 있다.

(출처 : 제주 문화관광 홈페이지)"
고살리 숲길,제주특별자치도 서귀포시 남원읍,2661519,12,outdoor,outdoor:계곡/공원/산/숲길/트레킹,A01,A0101,A01010400,자연관광지,국립공원,산,126.5984790990,33.3172933815,"고살리는 계곡에 샘을 이룬 터와 주변을 말하며 연중 물이 고이고 흐르는 곳으로서 하례리 마을의 상징이기도 하다. 제주도 남단에 위치한 남원읍 하례리는 2013년 환경부 지정 자연생태우수 마을로 지정된 곳이다. 자연환경과 생태가 잘 보존이 된 곳임을 입증하였고, 이를 인정받은 것이다. 
한라산 남쪽의 첫 마을인 하례리에는 고살리라 부르는 샘이 있으며 이곳을 출발로 생태 하천 옆을 지나는 자연 탐방로가 만들어져 있다. 바로, 제주 곶자왈 숲을 온전히 보여주는 고살리 숲길이다.
촉촉한 제주의 속살을 온몸으로 느낄 수 있는 곳이지만 일반 사람들에게 많이 알려지지 않아 조용하고 여유로운 산책을 즐길 수 있는 숲길이다. 난대림의 상록수가 주를 이루고, 다양한 식물이 함께 자라고 있는 이곳은 사람의 손길이 닿지 않아 자연 그대로의 모습을 그대로 간직하고 있다.
그만큼 길이 평탄치 않고 고르지 않으니 조심히 걸어야 한다. 또한 마을 주민들의 삶과 자연이 살아가는 이야기를 들을 수 있는 하례리 생태관광 프로그램으로 고살리 숲길 트레킹을 진행하고 있다.
오전 10시와 오후 2시 두 타임으로 진행되는 고살리 숲길 트레킹의 홈페이지 사전 신청은 필수다. 편도 2.1㎞의 이 숲길은 쉬지 않고 꼬닥꼬닥 걷다 보면 왕복 두 시간 정도가 소요된다. 또한 고살리숲길에서 빼놓을 수 없는 사진 포인트로 사시사철 물이 고여 있는 속괴를 놓치지 말고 담아가는 것이 좋다."
고서방 짬뽕,제주특별자치도 제주시 인다5길 11-5 (아라일동),2807119,39,indoor,indoor:식당/음식점 | outdoor:산,A05,A0502,A05020400,음식점,한식,중식,126.5481604303,33.4759667087,"고서방 짬뽕은 제주 현지의 신선한 해산물을 재료로 한 짬뽕을 판매하는 중식당이다. 고추짬뽕과 우삼겹짬뽕이 인기메뉴이며, 탕수육은 흑돼지 등심을 사용해 바삭하고 담백한 맛이며, 소금에 찍어 먹는 것이 별미이다. 자극적이지 않은 건강한 맛의 짬뽕과 다양한 사이드 메뉴를 즐길 수 있다. 하절기에는 밀면스타일의 냉우동도 판매하고 있다. 가게 내부가 크지는 않지만 깨끗하고 위생을 잘 지키고 있으며, 웨이팅이 있을 만큼 많은 사람들이 방문하고 있다."
고성오일시장,제주특별자치도 서귀포시 성산읍 고성오조로 93,132159,38,outdoor,indoor:쇼핑/시장 | outdoor:산,A04,A0401,A04010100,쇼핑,5일장,5일장,126.9127293498,33.4518891163,"고성장은 제주도 동부 관광명소인 성산일출봉이 있는 성산읍사무소 소재지 마을인 고성리에 위치하고 있으며 국도 12번 도로에 접하고 있다. 1984년 현재 위치로 이설 한 후, 성산읍 주민은 물론 인근 우도면과 구좌읍 주민들도 이용하는 비교적 큰 5일장이다. 도심의 오일시장과는 사뭇 다른 시골장터 분위기를 느낄 수 있다. 특별한 상품보다는 청과물, 수산물, 정육, 생활용품, 의류, 농기구, 잡화 등 생활에 필요한 모든 물품이 갖추어져 있어 없는 것이 없다는 표현이 어울린다. 그리고 근처에는 제주 명소들이 인접해 있어 부담없이 둘러볼 수 있다. 성산읍의 정취와 정겨움을 느끼고 싶다면 고성오일시장을 방문해 보는 것을 추천한다."
고스트타운,제주특별자치도 제주시 애월읍 부룡수길 35-14,2759120,12,mixed,indoor:식당/카페/펜션 | outdoor:공원 | mixed:관광단지/테마파크/파크,A02,A0202,A02020600,역사관광지,관광단지,테마공원,126.3568659412,33.4763969581,"고스트타운은 유령을 소재로 하여 유령의집, 유령미로, 공포가상현실 등 이색체험을 비롯하여 휴양 펜션, 해물요리전문테마식당, 카페, 편의점 등 쉴 곳과 각종 먹거리까지도 준비되어 있는 종합 테마파크이다. 제주 고스트타운은 가족, 친구들과 함께 방문하기 좋은 장소로, 신비롭고 색다른 여행을 선사한다.

(출처 : 고스트타운 홈페이지)"
고요산책,제주특별자치도 제주시 중앙로12길 5 1층,2904549,39,indoor,indoor:시장/음식점/카페 | outdoor:산,A05,A0502,A05020900,음식점,한식,카페/전통찻집,126.5238756154,33.5118484611,"고요산책은 제주시 중앙로 천주교 중앙교회 근처에 있다. 북&코워킹 스페이스, 여행자를 위한 북 라운지로 책을 읽을 수 있는 조용한 공간이다. 공간 사용료를 지불하면 음료를 무료로 제공하며 공정무역 커피, 차, 쿠키 등이 준비되어 있다. 2,000여 권이 넘는 책을 보유하고 있고 조용한 공간을 통해 고요한 휴식을 취할 수 있다. 주변 여행지로 제주성지, 삼성혈, 제주 동문시장 등이 있다."
고이정,제주특별자치도 제주시 애월읍 애월로 6,2759061,39,indoor,indoor:음식점,A05,A0502,A05020100,음식점,한식,한식,126.3113536176,33.4593342400,"매일 자정까지 운영하는 흑돼지 근고기와 제주 가브리살 전문점이다. 고이정이라는 이름은  ‘고’기 맛이 ‘이’래도 되나 싶을 ‘정’도라는 말을 의미한다. 점심시간에 방문하면 흑돼지, 김치찌개, 공깃밥이 인원수에 맞게 나오는 세트 메뉴 주문이 가능하다. 기본 찬은 쌈무, 양파장아찌, 파절임, 열무김치, 백김치, 옥수수 콘 등이 나오는데 특히 파절임은 새콤해서 고기와 함께 싸 먹기에 알맞다. 고기를 주문하면 숯불 위에 놓인 볏짚에 흑돼지를 초벌구이해 준다. 그리고 다시 불판 위에서 익어가는 근고기는 비계와 살코기의 비율이 좋아 보기만 해도 먹음직스럽다. 청양고추를 송송 썰어 넣은 멸치젓 소스에 듬뿍 찍어 먹으면 제격이다.		

*도민상회 5번째 매장"
고집돌우럭 중문점,제주특별자치도 서귀포시 일주서로 879 (색달동),2831590,39,indoor,indoor:음식점 | outdoor:해수욕장 | mixed:관광단지,A05,A0502,A05020100,음식점,한식,한식,126.4167184145,33.2580109376,"서귀포 중문관광단지 근처에 있는 고집돌우럭은 제주 제철음식을 전문으로 하는 토속음식점이다. ‘갓 지어 고슬고슬 맛난 밥을 대접한다’, ‘제주에서 가장 신선한 식재료만을 사용하겠다’, ‘눈으로 먹는 음식이 맛도 좋다’는 세 가지 고집을 신념으로 하며 제주 우럭의 참맛을 알리는 데 노력하고 있다. 메뉴는 우럭조림과 낭푼밥을 포함하는 런치와 디너 코스요리 각 네 가지씩 선보이고 있으며 2인분 이상 주문할 수 있다. 정갈하게 한상차림으로 나와 든든한 한끼를 먹을 수 있다. 룸이나 단체석도 준비되어 있어 가족모임, 단체모임에도 적합하다. 주변 여행지로는 중문 색달해수욕장과 대포주상절리가 있다."
고토커피바,제주특별자치도 제주시 애월읍 구엄동3길 56,2863913,39,indoor,indoor:음식점/카페,A05,A0502,A05020900,음식점,한식,카페/전통찻집,126.3809026350,33.4810246035,"고토커피바는 제주 구엄포구 근처 골목길 안쪽에 조용히 자리한 감성 카페로, 일반 가정집을 리모델링해 독특하고 따뜻한 분위기를 자아낸다. 카페의 가장 인상적인 인테리어는 커피 바 앞쪽에 설치된 통창 스테인드글라스로, 공간 전체에 은은한 빛과 감각적인 분위기를 더해준다. 원래 거실이었던 공간은 커피 바로, 나머지 두 개의 방은 깔끔하고 아늑하게 꾸며져 있어 각기 다른 분위기에서 커피를 즐길 수 있다. 전체적으로 감각적이면서도 따뜻한 인테리어 덕분에 어느 방향에서든 사진을 찍기 좋은 포토 스팟이 많다. 대표 메뉴는 필터커피와 부드럽고 진한 풍미의 테린느이며 이 외에도 아인슈페너, 크림소다 등 다양한 커피와 음료 메뉴가 준비되어 있어 취향에 따라 선택할 수 있다."
골목식당,제주특별자치도 제주시 중앙로 63-9 (이도일동),2857289,39,indoor,indoor:시장/식당/음식점 | outdoor:산,A05,A0502,A05020100,음식점,한식,한식,126.5250282923,33.5118512570,"골목식당은 제주 동문재래시장 중앙로 쪽 끝, 동문 골목시장 안에 자리 잡은 숨은 맛집으로, 제주산 꿩고기를 사용한 메밀 칼국수로 유명하다. 일반적인 칼국수집과 달리, 이곳은 꿩고기와 꿩 뼈를 우려낸 깊고 진한 육수에, 손반죽으로 직접 만든 메밀국수를 넣어 독특하면서도 깊은 풍미를 자랑한다. 골목식당은 무려 50년 넘게 같은 자리에서 장사를 이어온 전통 있는 식당이다. 메밀국수는 밀가루 국수에 비해 잘 끊어지고, 처음엔 다소 밋밋하게 느껴질 수 있으나, 국물과 어우러질수록 씹는 맛과 고소한 풍미가 살아나며 은근한 중독성을 자랑한다. 자극적인 맛보다는 자연스럽고 깊은 맛을 선호하는 사람들에게 특히 사랑받고 있다."
골목카페옥수,제주특별자치도 제주시 소길1길 19,2852311,39,indoor,indoor:음식점/카페,A05,A0502,A05020900,음식점,한식,카페/전통찻집,126.3799286479,33.4397708216,"골목카페옥수는 소길리종합복지회관 근처 골목 안쪽에 있다. 할머니 옛집을 개조하여 카페를 운영하고 있으며 작은 마당에는 귤나무와 꽃들이 있고, 검은 개 모모가 반긴다. 오래된 카펫, 자개장 문을 뜯어 만든 테이블, 할머니 빗자루, 모티브 가방 등 빈티지한 소품이 오래된 집과 조화를 이룬다. 당일 만든 에그타르트가 유명하며 시그니처인 할매라떼는 미숫가루와 에스프레소를 섞은 진한 음료이다. 주변 여행지로 상가리야자숲, 고내봉이 있다.
※ 반려동물 동반 불가"
골체오름캠핑,제주특별자치도 제주시 조천읍 번영로 1648-41,2739395,28,outdoor,outdoor:레포츠/산/오름/캠핑,A03,A0302,A03021700,레포츠소개,수련시설,"야영장,오토캠핑장",126.7043529744,33.4518024351,"골체오름캠핑은 한가운데에 잔디 운동장이 있어 아이들이 마음껏 뛰어놀기에 좋은 가족캠핑장이다. 축구공, 배드민턴, 캐치볼, 줄넘기, 훌라후프 등을 무료로 대여해 주고 있어 편하게 놀 수 있는 곳이다. 야영장 한가운데 잔디광장이 있어서 어린이들이 안전하게 노는지 엄마들은 텐트 안에서도 지켜볼 수 있어 좋다. 산뜻하면서도 깔끔한 분위기의 화장실은 장애인용 화장실까지 완벽하게 구비되어 있으며, 데크 바닥인 일반 야영장 6면을 갖췄다. 각 사이트마다 분전함이 설치되어 있어 전기 사용도 편하다. 캠핑장 주변으로는 거문 오름, 우진제비 오름, 민 오름, 부대 오름, 부소 오름 등 수많은 이야기가 전해지는 오름과 평원이 많아 산책하기에 좋다. 계절마다 다르고, 날씨에 따라 다르고, 시간 때마다 다르며, 심지어 사람의 심리에 따라서도 달리 보이는 게 제주 오름이라고 한다. 그만큼 계절과 날씨, 시간 때에 따라 감상하기 좋은 것이 오름인데 이 캠핑장 주변에 오름들이 많다."
곰막식당/곰막,제주특별자치도 제주시 구좌읍 구좌해안로 64,2759096,39,indoor,indoor:식당/음식점,A05,A0502,A05020100,음식점,한식,한식,126.7205186105,33.5568605164,"전복죽 전문점인 곰막식당의 깨가 듬뿍 들어간 전복죽은 첫술부터 진한 고소함을 느낄 수 있다. 깊은 바다향이 나는 성게 국수와 회국수 역시 이 집의 대표 메뉴이며 비린내 없이 담백하다. 이곳은 생면으로 국수를 만들어 쫄면같이 쫄깃쫄깃한 식감이 입맛을 더 돋운다. 활어회도 인기 메뉴로 매일 지하 80m에서 염지하수를 끌어올려 사용하기 때문에 더욱더  싱싱한 회를 먹을 수 있다. 인기 많은 맛집답게 기본 반찬은 제공하지만, 이후에는 주류, 음료, 추가 반찬, 물, 물티슈, 국물, 앞치마 등을 셀프로 가져와야 한다."
공천포식당,제주특별자치도 서귀포시 남원읍 공천포로 89,2781375,39,indoor,indoor:식당/음식점,A05,A0502,A05020100,음식점,한식,한식,126.6425958686,33.2664163660,"공천포식당은 잔잔하고 검은 모래가 있는 서귀포의 공천 포구 인근에 자리 잡은 한식당이다. 된장과 고춧가루를 넣어 맛을 낸 시원한 육수에 깻잎과 김 가루로 감칠맛을 더한 물회가 유명하다. 해삼, 한치, 소라 중 원하는 재료를 골라 주문하면 커다란 대접에 시원한 물회와 정갈한 밑반찬, 밥 한 공기가 함께 나와 푸짐한 한 상이 차려진다."
곽지국시,제주특별자치도 제주시 일주서로 6027,2851862,39,indoor,indoor:식당/음식점/카페 | outdoor:산/해수욕장/해안,A05,A0502,A05020100,음식점,한식,한식,126.3078791556,33.4488492351,"곽지국시는 제주시 애월읍 곽지리, 곽지해수욕장 부근 길가에 있는 아담한 국숫집이다. 사골육수에 수육을 올려주는 고기국수와 멸치국물에 새우를 올려주는 곽지국수가 대표 메뉴다. 그 밖에 열무국수, 비빔국수, 콩국수가 있고 함께 먹기 좋은 왕만두가 있다. 식당 내부는 넓지 않지만 가성비 좋은 곳에서 가볍게 한 끼 식사를 할 수 있어 찾는 이들이 많다. 또 혼밥도 가능하지만 재료 소진 시 일찍 문을 닫기도 한다. 벽면 가득 연예인들이 채워놓은 사인과 방문객들의 포스트잇 리뷰가 재미있다. 주변에 곽지과물해수욕장, 한담해안산책로, 애월 카페 거리 등이 있다."
곽지해수욕장,제주특별자치도 제주시 애월읍 곽지리 1565,127870,12,outdoor,outdoor:공원/산/오름/해수욕장,A01,A0101,A01011200,자연관광지,국립공원,해수욕장,126.3031045774,33.4485353054,"제주시에 위치한 곽지해수욕장은 입지가 좋아 주변에 청소년 수련장이 설치되고 단체 피서객이 많이 찾는 제주 명소이다. 곽지리는 선사시대의 패총이 발견되었을 정도로 유서 깊은 마을이다. 지금의 곽지해수욕장은 옛날에 마을이 들어서 있던 곳이었으나, 어느 날 갑자기 모래에 파묻혔다는 전설이 전해온다. 곽지해수욕장 끝머리에는 과물노천탕이 있다. 과물은 한라산에서 흘러내리기 시작한 물이 땅속으로 스며들어 100리를 내려와 곽오름을 배경으로 바다에서 솟는 달콤한 물이라는 뜻이다. 과물노천탕은 남탕과 여탕으로 나뉘어 있고 해수욕장에서 놀고 난 후 바닷물을 씻어내기에 안성맞춤이다."
관덕정(제주),제주특별자치도 제주시 관덕로 19,126460,12,unknown,,A02,A0201,A02010100,역사관광지,고궁,고궁,126.5219701925,33.5132954930,"제주도 내에서 오래된 건축물 중의 하나인 보물 관덕정은 조선 시대 세종 30년(1448)에 목사 신숙청이 사졸들을 훈련하고 상무 정신을 함양할 목적으로 이 건물을 세웠다. 관덕정이란 이름은 [사이관덕]이란 문구에서 나온 것으로 활을 쏘는 것은 평화 시에는 심신을 연마하고 유사시에는 나라를 지키는 까닭에 이를 보는 것은 덕행으로 태어난 곳이다. 대들보에는 십장생도, 적벽대첩도, 대수렵도 등의 격조 높은 벽화가 그려져 있고, 편액은 안평대군의 친필로 전해오고 있다."
관음사(제주),제주특별자치도 제주시 산록북로 660 (아라일동),126456,12,outdoor,outdoor:산,A02,A0201,A02010800,역사관광지,고궁,사찰,126.5581440803,33.4237615317,"한라산 650m 기슭에 자리한 대한불교 조계종 제23교구 본사 관음사는 제주의 30여 사찰을 관장하는 제주불교의 중심이다. 그 힘의 근원은 제주의 불교역사에서 찾을 수 있다. 제주의 여러 신화, 전설, 민담을 통해 괴남절(제주 방언으로 관음사), 개남절, 동괴남절, 은중절이라고 전해지며 고려 성종 때 지리서인 <신증동국여지등람>에 관음사의 기록이 남아있고, 조선시대에도 존재했던 것으로 알려져 있다.
조선이 유교를 숭상하여 1702년 이형상 목사에 의해 제주 지역 사찰이 전부 훼철되고 관음사도 사라지게 되었다. 200년의 명맥불교를 유지하다가 1908년 안봉려관 스님에 의해 중창되었다. 스님은 지역의 반대에 부딪히면서도 해월굴에서 3년간 관음기도를 드리며 법당과 요사를 완공했다. 뒤이어 통영 영화사 등지에서 불상과 탱화를 모셔 와 사찰의 모습을 갖추게 되었다. 절의 외형을 갖추는 불사가 일단락되자, 제주 중심지인 중앙로에 시내 포교당인 대각사를 세워 제주 도민과 함께 호흡하는 적극적인 포교활동을 펼쳤다. 이에 따라 오랜 시간 맥이 끊겼던 제주의 불교가 관음사를 중심으로 살아나기 시작했다. 그러나 1939년 불이나 대웅전 등이 모두 불타 없어졌고, 이어 1948년 제주 4·3사건 당시 관음사의 위치가 전략적 요충지였기 때문에 토벌대와 입산 무장대가 관음사를 중심으로 서로 첨예하게 대치하는 과정에서 모든 전각이 소실되었다.
한라산이 입산 금지가 풀리면서 지난 1969년부터 대웅전을 시작으로 선방, 영산전, 해월각, 사천왕문, 일주문, 종각 등을 다시 지어 지금의 모습을 갖게 됐다. 관음사에서는 템플스테이 체험이 이루어지고 있으며 교원 직무연수교육, 달빛 동동(걷기 치유 명상), 토요 명상여행, 행복 명상&힐링, 만다라 체험 등을 운영하고 있다.

◎ 한류의 매력을 만나는 여행 정보 - 드라마 <이상한 변호사 우영우>
우영우 일행이 제주행을 떠난 이유는 황지사라는 이름의 사찰에 엮인 사건 때문이었다. 그런데 이 사찰, 예뻐도 너무 예뻐 많은 시청자가 촬영지를 궁금해했는데 이곳의 실제 이름은 ‘관음사’이다. ‘관음사’는 제주의 30여 사찰을 관장하는 제주 불교의 중심이 되는 사찰이다. 연등이 걸려 있는 하늘부터 마음을 정화하는 사찰, 해월궁 등 볼거리가 많은 장소이다."
관음사야영장,제주특별자치도 제주시 산록북로 588 (오등동),2726675,28,outdoor,outdoor:계곡/레포츠/산/캠핑,A03,A0302,A03021700,레포츠소개,수련시설,"야영장,오토캠핑장",126.5495254192,33.4222115659,"한라산 관음사 지구 야영장은 제주시 북쪽 아라동에 위치하고 있다. 제주시 시내에서 자동차로 20분 정도면 닿는다. 제주대학교를 거쳐 110도로 방면으로 우회전하여 제2 신비의 도로를 지나면 관음사 초입에 다다르고, 곧이어 관음사 지구 야영장이 나온다. 30여 개의 사이트로 구성돼 있는 이곳은 획일적으로 나뉘지 않고 자연스럽게 구성돼 있다. 모닥불이나 숯불 사용은 금지되고 휴대용 버너를 이용한 조리만 가능하다. 야영장 주변엔 상록활엽수림인 녹나무와 참나무 그리고 침엽수인 삼나무가 숲을 이루고 있어 자연 생태를 관찰할 수도 있다. 해발 620m에 자리 잡고 있어 제주시 도심 인근에서 한라산 품에 안겨 캠핑을 즐길 수 있으며 백록담까지는 8.7㎞ 코스로 계곡이 깊고 산세가 웅장한 한라산의 진면목을 볼 수 있다."
광명사(제주),제주특별자치도 서귀포시 중문상로17번길 51,778296,12,outdoor,outdoor:오름/캠핑/폭포,A02,A0201,A02010800,역사관광지,고궁,사찰,126.4190406356,33.2490452970,"광명사는 제주 서귀포시 중문상로의 천제연폭포와 베릿네오름 사이에 있는 태고종 소속의 작은 사찰이다. 기미독립운동이 일어나기 1년 전인 1918년 제주도 내 스님과 지식인들이 일으킨 무오법정사 항일항쟁을 주도한 방동화 스님이 창건하였다. 창건 역사는 100년이 채 되지 않은 사찰이지만 도내 최초의 대규모 항일항쟁의 발상지로서 후손들에게 애국심과 민족의식을 고취하는 역할을 자임하고 있는 애국애족 실천 도량이다. 올레길 8코스를 거쳐가다 보면 볼 수 있으며, 주변에 가볼 만한 곳으로는 천제연폭포, 베릿네오름, 중문진실캠핑장이 있다."
광양해장국집,제주특별자치도 제주시 광양13길 25 (이도이동),1861336,39,indoor,indoor:음식점,A05,A0502,A05020100,음식점,한식,한식,126.5326251248,33.4999471402,"제주시 이도2동에 위치한 해장국 전문점이다. 가게 앞에 넓은 주차장이 있어 주차가 불편한 동네에 위치해있지만 걱정하지 않아도 된다. 이곳은 1987년부터 장사를 시작해 현재까지 역사와 전통을 이어가고 있는 노포이다. 내부는 굉장히 넓어 한꺼번에 많은 인원이 들어와도 문제없다. 메뉴는 소뼈해장국, 해장국, 내장탕이 있다. 소뼈해장국은 먹기 좋은 크기의 소뼈가 가득 들어가 있는 해장국이다. 마치 갈비탕이나 감자탕을 연상케 하는 비주얼이다. 이곳의 최고 인기 메뉴는 해장국이다. 다른 곳과 달리 양지가 아닌 아롱사태가 들어가 있어 색다른 느낌을 준다.

(출처 : 제주 문화관광 홈페이지)"
광이멀스테이,제주특별자치도 제주시 월각로 151,2940391,32,indoor,indoor:숙박/카페/펜션/호텔 | outdoor:해변,B02,B0201,B02010700,숙박시설,관광호텔,펜션,126.3048803787,33.4058844989,"광이멀스테이 풀빌라는 제주도 한림읍 상대리에 위치한 옛 부터 돌이많은 언덕이라고 불리는 광이멀에 위치한 풀빌라 펜션이다. 돌담 넘어 청보리밭과 푸른 협재해변이 기다리는 곳으로 아름다운 제주의 자연 속에서 휴식과 치유의 기억을 남길 수 있다. 바베큐시설, 스파시설 등 특별한 기억을 남길 수 있는 편의 시설들이 있고 카페도 마련되어 있어 펜션 내에서 향기로운 커피와 음료, 디저트를 즐길 수 있다."
광치기해변,제주특별자치도 서귀포시 성산읍 고성리 224-33,2564158,12,outdoor,outdoor:공원/산/해변/해수욕장,A01,A0101,A01011200,자연관광지,국립공원,해수욕장,126.9246505478,33.4515393485,"성산일출봉에서 섭지코지로 향하는 길목에 있는 광치기 해변은 제주올레 1코스의 마지막이자 2코스가 시작되는 곳이다. 펄펄 끓던 용암이 바다와 만나 빠르게 굳어지며 형성된 지질구조가 특징이며, 특히 썰물 때는 바닷물에 가려져 있던 비경들이 속속들이 드러나 숨은 비경을 선사한다. 용암 지질과 녹색 이끼가 연출하는 장관은 전 세계 어디서도 볼 수 없는 풍경을 자아내어 많은 사진작가가 찾는 사진 명소이기도 하다. 특히 성산일출봉 옆으로 뜨는 일출을 한 프레임에 담을 수 있어 연말연시에 많은 사람들이 찾는다. 광치기 해변의 모래는 현무암의 풍화작용으로 오랜 세월에 걸쳐 만들어진 입자로, 검은색을 띠는 것이 특징이다. 

(출처 : 비짓제주)"
괴오름,제주특별자치도 제주시 애월읍 봉성리 산41,1918950,12,outdoor,outdoor:공원/산/오름,A01,A0101,A01010400,자연관광지,국립공원,산,126.3754586925,33.3560883410,"괴오름은 제주시 애월읍 봉성리에 위치한 오름이다. 북돌아진오름과 이웃한 오름으로 고양이 등처럼 구부러진 모양을 하고 있어서 괴오름이라 부르고 있으며, 북쪽으로 벌어진 말굽형 화구의 굼부리 형태이다. 주요 식생은 잡목으로, 자연림이 울창한 숲을 이루면서 숲그늘 아래에는 새우난, 복수초, 천남성 등이 자생하고, 오름 주변 목장에는 갯취가 분포하고 있다. 지형이 마치 고양이 모양으로 생겼다는 데서 괴오름 또는 괴미라고 불리었으며, 괴(고양이)는 돝(돼지) 따위와 같이 우리나라 옛말이 제주방언으로 남아있는 예이기도 하다."
교래 삼다수마을,제주특별자치도 제주시 조천읍 교래3길 98,128443,12,outdoor,indoor:음식점 | outdoor:계곡/공원/산/숲길/오름,A02,A0203,A02030100,역사관광지,농.산.어촌 체험,농.산.어촌 체험,126.6746449016,33.4315819724,"교래 삼다수마을은 교래리 마을 전체를 새로운 관광지로 조성한다는 목표 아래 마을과 제주개발공사가 손잡고 탄생시킨 곳이다. 교래 삼다수마을은 교래리의 지역명과 제주 삼다수를 합친 명칭으로, 삼다수 생수 수원 발생지이기 때문에 삼다수마을로 불리고 있다. 동남쪽으로는 넓고 푸른 목장지대와 오름이 펼쳐져 있고 서남쪽으로는 울창한 숲과 계곡이 아름다운 풍경을 이룬다. 2018년 1월 지질공원 대표명소로 추가 지정·고시되었으며, 지질학적 가치가 높은 교래곶자왈, 교래리 퇴적층, 맨틀 포획암, 돌문화공원, 산굼부리 등이 위치해 있다. 생태적 측면에서 삼나무 숲길을 중심으로 희귀 식물인 붓순나무와 활 칠 나무 군락지가 있으며, 다양한 생물들이 공존하고 있다. 역사문화적 측면에서 본향당과 산마장, 잣성, 사냥터 등의 유적지가 분포하고 있다. 제주개발공사와 교래리 마을 간의 협력에 의해 지질공원 대표명소로 확대된 최초의 사례라는 측면에서 중요한 의미가 있다. 삼다수마을 숲길 시작점에는 제주 삼다수의 가치를 알리는 물홍보관이 있으며 방문 전 예약해야 관람할 수 있다. 또한 토종닭유통특구로, 이를 활용한 다양한 토속 음식점들이 자리 잡고 있어 여행의 다양한 재미를 충족시킬 수 있는 마을이다."
교래손칼국수(원조교래손칼국수),제주특별자치도 제주시 조천읍 비자림로 645,2759603,39,indoor,indoor:음식점 | outdoor:산/숲길/오름,A05,A0502,A05020100,음식점,한식,한식,126.6760057906,33.4361675979,직접 손으로 반죽해서 뽑은 초록색 생면과 진한 닭 국물이 인상적인 교래손칼국수는 제주의 느낌을 살린 건물 외관이 특징적이다. 넓은 주차장은 물론 버스 정류장 바로 앞에 있어 방문하기에도 매우 편하다. 내부도 매우 넓은 편이지만 항시 손님들로 붐벼 대기해야 하는 일이 잦으니 3시 이전 방문자들은 예약하는 게 좋다. 인기 메뉴는 진한 국물이 일품인 토종닭 칼국수와 바지락 칼국수이며 곁들여 먹는 깍두기와 배추김치도 깔끔하다. 든든한 식사 후 근처에 있는 거문오름과 사려니숲길을 산책하는 것도 좋다.
구두리오름,제주특별자치도 서귀포시 표선면 가시리 산 158-2,1918984,12,outdoor,outdoor:공원/산/오름/휴양림,A01,A0101,A01010400,자연관광지,국립공원,산,126.6885413552,33.4124065362,"구두리오름은 가시리와 교래리의 경계에 있는 오름으로, 한자어로 구두리(九斗里)로 쓰이며, 구돌악(狗乭岳)으로도 표기하는데, 모양새가 개(狗)의 머리와 비슷하여 구두악이란 이름이 붙었다고도 한다. 은오름 자연휴양림 입구 맞은편으로 들어가고 산세는 꽤 높은 데다 좁고 가파른 사면을 이루고 있다. 현재 굼부리는 말굽형으로 되어 있지만, 처음에는 원형이었던 것이 한쪽이 침식되면서 말굽 모양으로 변한 것으로 보고 있다. 전사면은 자연림과 조림되어진 삼나무, 측백나무, 소나무 등이 울창하게 자라나고 있으며, 봄철에는 정상에 피어있는 복수초와 노루귀 같은 야생화들을 만날 수 있다."
구두미포구,제주특별자치도 서귀포시 보목동,2781394,12,outdoor,outdoor:공원/섬,A01,A0101,A01011400,자연관광지,국립공원,항구/포구,126.5965116372,33.2368272299,"구두미포구는 소형 보트들만 정박할 수 있는 작은 포구이다. 구두미포구가 있는 지역이 거북이의 머리와 꼬리를 닮았다고 해서 구두미라고 부른다. 이 포구는 제주올레 6코스로 소천지와 보목포구를 연결한다.
구두미포구는 섶섬과 가장 가까운 곳이자 아름다운 제주의 석양을 오롯이 담을 수 있는 사진 명소로 더욱 유명하다. 비교적 한적한 스노클링과 다이빙 스폿으로 인기를 끌면서 이곳이 유명해졌다. 아직 이곳을 잘 모르는 사람들은 배가 정박하는 포구 정도로만 생각하고 지나갈 수 있지만, 이제는 입소문이 나 이젠 사람들로 가득하다. 다만, 유명해진 만큼 포구에 쓰레기가 많아졌다. 포구에서 물놀이를 즐긴 뒤에는 다른 관광객과 환경을 위해 뒤처리를 깨끗하게 처리해야 한다."
구시물,제주특별자치도 제주시 애월읍 상귀리 884,1621059,12,outdoor,outdoor:공원/산,A01,A0101,A01011000,자연관광지,국립공원,약수터,126.4097117919,33.4565305490,"구시는 나무와 돌로 수로[水路]를 파 만든 것을 말한다. 구시물은 성[城]동산 북쪽 기슭 샘물로 삼별초의 식수원이었다. 이 물을 보호하기 위하여 성[城]밖인데도, 외성[外城]을 쌓아 나무로 구시를 만들어, 깨끗이 관리하였고, 아무리 가뭄이 닥쳐도 마르지 않는 질 좋은 생수라서 콜레라가 유행할때도 고성은 한 사람도 희생자가 없었다고 한다."
구씨커피로스터스,제주특별자치도 제주시 구좌로 21 1층,2906163,39,indoor,indoor:음식점/카페 | outdoor:해수욕장,A05,A0502,A05020900,음식점,한식,카페/전통찻집,126.8539661237,33.5236580102,"구씨커피로스터스는 세화해수욕장과 일주동로 사이 구좌로에 위치하고 있다. 매일 커피를 볶는 로스터리 카페로 다양한 스페셜티 및 마이크로랏 커피를 핸드드립, 사이폰, 융드립, 에스프레소 등의 추출 방식으로 맛볼 수 있다. 핸드드립 커피를 주문하면 로스팅된 원두를 그라인딩 하여 브루잉하고 선택한 원두의 특징을 기록한 카드와 함께 제공한다. 부드러운 크림커피인 구라테도 인기 메뉴이고, 핸드드립백을 구매할 수 있다. 이 외에도 다양한 음료를 맛볼 수 있다."
구엄리 돌염전,제주특별자치도 제주시 애월읍 구엄리,2779527,12,outdoor,outdoor:공원/해안,A01,A0101,A01011800,자연관광지,국립공원,강,126.3812109878,33.4789303956,"제주 서쪽 해안 도로를 따라 달리다 보면 우리나라 유일의 돌 염전인 ‘소금 빌레’를 만날 수 있다. 구엄리에 자리한 이 돌 염전은 용암이 굳어져 깨진 널찍한 현무암 지대에 흙을 돋우어 칸 칸마다 바닷물을 채우고 햇볕에 말려 천일염을 제조했다. 한때 소금밭의 규모가 4,958㎡에 이를 만큼 구엄리 사람들에겐 중요한 생계수단이었다. ‘염장이’로 불리던 이들은 귀한 소금밭을 큰딸에게만 상속했다. 여성의 생활력이 훨씬 강했던 제주의 특성을 짐작할 수 있는 부분이다. 1950년대까지도 활발하게 운영됐던 구엄리 돌 염전은 육지에서 들어온 값싼 소금에 밀려 결국 사라졌다. 하지만 관광자원으로 새롭게 복원된 돌 염전은 제주 어디서도 만날 수 없는 특별한 풍경을 선물한다. 특히 염전에 물이 찼을 때 거울처럼 맑은 반영 사진을 찍을 수 있어 관광객들의 발길이 이어진다."
구엄어촌체험마을,제주특별자치도 제주시 애월읍 애월해안로 713,129073,12,outdoor,outdoor:산/해안,A02,A0203,A02030100,역사관광지,농.산.어촌 체험,농.산.어촌 체험,126.3772556628,33.4839964391,"구엄어촌체험마을은 돌염전의 역사를 품고 있는 어촌마을로, 아름다운 해안절경을 자랑한다. 북쪽으로는 남해와 접해있고, 서쪽으로는 원내천이 흐르는 대부분의 지역이 평지로 이루어져 있다. 특히, 구엄포구는 거북이 껍질처럼 독특하게 생긴 자연 염전을 볼 수 있는 곳으로, 넓데 드러누운 현무암 위에 차흙으로 둑을 쌓고 그곳에 고인 바닷물이 햇볕에 마르면서 생기는 소금을 생산하던 곳이다. 약 390여 년 동안 품질이 뛰어난 천일염이 생산되다가 해방 이후 폐기되어 소금 생산을 하지 않고 있지만, 2009년에 제주시에서 돌염전 일부를 복원하였다.
이 돌염전을 ‘소금빌레’라고도 하는데, 빌레란 제주어로 ‘너럭바위’를 뜻한다고 한다. 구엄어촌체험마을에서는 선상낚시체험, 바릇잡이체험, 보말조배기 만들기 체험, 투명카약 등의 체험 프로그램을 운영하고 있다."
구엄포구,제주특별자치도 제주시 애월읍 구엄리,2738659,12,outdoor,outdoor:공원/등대/산/해안,A01,A0101,A01011400,자연관광지,국립공원,항구/포구,126.3764112840,33.4843297214,"노을이 아름다운 애월 해안도로를 따라가다 보면 작고 아담한 구엄포구를 만난다. 구엄포구 바로 옆에는 제주의 옛 생활을 엿볼 수 있는 돌염전이 있다. 구엄리 돌염전은 넓게 펼쳐진 현무암 위에서 소금을 생산하던 곳이다. 이곳은 ‘소금빌레’라고도 일컬어지는 곳으로, 구엄리 주민들이 천연 암반지대에서 소금을 생산하던 염전이다. 여기서 ‘빌레’란 너럭바위란 뜻의 제주도 사투리로, 즉 돌소금 밭이라는 뜻이다. 돌염전이 있는 해안길은 국내의 아름다운 해안도로인 해안 누리길로 선정된 바 있다. 구엄포구 한편에는 돌로 만든 도대불도 있다. 도대불이란 어부가 밤중에 고기잡이를 마치고 집으로 돌아올 때 불을 밝혀 안전하게 길잡이 역할을 했던 등대다. 도대불과 소금빌레 모두 제주에서만 볼 수 있는 중요한 해양 문화유산이다."
구이사이,제주특별자치도 제주시 애월읍 신엄9길 2,2759091,39,indoor,indoor:음식점,A05,A0502,A05020100,음식점,한식,한식,126.3685427963,33.4722559343,"제주 착한 가격 업소로 선정된 구이사이에서는 비교적 저렴한 가격에 정식 상차림을 먹을 수 있다. 불고기, 생선구이, 된장찌개, 묵은지, 콩나물무침, 미역국 등이 푸짐하게 나온다. 소정의 요금을 더 내고 특정식을 주문하면 상추와 새우젓, 쌈장과 함께 나오는 돔베고기, 계란말이, 생선조림, 닭볶음탕, 제육볶음 등 그날그날 다른 메뉴가 나온다. 이 가격에 이토록 정성스러운 음식들을 먹어도 되나 할 정도이다. 마치 어머니가 차려주신 아침 밥상 같은 음식을 제공하는 구이사이는 오전 6시부터 운영하며 제주 애월 근처에 있다."
구좌상회,제주특별자치도 제주시 조천읍 선교로 198-5,2763762,39,indoor,indoor:음식점/카페 | outdoor:해변,A05,A0502,A05020900,음식점,한식,카페/전통찻집,126.6988860073,33.4857235955,"월정리 해변가에 위치한 구좌상회는 제주 돌담으로 지어진 옛집 풍경을 간직한 고즈넉하고 아담한 카페이다. 집 두 채를 개조하여 빈티지한 멋스러움을 간직하면서도 통창으로 보이는 경관이 감성을 더욱 자극한다. 시그니쳐 메뉴인 당근케이크는 촉촉한 케이크 시트와 당근이 맛의 조화를 이룬다. 소녀감성 가득한 찻잔에 홍차를 곁들이며 조용하게 감상에 빠져들기 좋다. 테이블과 의자, 식물들이 놓여있는 앞마당은 그 자체가 포토존이다. 제주스러움을 느끼고 싶다면 꼭 가봐야 할 카페이다."
구좌읍 우럭튀김 민경이네어등포식당,제주특별자치도 제주시 해맞이해안로 830,2852379,39,indoor,indoor:식당/음식점 | outdoor:산/해안,A05,A0502,A05020100,음식점,한식,한식,126.8257678765,33.5537681121,"민경이네 어등포해녀촌은 해맞이해안로 구좌농공단지 근처에 있다. 1999년부터 시작한 우럭튀김 정식 맛집으로 2017년에 현재 자리로 이전했다. 통 우럭 튀김에 매콤한 소스가 올려 나오며 민경이 물회국수의 경우 제주식 된장 베이스가 아닌 고추장 양념으로 조리해 여행자들에게 인기다. 이 외에도 전복 뚝배기, 전복죽, 제주산 옥돔구이, 성게국을 맛볼 수 있다."
국수만찬,제주특별자치도 제주시 은남3길 1 (연동),2767696,39,indoor,indoor:식당/음식점 | outdoor:산,A05,A0502,A05020100,음식점,한식,한식,126.4955008644,33.4871618534,"제주에서 맛볼 수 있는 특별한 메뉴인 고기국수는 그 육수와 면 종류가 달라 식당마다 개성이 뚜렷하다. 국수 만찬은 공항에서 멀지 않은 제주시 연동에 자리하고 있는 국수 맛집으로 2007년부터 시작해 오랫동안 자리를 지키고 있는 식당이다. 국수 메뉴로는 고기국수, 멸치국수, 비빔국수가 있으며, 수육과 돔베고기, 아강발 등 다양한 제주 특산 메뉴를 판매한다. 면은 얇지 않은 중간 면을 쓰며 수육이 푸짐하게 올라가 있어 식감이 좋다. 관광객은 물론 현지인들도 많이 방문한다."
국제리더스클럽,제주특별자치도 제주시 조천읍 조함해안로 321-21,2751848,28,mixed,indoor:카페 | outdoor:레포츠 | mixed:테마파크/파크,A03,A0303,A03030300,레포츠소개,윈드서핑/제트스키,요트,126.6524885311,33.5515627877,"‘국제리더스클럽’은 에메랄드빛 제주바다의 위, 아래 모두를 온전하게 즐길 수 있는 사계절 해양레포츠 테마파크이다. 국내 최초로 가족형 반잠수함 체험이 가능한데, 어린이를 포함한 가족, 연인이 오붓하게 승선하여 에메랄드빛 제주바다의 수중 풍경을 즐길 수 있다. 뿐만 아니라 투명카약, 패들보드, 딩기요트, 해녀체험, 패들요가, 선상낚시, 스노클링, 파워요트, 피딩체험 등 각종 수상레저 기구를 통해 제주의 바다를 다이내믹하게 느낄 수 있다. 다양한 수상레저 기구를 완비했고, 휴식과 힐링을 동시에 즐길 수 있는 곳곳의 휴식 공간이 있어 남녀노소 누구나 즐겁다. 특히 북아일랜드 스타일의 클럽하우스와 카페테리아에서 여유를 느낄 수 있고, 인명구조 자격을 보유한 전문 직원들이 곳곳에 배치되어 있어, 누구든지 바다스포츠를 안전하게 즐길 수 있다."
권가칼국수,제주특별자치도 제주시 화삼북로 38 1층,2830485,39,indoor,indoor:음식점,A05,A0502,A05020100,음식점,한식,한식,126.5769319952,33.5171098365,"권가칼국수는 매일 직접 반죽을 하고 면을 뽑는 자가제면소 칼국수집이다. 신선한 재료와 정성스러운 조리로 깊은 국물 맛을 자랑한다. 메뉴에는 담백한 칼국수 외에도 닭곰탕, 해물파전 등이 마련되어 있어, 다양한 요리를 함께 즐길 수 있다. 대표 메뉴인 닭 칼국수는 고소하고 깊은 맛이 특징이며, 또 다른 별미인 조개 칼국수는 깔끔하고 담백한 맛이 나 현지인은 물론 관광객에게도 인기 있는 메뉴이다. 합리적인 가격과 넉넉한 양으로 가성비가 좋다는 점이 또 다른 장점이다. 가게 내부 역시 깔끔하고 청결하여 제주 여행 중 푸짐하고 따뜻한 한 끼를 원한다면 권가칼국수는 들러볼 만한 맛집이다."
궷물오름,제주특별자치도 제주시 애월읍 유수암리,2765234,12,outdoor,outdoor:공원/산/오름,A01,A0101,A01010400,자연관광지,국립공원,산,126.4075105427,33.3971037558,제주시 애월읍 유수암리에 있는 궷물오름은 산이 높지 않고 둘러보는 게 오랜 시간이 걸리지도 않아 가벼운 마음으로 걸을 수 있는 오름이다. 오름 동쪽 굼부리에 ‘궷물’이라는 샘이 솟아난다 해서 붙여진 이름이다. 북동 방향에는 말굽형 분화구가 있고 남동쪽에는 노꼬메 오름이 자리하고 동남쪽에는 족은 노꼬메 오름이 있다. 오름까지 이어진 산책로가 잘 조성돼 있고 땀을 식힐 수 있는 시설이 마련되어 있어 남녀노소 가벼운 마음으로 찾을 수 있다. 가을이면 억새가 넘실대는 풍경이 매우 아름다운 곳이기도 하다.
귀덕바다투명카약,제주특별자치도 제주시 한림읍 귀덕9길 4,3066943,28,outdoor,outdoor:레포츠/산/해수욕장,A03,A0303,A03030200,레포츠소개,윈드서핑/제트스키,카약/카누,126.2911918418,33.4433301386,"한림읍 귀덕 방파제에 있는 귀덕바다투명카약은 한림의 아름다운 바다에서 가족, 연인과 함께 카약을 즐기면서 추억을 남길 수 있는 이색 체험시설이다. 투명한 카약 아래로 보이는 맑은 바다의 풍경이 경이롭고 신비롭다. 구명조끼를 착용하고 체험하며, 물결이 잔잔한 귀덕 방파제 안쪽에서 연습을 먼저 한다. 카약에 적응한 후 넓은 바다로 나가면 카약 옆으로 다니는 물고기를 보며 레포츠를 즐길 수 있다. 인근에는 금성포구, 귀덕궤물동산, 곽지해수욕장, 제주올레길 15코스 등의 관광지가 있다."
귤림서원,제주특별자치도 제주시 이도일동 1438,1960087,12,mixed,mixed:복합,A02,A0201,A02010700,역사관광지,고궁,유적지/사적지,126.5276032002,33.5060574951,"귤림서원은 제사 기능을 가진 충암묘와 교육 기능을 가진 장수당이 복합되어 이루어진 서원이다. 1578년에 제주판관 조인후가 기묘사화로 제주도에 유배되어 사사된 김정의 넋을 위로하기 위하여 그의 적거지에 사묘를 세운 것에서 비롯되었다. 그 후 1660년 제주목사 이괴가 장수당을 건립하였고, 1667년에는 제주판관 최진남이 김정의 사묘를 장수당 남쪽인 현재의 오현단 안에 옮겨 짓고, 이를 사로 하고 장수당을 재로 하여 귤림서원이라 현액하였다. 1682년 신경윤이 제주목사로 있을 때 예조정량 안건지를 제주도에 파견하여 귤림서원으로 사액을 하고 김정, 송인수, 김상헌, 정온의 4현을 봉향하다가 1696년에 이익태 절제사 때 송시열이 추향됨으로써 5현을 배향하게 되었다. 1871년 서원 철폐령에 의해 폐원되었는데, 1892년 제주 사람 김의정이 중심이 되어 귤림서원 자리에 오현의 뜻을 후세에 기리고자 조두석을 세우고 제단을 쌓아 제사를 지내기도 하였다. 2000년 이후 귤림서원 복원 작업에 들어간 제주시는 학생들이 공부하던 장수당과 협문, 돌담 등을 완성한 데 이어, 2007년 8월 향현사 복원을 마무리 지었다. 조선 시대 유학과 유교 문화의 전당으로 제주 유생들의 지주 역할을 하였던 귤림서원이 복원됨으로써 제주 선현의 정신을 되살리는 계기를 마련할 수 있게 되었다."
귤빛캠핑장,제주특별자치도 제주시 조천읍 함와로 428,2734909,28,mixed,indoor:펜션 | outdoor:공원/레포츠/캠핑 | mixed:테마파크/파크,A03,A0302,A03021700,레포츠소개,수련시설,"야영장,오토캠핑장",126.6738044342,33.5039628424,"귤빛캠핑장은 제주 제주시 조천읍 대흘리에 위치하고 있으며 파쇄석 사이트가 총 35개로 구성되어 있고, 전기, 온수, 화장실, 샤워실, 취사장 등의 편의시설을 이용할 수 있다. 텐트가 없을 시에는 4인용 작은 텐트와 카라반, 내추럴하우스, 독채펜션을 예약하여 이용하면 된다. 텐트를 소지하고 있다면 사이트만 대여하여 캠핑을 즐길 수 있다. 인근에 가볼 만한 관광지는 펀테마파크, 선녀와 나무꾼 테마공원, 다희연이 있다."
귤품은흑돼지 제주공항점,제주특별자치도 제주시 도두항서길 42,2870537,39,indoor,indoor:음식점 | outdoor:해안,A05,A0502,A05020100,음식점,한식,한식,126.4639059537,33.5063870002,"귤품은흑돼지 제주공항점은 제주시 도두일동 도두 방파제 앞에 있는 흑돼지 맛집이다. 숙성한 1등급 흑돼지 전문점으로 무한리필 메뉴인 경우 오겹살, 목살, 아다리살, 소시지 등을 제공한다. 흑돼지킹 수제버거의 경우 사이즈가 커서 2인 1버거를 추천하며 치즈를 올려 높게 부풀어 오른 치즈팡팡 계란찜은 세트메뉴에 포함되지만 단품으로도 주문할 수 있다. 해질 때 오션뷰가 아름다우며 주변 여행지로는 도두봉, 무지개해안도로가 있다."
귤향기 감귤체험농장,제주특별자치도 제주시 1100로 3118 (노형동),2765293,12,outdoor,outdoor:산,A02,A0203,A02030100,역사관광지,농.산.어촌 체험,농.산.어촌 체험,126.4857633249,33.4649252707,"귤향기는 제주 노형동에 자리하고 있는 감귤 체험농장으로, 제주 시내와 국제공항과도 가까워 접근성이 좋은 곳이다. 소정의 체험료를 내면 귤을 담을 바구니와 가위 등 체험 장비를 대여해 주고, 1㎏을 가져갈 수 있다. 귤밭에는 예쁘게 꾸며져 있는 사진 명소가 많아 감귤 수확뿐만 아니라 기념사진도 남길 수 있다. 체험하면서 시식도 가능하며, 규모가 큰 편이라 여유롭게 체험할 수 있다. 체험 시기는 계절적 영향으로 변경될 수 있으며, 귤 따기 외에 하귤 청, 풋귤 청 만들기 등의 체험은 반드시 사전 예약을 해야 한다."
그계절,제주특별자치도 제주시 구좌읍 한동로 119,2862117,39,indoor,indoor:음식점/카페 | outdoor:해변/해수욕장,A05,A0502,A05020900,음식점,한식,카페/전통찻집,126.8185162288,33.5320204007,"‘그계절은’은 제주도 구좌읍 평대리에 위치한 플랜테리어 카페이다. 평대리 해변 근처 골목 안쪽에 자리하고 있어 조용하고 아늑한 분위기를 자아낸다. 외부는 초록 식물들로 가득 꾸며져 있으며, 마치 작은 식물원에 온 듯한 인상을 준다. 내부 역시 다양한 녹색 식물들과 자연스러운 목재 가구들이 어우러져 편안하고 따뜻한 분위기를 연출한다. 햇살이 잘 드는 출입문은 이 카페의 대표적인 포토존으로, 많은 사람들이 사진을 남기고 간다. 전체적인 공간은 자연광과 식물이 조화롭게 어우러져 힐링의 시간을 선사한다. 감성적인 인테리어와 고요한 분위기 덕분에 혼자 시간을 보내기에도, 함께 추억을 만들기에도 좋다. 인근에는 평대리 해변, 세화해수욕장, 코난해변 등이 위치해 있어 카페 방문 후 함께 둘러보기에 좋은 여행지이다."
그라나다,제주특별자치도 제주시 도공로 86-1,2847812,39,indoor,indoor:음식점/카페 | outdoor:산/해안,A05,A0502,A05020900,음식점,한식,카페/전통찻집,126.4640755386,33.4994960994,"그라나다 카페는 제주공항 활주로 옆에 있다. 비행기가 뜨고 내리는 모습을 가장 가까이에서 볼 수 있는 카페다. 옥상에 올라가면 하늘을 나는 비행기를 배경으로 사진을 찍을 수 있다. 2층 창을 통해서는 제주공항 활주로가 훤히 내려다 보이며 바닷가 카페이지만 바다는 보이지 않고 한라산을 향해 창이 나 있다. 근처 여행지로 도두봉, 무지개해안도로가 있으며 공항 가기 전 들르기 좋은 카페이다."
그라벨호텔,제주특별자치도 제주시 일주서로 7316 (외도일동),2917270,32,indoor,indoor:숙박/호텔 | outdoor:해변/해안,B02,B0201,B02010100,숙박시설,관광호텔,관광호텔,126.4286648899,33.4924157657,"그라벨호텔은 제주 외도동 연대포구 근처에 있다. 그라벨은 gravel(자갈)과 Bell(아름다움. 프랑스어)의 조합 명사로 아주 아름다운 자갈이라는 뜻이다. 제주 유일의 역빈 해안인 알작지 해변 근처에 있어 지어진 이름이다. 모던하고 심플한 객실과 연회장, 비즈니스룸, 미팅룸 등을 갖추고 있다. 루프탑에는 인피니티풀이 있으며 최상층 클럽라운지가 있고, 알작지레스토랑, 풀사이드바 등 편의시설이 있다. 제주 공항과 가깝고 주변 여행지로 알작지해변, 이호테우해변, 연대포구 등이 있다."
그랜드 조선 제주,제주특별자치도 서귀포시 중문관광로72번길 60,2819964,32,indoor,indoor:숙박/호텔 | mixed:관광단지,B02,B0201,B02010100,숙박시설,관광호텔,관광호텔,126.4063028265,33.2501588629,"에메랄드 빛 바다와 천혜의 경관을 그대로 마주하고 있는 그랜드 조선 제주는 제주 대표 관광지가 모여있는 중문관광단지에 위치하여 풍부한 주변 볼거리를 제공한다. 제주의 바다를 닮은 넓고 고요한 객실은 일상을 벗어난 편안한 여유의 시간을 즐기기에 최적의 공간이다. 특히 그랜드 조선 힐 스위트는 완벽한 공간분리를 통해 오직 서로에게만 집중하고 싶은 허니무너들에게 가장 달콤하고 프라이빗한 시간을 선사한다. 미식의 즐거움을 책임지는 6개의 레스토랑과 바 그리고 사계절 온수풀, 피트니스, 스파, 키즈클럽까지 다양한 서비스와 컨텐츠를 통해 즐거움으로 가득찬 여정을 선사한다."
그랜드 하얏트 제주,제주특별자치도 제주시 노연로 12 (노형동),2876795,32,indoor,indoor:리조트/몰/쇼핑/숙박/호텔 | outdoor:야외 | mixed:복합/월드,B02,B0201,B02010100,숙박시설,관광호텔,관광호텔,126.4814715703,33.4852923931,"63빌딩의 1.8배 규모인 연면적 30만 3737㎡, 높이 169m(38층)를 자랑하는 제주 최대 높이, 최대 규모의 랜드마크이다. 제주 고도제한선(55m)보다 높이 위치한 1,600 올스위트 객실, 월드클래스 셰프들이 포진해 있는 14개의 글로벌 레스토랑&바, 인피니티 풀을 포함한 8층 야외풀데크, 38층 스카이데크를 비롯해 HAN컬렉션 K패션 쇼핑몰, 2개의 프리미엄 스파, 8개의 연회장 등 라스베이거스, 싱가포르, 마카오에서나 볼 수 있는 세계적인 수준의 복합리조트이다. 제주국제공항에서 차량으로 10분거리(5㎞)이며 제주의 강남이라고 불리는 신제주 관광 중심지에 위치하고 있다."
그러므로 파트2 (part2),제주특별자치도 제주시 수목원길 16-14 (노형동),2852374,39,indoor,indoor:음식점/카페 | outdoor:수목원/야외/정원,A05,A0502,A05020900,음식점,한식,카페/전통찻집,126.4858965666,33.4684609925,"그러므로 파트2는 제주 한라수목원 근처에 위치한 카페이다. 모던하면서 고급스러운 단층 건물에 넓은 정원이 있으며, 이곳 정원에 있는 꽃밭과 작은 숲의 배경이 포토존이 된다. 또한 꽃밭에서는 계절별로 다르게 피는 꽃도 구경할 수 있다. 야외에도 테이블과 의자를 배치해 두어 날씨가 좋은 날 따뜻한 햇살과 함께 커피를 즐기기에 좋다. 이곳의 시그니처 메뉴는 얼음이 들어가 있지 않고, 시원한 우유를 베이스로 하여 만든 라떼 메리하하이다. 디저트 카페로 알려진 만큼 예쁜 케이크 종류가 있고, 원두를 직접 볶는 로스터리 카페이기 때문에 커피 맛집으로도 알려져 있다."
그럼외도,제주특별자치도 제주시 월대3길 16,2830500,39,indoor,indoor:음식점/카페,A05,A0502,A05020900,음식점,한식,카페/전통찻집,126.4340393810,33.4942462039,"제주특별자치도 외도 이동 바닷가에 있는 돌집을 개조한 소박한 카페이다. 바닷가에 있지만 바다는 보이지 않고, 골목에 간판도 없이 숨겨져 있다. 작은 마당에는 카페가 두 채로 나뉘어 있고, 문갑, 창호 문, 항아리 같은 오래된 물건들과 화분이 조화로운 감성 카페이다. 대기 손님들에게는 진동벨 대신 숫자가 써진 돌멩이를 주고, 에이드류는 빈티지 유리컵에 서빙한다. 시그니처는 증편과 돌멩이라테다. 돌멩이라테는 커피를 돌멩이처럼 얼려 우유와 함께 제공한다. 제주 감성을 담은 독특한 메뉴와 편안한 분위기로 여행자들에게 인기가 많다."
그레이그로브,제주특별자치도 서귀포시 안덕면 형제해안로 70,2861390,39,indoor,indoor:음식점/카페 | outdoor:산/해안,A05,A0502,A05020900,음식점,한식,카페/전통찻집,126.2998264940,33.2258737598,"그레이그로브는 제주 서귀포시 사계해안가의 형제해안도로를 따라 위치한 감성적인 카페로, 사계마을의 오래된 창고를 개조해 만든 독특한 공간이다. 창고의 구조와 느낌을 살리면서도 세련된 인테리어로 재탄생한 이곳은 제주의 고즈넉한 정취와 따뜻한 감성을 동시에 느낄 수 있다. 이곳에서는 유명 로스터리에서 공급받는 신선한 원두를 사용해 커피를 내린다. 특히 커피를 주문할 때는 고소하고 부드러운 맛의 원두와 달콤한 과일향이 풍기는 원두 중 하나를 선택할 수 있어, 취향에 맞는 커피를 즐길 수 있다. 그레이그로브에는 마스코트 고양이인 '보름이'가 있어 고양이를 좋아하는 방문객들에게는 또 다른 즐거움을 선사한다. 2층으로 올라가면 사계리 해안과 웅장한 산방산을 한눈에 바라볼 수 있어, 아름다운 제주의 풍경을 감상하며 여유로운 시간을 보낼 수 있다."
그리운바다성산포,제주특별자치도 서귀포시 성산읍 성산등용로 94,2859164,39,indoor,indoor:음식점 | outdoor:산/해변,A05,A0502,A05020100,음식점,한식,한식,126.9299885503,33.4698901853,"그리운바다성산포는 제주 성산포 종합여객터미널로 들어가는 길목, 입구 초입에 자리한 고등어회 전문 횟집이다. 성산 지역을 오가는 택시 기사님들의 추천 맛집으로 입소문이 나있다. 신선한 재료와 정갈한 맛으로 많은 손님들의 발길을 사로잡고 있다. 매일 아침 직접 공수한 싱싱한 해산물을 바탕으로 고등어회, 갈치회, 고등어구이 등을 제공하고 있다. 이외에도 고소하고 진한 국물 맛이 일품인 전복 성게미역국, 매콤하고 시원한 회국수 등도 함께 인기 메뉴로 제공된다.  기본 메뉴 외에도 코스로 주문하면 제주 황게장이 서비스로 제공되어 푸짐한 식사를 즐길 수 있다. 가성비와 맛을 골고루 갖추고 있어 관광객 뿐만 아닌 현지인들에게도 꾸준히 사랑받고있다. 인근에는 성산일출봉, 광치기해변, 섭지코지 등 함께 둘러보기 좋은 여행지가 있다."
그린마일커피 애월점,제주특별자치도 제주시 애월로 137-1,2904622,39,indoor,indoor:음식점/카페 | outdoor:해변,A05,A0502,A05020900,음식점,한식,카페/전통찻집,126.3220136946,33.4640949919,"그린마일커피 애월점은 애월 한담해변으로 가는 마을길에 있다. 사이폰커피를 하는 집으로 로스터리 카페이기도 하며 원두 납품과 홈카페용 원두도 판매한다. 시즌 디저트로 미니호박마차, 천도복숭아갈레트 등과 사이폰 커피로 스페셜티 원두를 때마다 선정하여 제공한다. 카페 운영을 하고자 하는 사장님을 대상으로 원두 납품, 커스텀 블랜딩 상담도 하는 진정한 커피 전문 카페이다. 주변 여행지로 고내포구, 고내봉 등이 있다."
그린페블,제주특별자치도 제주시 한림읍 수동7길 54-3,2871986,39,indoor,indoor:미술관/음식점/카페 | outdoor:산/오름,A05,A0502,A05020900,음식점,한식,카페/전통찻집,126.2483810957,33.3449292436,"그린페블은 제주올레길 14 코스에 있는 농촌 경관을 보유하고 있는 카페이다. 제주 시골 풍경을 볼 수 있는 힐링카페로 제주 석창포 재배 단지에서 직접 키운 석창포를 이용해 만든 차를 맛볼 수 있다. 대표 메뉴는 에티오피아와 콜롬비아, 인도산 원두의 조화로운 아메리카노 이다. 이 외에도 콜드브루와 홍차, 석창포, 두유가 만난 시그니처 비건음료인 석창포 밀콩티가 또 다른 대표메뉴이다. 그린페블에서는 수제 초콜릿 만들기와 석창포 티블랜딩 등의 체험 프로그램도 진행하고 있다. 주변에 함께 둘러보기 좋은 여행지로 저지 문화 예술인 마을, 저지 오름, 제주현대미술관 등이 있다."
그옛맛,제주특별자치도 제주시 서사로24길 12,1872476,39,indoor,indoor:음식점,A05,A0502,A05020100,음식점,한식,한식,126.5185930442,33.4984915228,"그옛맛은 삼도일동에 있는 돌솥밥 전문점이다. 이곳은 대우정이라는 음식점으로 시작하여 현재까지 영업 중인 향토음식점이다. 그옛맛에서는 전복 돌솥밥, 영양 돌솥밥, 돌솥 정식 등 다양한 메뉴를 제공한다."
그초록,제주특별자치도 제주시 구좌읍 행원로7길 23-16,2786082,39,indoor,indoor:음식점/카페 | outdoor:정원/해안,A05,A0502,A05020900,음식점,한식,카페/전통찻집,126.8062778418,33.5563369572,"제주 동쪽의 아름다운 월정리해안도로에 자리한 카페다. 이름 그대로 공간 구석구석 초록빛 나무와 식물들로 싱그러운 감성이 묻어난다. 빈티지한 가구와 나무 소재의 소품들이 많아서 전체적으로 아늑하고 따스한 분위기가 매력이다. 바다가 바라보이는 아담한 정원도 자리해 여유롭게 쉬어가기 좋다. 이곳의 대표메뉴는 아보카도커피. 언뜻 어울릴 것 같지 않지만, 커피 특유의 쌉쌀함이 부드러운 아보카도와 어우러져 색다른 맛의 조화를 자랑한다. 신선한 아보카도를 푸짐하게 넣은 아보카도 샌드위치도 인기메뉴다. 간판에도 아보카도가 그려져 있고 관련 굿즈도 판매한다."
글라글라하와이,제주특별자치도 서귀포시 대정읍 하모항구로 70,2843749,39,indoor,indoor:음식점 | outdoor:산,A05,A0502,A05020200,음식점,한식,서양식,126.2513363972,33.2196098046,"글라글라하와이는 제주 서귀포 모슬포항에 위치해있다. 제주에서 잡은 신선한 해산물과 제주산 감자를 이용해 하와이 음식을 선보이는 이색 음식점이다. 인테리어는 태평양의 트로피컬 한 이미지로 꾸며져 있고, 외관도 이국적이어서 매장 안팎에서 사진 찍는 여행자가 많다. 음식과 함께 즐길 수 있는 제주 수제 생맥주를 판매하며, 구좌 당근케이크 같은 디저트류까지 다양한 메뉴가 준비되어 있다. TV 맛집 전문 프로그램에 소개된 바 있다. 모든 메뉴는 포장 판매도 한다. 근처 함께 둘러보기 좋은 여행지로 알뜨르비행장, 송악산 등이 있다."
글로스터호텔 제주,제주특별자치도 제주시 삼무로 57 (연동),3089186,32,indoor,indoor:센터/숙박/카페/호텔,B02,B0201,B02010100,숙박시설,관광호텔,관광호텔,126.4926621543,33.4901448115,"글로스터호텔 제주는 제주공항에서 차량으로 10분 거리에 위치하고 있는 18층 건물의 비즈니스 호텔이다. 객실은 슈페리어, 디럭스, 트리플, 패밀리, 스위트 등 10가지 타입의 룸이 있다. 이외에도 조식 서비스를 제공하는 스칼렛 가든 레스토랑과 1층 로비에 카페가 있다. 세미나와 결혼식이나 피로연이 가능한 다양한 크기의 연회장이 있으며 24시간 사용할 수 있는 비즈니스 센터와 편의점이 1층에 있다. 주변에는 드림타워 카지노, 신라 면세점, 누웨마루 특화거리의 각종 맛집과 놀거리가 인접해 있고, 호텔 밀집 지역에 위치하고 있어서 인프라 시설이 잘 갖춰져 있다."
금강민물장어,제주특별자치도 서귀포시 일주동로 8597,404128,39,indoor,indoor:음식점,A05,A0502,A05020100,음식점,한식,한식,126.5695496912,33.2543165395,"서귀포에 위치한 금강민물장어는 장어 구이 전문점으로 주메뉴는 다양한 장어 구이이다. 특별한 한방소스, 고추장 소스를 곁들여 장어의 고소한 맛을 그대로 느낄 수 있다. 이외에도 왕소금구이, 매운맛고추장구이 등 여러가지 소스를 찍어 다른 맛을 느낄 수 있고 덮밥과 장어탕도 판매해 간단한 식사를 장어로 즐기고 싶을 때 좋다. 홍합탕, 육회, 두부김치, 샐러드 등 갖가지 다양한 밑반찬도 제공되고 있다. 별실이 예약제로 운영이 되고 있어 가족 모임이나 단체 식사에도 적합하다."
금능석물원,제주특별자치도 제주시 한림읍 한림로 176,127860,12,outdoor,indoor:전시 | outdoor:공원/수목원,A01,A0101,A01010700,자연관광지,국립공원,수목원,126.2267487402,33.3854910837,"똑같이 생긴 하르방만 본 여행객들에게 제주 석물의 진수를 감상할 수 있게 하는 곳이 바로 금능석물원이다. 금능석물원은 40여 년을 돌하르방 제작에 힘쓴 장공익 명장이 조성한 공원이다. 돌하르방을 비롯해 해녀상, 동자상, 물허벅을 지고 아이를 돌보는 어머니상 등 제주 지역의 전설을 돌로 표현한 작품, 제주의 생활, 민속, 문화를 상징하는 조각품들이 전시되어 있다. 세계 여러 나라의 대통령과 총리, 지도자들이 제주도를 방문했을 때 선물했던 돌하르방 모형도 함께 전시해 놓았다. 금능석물원의 전체적인 분위기를 주도하는 불교적인 색채가 묻어나는 석불들도 볼 수 있다. 금릉석물원 내에는 정녀굴과 조롱굴 2개의 동굴이 있으며 굴 안에는 불공을 드릴 수 있는 암자가 있다."
금능원담축제,제주특별자치도 제주시 한림읍 협재리 2696-1 금능해수욕장특설무대,2555759,15,outdoor,outdoor:산/해수욕장,A02,A0207,A02070200,역사관광지,문화관광축제,일반축제,126.2340841383,33.3888630479,"제16회 금능원담축제가 2025년 8월 23일~24일, 제주시 한림읍  금능해수욕장 일대에서 개최된다. 이번 축제는 제주 고유의 어로문화 유산인 ‘원담’을 보존하고 전승하기 위해 지역 주민들이 주관하는 대표 행사로, 원담의 역사와 구조를 실제로 배우고 체험할 수 있다.
첫째 날에는 원담 해설 프로그램을 통해 선조들의 어로 지혜와 원담 기능에 대한 설명이 진행되며, 공동체 전통 방식을 재현한 선진그물 고기잡기 체험이 진행된다. 둘째 날에는 맨손 고기잡기 체험과 테왁 수영 대회가 열려 참가자들이 직접 참여할 수 있고, 깅이 잡기, 노래자랑, 댄스 경연 등 다양한 즐길 거리도 마련되어 있다.
상시 체험 부스로는 원담 걷기, 고망낚시등이 있어 축제 분위기를 한껏 높인다.
입장료는 무료이며, 체험 프로그램 일부는 유료이며 아름다운 금능해수욕장을 배경으로 가족 단위 방문객부터 젊은 층까지 모두 만족할 수 있는 풍성한 문화 체험의 장이다."
금능포구,제주특별자치도 제주시 한림읍 금능리,2946074,12,outdoor,outdoor:등대/산/해수욕장,A02,A0203,A02030100,역사관광지,농.산.어촌 체험,농.산.어촌 체험,126.2351090186,33.3902295795,금능포구는 활기찬 해수욕장과는 또 다른 분위기로 한적하고 평화로운 바다의 모습을 감상할 수 있는 곳이다. 작은 선박들이 드나드는 작은 포구로 아담한 느낌이 있다. 어선들이 정박해 있는 모습이 마치 그림처럼 아름답다. 이곳은 2022년도 TVN 방영 드라마 <우리들의 블루스> 드라마 속 많은 장면의 배경이 된 곳이며 해녀들의 대화 장소였던 정자가 있는 공터도 드라마를 본 이들에겐 특별하다. 극 중 박정준(김우빈)이 버스를 주차해 두고 이영옥(한지민)과 오붓한 시간을 보내곤 했던 장소이기 때문이다. 그 뒤로 보이는 방파제로 들어서면 귀여운 벽화가 그려져 있고 그 끝에 하얀 등대가 있다. 그 주변에는 많은 돌탑들이 쌓여있는데 하얀 등대와 돌탑을 배경으로 멋진 풍경 사진을 찍으며 추억을 남기기 좋은 장소이다.
금능해수욕장,제주특별자치도 제주시 한림읍 금능길 119-10,591866,12,outdoor,outdoor:공원/해변/해수욕장,A01,A0101,A01011200,자연관광지,국립공원,해수욕장,126.2360339355,33.3903434702,"제주시 한림읍에 위치한 금능해수욕장은 서쪽의 인기 명소인 협재해수욕장과 바로 이어져 있다. 파란 물감을 풀어놓은 것 같은 바다부터 생김새가 귀여운 비양도, 촉감이 보슬거리는 모래사장까지 이웃한 해변과 비슷한 풍경을 품고 있지만 그보다 사람이 붐비지 않아 여유로운 것이 매력이다. 주차장과 해변이 바로 연결되어 있어 짐을 옮길 때도 부담이 없다. 새로 신축된 샤워실은 온수 샤워가 가능해 편리함을 갖췄다. 이곳을 방문할 땐 물이 빠지는 간조 시간에 맞춰 가기를 추천한다. 바닷물이 멀리까지 빠지면 넓고 고운 모래사장이 드러난다. 곳곳에 수심이 얕고 어린아이도 놀기 좋은 천연 풀장이 만들어진다. 빠져나간 바닷물이 남겨 놓은 해조류나 작은 보말 등은 자연스럽게 아이들의 장난감이 된다. 덕분에 아무런 준비 없이 찾아도 재미있게 즐길 수 있다. 단, 해변 입구에 작게 부서진 조개껍질이 모래와 섞여 있어 되도록 물놀이용 신발 착용을 권한다."
금능해수욕장 야영장,제주특별자치도 제주시 한림읍 금능길 119-10,2907715,28,outdoor,outdoor:레포츠/캠핑/해변/해수욕장,A03,A0302,A03021700,레포츠소개,수련시설,"야영장,오토캠핑장",126.2360339355,33.3903434702,금능해수욕장은 협재해수욕장과 구분이 어려울 만큼 하나로 이어져있다. 북적북적 화려한 협재에 비하면 금능해수욕장은 소박해 보인다. 금능해수욕장에 위치한 금능해수욕장 야영장은 높이 20~30m의 야자수 숲 아래 위치하고 있다. 야영장에는 주차가 불가하고 해변 뒤편 무료주차장에 주차한 후 야영장으로 이동해야 한다. 야영장 구역 내 자유롭게 캠핑이 가능하다. 캠핑은 무료이며 샤워실과 세척장등 부대시설은 여름 해수욕장 개장 시기에만 일정 비용을 내고 사용할 수 있다. 화장실은 해수욕장 공용 화장실을 이용하면 된다.
금돈가 제주본점,제주특별자치도 제주시 가문동남길 63 1층,2906174,39,indoor,indoor:식당/음식점 | outdoor:해변/해안,A05,A0502,A05020100,음식점,한식,한식,126.3911377809,33.4843271774,"금돈가 제주 본점은 제주 애월 해안도로 가문동포구 근처에 있다. 제주 숙성 흑돼지를 특수 불판에 참나무 펠렛을 태워 구워먹는 참나무장작구이 흑돼지전문점이다. 직원의 숙련된 솜씨로 직접 구워주며, 참숯이나 연탄구이와 다른 담백함과 풍부한 육즙이 특징이다. 점심메뉴의 경우, 흑돼지에 김치찌개, 볼케이노 계란찜이 함께 나와 푸짐하고, 반려견 동반도 가능한 식당으로 점심 시간대에 손님이 많다. 주변 여행지로 내도 알작지 해변, 구엄리 돌염전 등이 있다.
※ 반려동물 동반 가능"
금룡사(제주),제주특별자치도 제주시 구좌읍 김녕로 148-11,2027184,12,outdoor,outdoor:산,A02,A0201,A02010800,역사관광지,고궁,사찰,126.7536019143,33.5539724801,"제주 금룡사는 1930년 김연화 보살님에 의해 설립된 염불당이 그 창사의 시초가 되었다. 청춘고혼(靑春孤魂)이 된 동생 덕암(德庵)의 넋을 기리며 오십 년 남짓 지낸 세월에 염불당 및 요사체가 폐허 지경까지 왔을 때, 자재 현도(自在賢途) 스님을 만나 인연이 되어 1975년 대웅전 건립을 기점으로 사찰로 면모를 일신했다. 대웅전에는 석가모니를 주불로 모시고 관음대세지보살이 좌우에 협시하고 있다. 법당에는 총 7축의 탱화작품이 있는데 (후불탱화, 신중탱화, 칠성탱화, 독성탱화, 산신탱화, 지장탱화, 영단탱화), 이 작품은 인간문화재 48호인 석정스님에 의한 것으로 1979년에 완성되었다.

(출처 : 제주 문화관광 홈페이지)"
금악 똣똣라면,제주특별자치도 제주시 한림읍 금악로 18,2870559,39,indoor,indoor:식당/음식점 | outdoor:오름,A05,A0502,A05020100,음식점,한식,한식,126.2966404832,33.3586812581,"금악 똣똣라면은 금오름 근처에 위치해 있는 라면전문점이다. 골목식당 제주 편에서 백종원 대표와 함께 개발한 똣똣라면이 유명한 집으로 기다리는 대기손님이 있다. 해물을 많이 넣는 제주 관광지의 다른 라면과 달리 파와 마늘, 간 고기를 많이 넣고 얼큰하게 끓여낸 해장라면이다. 이와 곁들이는 밥으로는 모자반을 넣은 몸밥이 있으며, 취향에 따라 치즈를 추가 할 수 있다. 똣똣라면 외에도 토마토라면, 흑돼지짜장라면 등 다양한 메뉴가 준비되어 있어 취향에 따라 선택해 먹을 수 있다. 테이블에는 라면을 맛있게 먹는 방법을 자세히 써 놓았다. 주변에 함께 둘러보기 좋은 여행지로 금악오름, 이시돌목장, 테쉬폰, 저지문화 예술인마을 등이 있다."
금오름,제주특별자치도 제주시 한림읍 금악리 산1-1,129699,12,outdoor,outdoor:공원/산/오름,A01,A0101,A01010400,자연관광지,국립공원,산,126.3059091921,33.3555289743,"서부 중산간 지역의 대표적인 오름 중의 하나이다. 산정부에 대형의 원형 분화구와 산정화구호(山頂火口湖)를 갖는 신기(新期)의 기생화산체이며, 남북으로 2개의 봉우리가 동서의 낮은 안부로 이어지며 원형의 분화구 (깊이 52m)를 이루고 있다. 분화구내의 산정화구호 (일명 今岳潭)는 예전에는 풍부한 수량을 갖고 있었으나 현재는 화구 바닥이 드러나 있다. ‘검, 감, 곰, 금’ 등은 어원상 신(神)이란 뜻인 ‘곰(고어)’과 상통하며, 동일한 뜻을 지닌 ‘곰’係語(계어)로서 고조선시대부터 쓰여 온 말이라고 한다. 즉 ‘금오름’은 神이란 뜻의 어원을 가진 호칭으로 해석되며, 옛날부터 신성시 되어 온 오름임을 알 수 있다. 해송, 삼나무, 찔레, 보리수, 윤노리나무 등 원형 분화구와 산정화구호이다. 
* 표고 427.5m, 비고 178m, 둘레 2,861m, 면적 613,966㎡, 저경 1,008m"
금호리조트 제주,제주특별자치도 서귀포시 남원읍 태위로 522-12,138185,12,mixed,indoor:리조트/박물관 | outdoor:산/해수욕장/해안 | mixed:관광단지/민속촌/파크,A02,A0202,A02020200,역사관광지,관광단지,관광단지,126.7030849020,33.2740331563,"금호리조트 제주는 남원관광단지에 위치해 있으며 초원과 해안절벽을 끼고 세워졌다. 서귀포에서 동측 방향으로 15km, 표선으로부터 서남방향으로 5km 지점에 위치하고지점에 있어 서귀포 중문 관광단지와 제주민속촌, 성산일출봉 등 풍부한 주변관광지를 가지고 있다. 로얄스위트룸을 포함한 5가지, 총 320여개의 객실이 있으며 객실에 따라 양실, 한실을 선택할 수 있다. 주변 관광지로는 큰엉해안경승지, 코코몽에코파크, 신영영화박물관, 표선해수욕장 등이 있고, 제주국제공항으로부터 승용차로 약 1시간 소요된다."
금호리조트 제주아쿠아나,제주특별자치도 서귀포시 남원읍 태위로 522-12,600584,12,mixed,indoor:리조트/실내 | outdoor:공원/산/해변/해안 | mixed:관광단지,A02,A0202,A02020600,역사관광지,관광단지,테마공원,126.7028238197,33.2737526275,"금호리조트 제주 아쿠아나는 남원관광지 인근에 위치한 금호리조트제주 내 물놀이 시설이다. 초원과 제주바다의 아름다운 해안절벽을 낀 수영장에서 바라보는 탁 트인 오션뷰가 제주아쿠아나의 자랑거리이다. 실내 수영장, 노천이벤트탕, 실외 수영장, 실외 슬라이드, 사우나 등 디양한 시설을 갖추고 있다. 리조트와 연결된 산책로를 따라 내려가면 남원큰엉해변이 있어 기암절벽과 맑은 바다 풍경을 감상할 수 있다.
주변 해안가는 제주 올레 5코스에 속한다."
김녕 청굴물,제주특별자치도 제주시 구좌읍 김녕리 1296,2863615,12,outdoor,outdoor:공원/해수욕장,A01,A0101,A01010500,자연관광지,국립공원,자연생태관광지,126.7512770228,33.5580358818,"청굴물은 제주시 구좌읍 김녕해수욕장 근처 김녕리 청수동에 있는 곳으로 이 지역 용천수를 모아 쓰던 물통이다. 용천수란 땅 밑으로 흐르던 지하수가 바다 가까이에 이르러 솟아 나오는 물을 말한다. 이 동네 이름이 지금은 청수동이지만 예전에는 청굴동이었기 때문에 지금도 청굴물로 불린다. 물통은 보통 노천탕으로 쓰였으며 남녀를 나누는 경우가 많아 커다란 원이 반으로 나뉘어 있다. 물통 끝에 앉아 사진을 찍기 위해 여행자들이 많이 찾아온다. 만조에는 물에 잠겼다가 간조가 되면 다시 나타나므로 청굴물 본연의 모습을 보기 위해서는 물때를 맞춰 방문하는 것을 추천한다. 주변에 함께 둘러보기 좋은 여행지로 김녕해수욕장, 월정해수욕장 등이 있다."
김녕미로공원,제주특별자치도 제주시 구좌읍 만장굴길 122,127046,12,mixed,outdoor:공원/산 | mixed:관광단지,A02,A0202,A02020700,역사관광지,관광단지,공원,126.7720396084,33.5363247299,"제주도 제주시의 만장굴과 김녕사굴 사이에 유명한 관광지인 제주 김녕미로공원이 있다. 키 큰 나무 사이로 샛길이 만들어져 한번 들어가면 방향감각을 잃게 되어 어디로 나와야 할지 헷갈리게 하는 매력의 우리나라 최초 미로공원이다. 제주대학교에서 퇴직한 미국인 더스틴(F.H. Dustin) 교수가 세계적으로 유명한 영국의 미로 디자이너 에드린 피셔(Adrian Flsher Minotaur Maze Designs)와 함께 국제 전화, 국제 우편을 주고받으며 1983년부터 약 3년에 걸쳐 기본 디자인 작업을 마무리하였다. 그 후 1987년 처음으로 랠란디 나무를 산목 후 8년 동안 나무를 가꾸면서 1995년부터 운영을 시작했다. 
김녕미로공원의 수벽을 리우고 있는 나무는 랠란디나무는 사계절 푸른 상록수로서 향기는 사람의 정신을 맑게 해 주고 심리적 압박감을 완화시켜 주는 효과를 지니고 있다. 미로의 붉은빛이 감도는 바닥은 제주 천연 화산석이 송이이며 오염된 공기를 정화시키고 인체의 혈액 순환을 촉진시키는 효과를 지니고 있다. 
미로공원뿐만 아니라 다양한 포토존, 아이들과 놀 수 있는 놀이터, 미로공원에서 자라고 있는 고양이들에게 사료를 주는 등의 체험 프로그램을 진행하고 있어 가족 단위의 관광객들이 많이 방문한다."
김녕성세기해변 (김녕해수욕장),제주특별자치도 제주시 구좌읍 구좌해안로 237,129400,12,outdoor,outdoor:공원/해변/해수욕장,A01,A0101,A01011200,자연관광지,국립공원,해수욕장,126.7596485488,33.5566778337,"하늘에서 바라본 모습이 한문 평(平) 자를 이룬 모양을 하고 있어 김녕이라고 불리는, 김녕마을에 있는 해수욕장이다. 거대한 너럭바위 용암 위에 모래가 쌓여 만들어졌으며, 성세기는 외세의 침략을 막기 위한 작은 성이라는 뜻이 담겨 있다.
하얀 모래에 부서지는 파도들이 시원한 소리를 내고, 코발트빛 바다 풍경이 제주 자연의 아름다움을 새삼 느끼게 해주는 곳이다.
해변가를 걷다 보면 제주의 바람으로 돌아가는 김녕풍력발전기들을 관찰할 수 있다. 인근에는 갓돔과 노래미돔이 잘 잡히는 갯바위 낚시터가 낚시꾼들에게 인기 명소이며, 용천동굴, 당처물동굴, 만장굴 등 다양한 굴이 근처에 위치해 있어 여름에 시원하게 피서를 즐길 수 있다.
김녕해수욕장은 특이한 지형으로 인해 지질트레일도 조성이 되어 있는데, 지질트레일은 유네스코 세계지질공원을 활용해 각 지역의 지질자원과 마을의 역사 및 문화와 어울려진 도보길이다."
김녕에사는김영훈,제주특별자치도 제주시 구좌읍 김녕로6길 2,2871977,39,indoor,indoor:음식점/카페 | outdoor:산,A05,A0502,A05020900,음식점,한식,카페/전통찻집,126.7463525363,33.5542973273,"김녕에사는김영훈은 커피와 디저트를 좋아하는 부부가 운영하는 카페이다. 에어로프레스 커피 매장으로 직접 로스팅하는 싱글오리진 원두 고유의 향과 맛을 고스란히 느낄 수 있는 커피를 제공한다. 디저트 역시 제주에서 나는 재료를 이용하여 직접 만들고 케이크는 밀가루 대신 아몬드분말과 코코넛 분말을 사용하여 만들어지고 있다. 그 외에 신선한 제주산 계란과 비정제설탕을 사용하며 디저트류는 커피 맛과 잘 어울릴 수 있도록 구성되었다. 원두와 드립백 캡슐커피도 구입할 수 있으며, 반려견 동반이 가능하지만 다른 손님들을 위해 전용가방, 케이지, 유모차는 필수이다."
김녕오라이,제주특별자치도 제주시 구좌읍 김녕로21길 21,2851686,39,indoor,indoor:음식점 | outdoor:산/해수욕장,A05,A0502,A05020100,음식점,한식,한식,126.7553155654,33.5578415238,"김녕오라이는 제주도 김녕해수욕장 인근에 위치한 횟집으로 여행객은 물로 현지인들도 자주 찾는 횟집이다. 자연산 회를 전문으로 판매하며, 신선한 해산물을 활용한 다양한 메뉴를 자랑한다. 대표 메뉴인 '돔베사시미'는 도마 위에 올려 제공되는 회 세트로, 매일 새롭게 들어오는 횟감에 따라 구성이 달라지기 때문에 방문할 때마다 다른 즐거움을 맛볼 수 있다. 또 다른 인기 메뉴인 해산물모둠 역시 그날그날 들어오는 신선한 해산물로 구성되며, 제철 식재료를 중심으로 제공되어 제주 바다의 풍미를 제대로 느낄 수 있다. 숯불 가마살 머리구이 한판은 생선 머리를 숯불에 구워 고소하고 쫄깃한 식감을 자랑하며, 딱새우회와 고등어 숯불구이, 딱새우라면 등도 인기 있는 메뉴로 함께 즐기기 좋다."
김녕항,제주특별자치도 제주시 구좌읍 김녕항1길 50-13,2781326,12,outdoor,outdoor:공원/해변,A01,A0101,A01011400,자연관광지,국립공원,항구/포구,126.7400446641,33.5580773628,"제주 바다를 떠올리면 에메랄드빛 예쁜 바다를 상상하기 마련이다. 제주에는 물빛이 아름다운 해변이 많지만, 그중에서도 동쪽에 있는 김녕항은 투명하고 깊은 물과 고즈넉한 분위기로 많은 관광객에게 사랑받는 곳이다. 김녕항은 요트를 탈 수 있는 요트장이 있으며, 근처에는 야영이 가능한 성세기 해변이 있다. 김녕포구의 백사장은 간조에만 볼 수 있으며, 그 외 시간은 항상 물이 차 있어 패들보드나, 스노클링, 다이빙을 즐기는 이들이 많다. 김녕포구의 방파제는 낚시꾼들에게 좋은 낚시터가 되어주기도 한다."
김마리,제주특별자치도 제주시 광양14길 17-10 (이도이동),2863893,39,indoor,indoor:음식점 | outdoor:산,A05,A0502,A05020100,음식점,한식,한식,126.5293671382,33.4971696180,"김마리는 제주 제주시청 건너편 성환아파트 앞, 골목 모퉁이에 자리한 분식 전문점이다. 처음에는 도민들을 중심의 숨은 맛집으로 알려졌지만  점차 입소문을 타며 제주 여행객들에게도 알려졌다. 대표 메뉴는 ‘김마리유김밥’으로, 일반 김밥과 차별화된 독창적인 맛을 자랑한다. 이 김밥은 유기농 레몬으로 직접 만든 레몬청과 제주산 귤을 넣고, 유부를 한 시간 이상 저온에서 정성껏 볶아 만든 속재료로 만들어진다.  또 하나의 인기 메뉴인 ‘마리스페셜’은 모둠 떡볶이로, 바삭하게 튀긴 튀김, 만두, 삶은 계란, 라면사리 등 다양한 토핑이 듬뿍 들어가 있어 푸짐하게 즐길 수 있다. 여기에 치즈까지 듬뿍 얹어져 진한 풍미와 중독성 있는 맛을 자랑한다. 부담 없이 한 끼를 해결할 수 있어 제주 여행 중 들러보기 좋다."
김만덕기념관,제주특별자치도 제주시 산지로 7,2031663,14,indoor,indoor:기념관/박물관/전시/전시관,A02,A0206,A02060200,역사관광지,박물관,기념관,126.5304138429,33.5159064490,"김만덕기념관은 나눔과 베풂을 몸소 실천하시어 이 땅의 대표적 의인의 표상이 되신 김만덕의 삶과 그 정신을 기리고 본받아 널리 전파하기 위한 곳이다. 김만덕의 근검절약정신, 나눔정신, 개척·개혁·개방정신, 도전정신 그리고 김만덕의 리더십과 경영철학을 배워서 나눔을 체험하고 실천하는 대한민국 최초의 나눔문화전시관이기도 하다.

(출처 : 김만덕기념관 홈페이지)"
김영갑갤러리두모악,제주특별자치도 서귀포시 성산읍 삼달로 137,130723,14,outdoor,indoor:갤러리/공연장/미술관/박물관/전시 | outdoor:산/야외/오름/정원,A02,A0206,A02060500,역사관광지,박물관,미술관/화랑,126.8542667942,33.3724080600,"갤러리두모악에는 제주를 매우 사랑하여 두모악에 잠든 김영갑의 20여 년간의 작품들이 전시되어 있다. 제주를 사랑하고 모든 열정과 영혼을 담아 제주를 담고자 했던 김영갑의 생애가 담긴 곳이다. 
내부 전시관은 두모악관, 하날오름관이 있는데 지금은 사라진 제주의 옛 모습과 쉽게 드러나지 않는 속살을 전시된 사진을 통해 볼 수 있다. 용눈이 오름, 눈·비·안개 그리고 바람 환상곡, 구름이 내게 가져다준 행복, 지평선 너머의 꿈, 바람, 숲 속의 사랑, 오름, 마라도라는 작품 등이 있다. 
유품전시실에는 김영갑의 유품들이 전시되어 있는데 평소 그가 보던 책, 카메라 등이 전시되어 있고 영상실에서는 왕성한 활동을 하던 젊은 시절의 그와 루게릭병으로 투병하던 사진과 영상을 만나볼 수 있다. 또한 야외 정원과 무인 찻집은 미술관을 찾는 이들이 휴식과 명상의 공간으로 만들어져 있다. 갤러리 홍보와 지역민들에게 문화를 쉽게 접할 수 있도록 야외 공연장에서 음악회도 개최하고 있다. 두모악은 한라산의 옛 이름이다."
김영수도서관,제주특별자치도 제주시 중앙로8길 18 (삼도이동),3546163,14,indoor,indoor:박물관,A02,A0206,A02060900,역사관광지,박물관,도서관,126.5213952028,33.5150230696,"제주북초 20회 졸업생인 故 김영수 선생님이 기증하신 학교도서관이다.
아이들이 책을 가까이하고 마음껏 상상할 수 있는 공간을 만들기 위하여 2018년 도시재생사업을 통해 학교와 지역공동체의 의견을 수렴한 결과, 현재 본교 학생과 지역주민이 함께 이용할 수 있는 학교도서관이자 마을도서관으로 새롭게 탄생하여 독서문화의 장으로 활발히 운영되고 있다."
김택화 미술관,제주특별자치도 제주시 조천읍 신흥로 1,2798046,14,outdoor,indoor:미술관/박물관/전시/카페 | outdoor:산,A02,A0206,A02060500,역사관광지,박물관,미술관/화랑,126.6531914254,33.5437886593,"김택화 미술관은 2019년 12월에 개관한 미술관으로 일평생 제주의 풍경을 그렸던 화가 김택화(1940~2006)의 예술 세계와 삶의 여정을 담아낸 공간이다. 김택화 화가는 한라산 소주의 ‘하얀색’ 패키지 그림의 원화를 그리기도 했다.
미술관은 자료실, 제1전시실, 제2 전시실, 아트숍을 지나 2창 카페로 구성되어 있으며, 1 전시실과 2 전시실에는 생전에 그렸던 김택화 화가의 유화 작품 122점이 전시되어 있다. 이곳에서 옛 제주의 풍경을 그림으로 만날 수 있다. 2층은 화실로 꾸며진 카페가 있고 통유리 창으로 탁 트인 풍경을 감상할 수 있다."
까델아스,제주특별자치도 제주시 애월읍 신엄9길 46,735314,32,indoor,indoor:숙박/펜션/호텔 | outdoor:산,B02,B0201,B02010700,숙박시설,관광호텔,펜션,126.3666540021,33.4753472289,까델아스는 넓은 잔디에서 바베큐파티와 대형 풀장에서 즐거운 물놀이를 즐길 수 있는 제주 펜캉스의 정식이다. 호텔식의 인테리어와 자연친화적인 위치로 장점을 두루 갖추었다. 바다 내음과 아름다운 한라산 풍경을 한번에 누릴 수 있다. 애견전용 객실이 구비되어 있으며 바다를 보면서 즐기는 스파와 와인 한잔의 여유를 즐기도록 테마가 꾸려진 객실도 있다.
꼬스뗀뇨,제주특별자치도 제주시 해맞이해안로 2080,2877801,39,indoor,indoor:갤러리/실내/음식점/카페 | outdoor:해수욕장/해안,A05,A0502,A05020900,음식점,한식,카페/전통찻집,126.9051064460,33.5101047816,"꼬스뗀뇨는 종달리 해안도로 종달고망난돌쉼터 앞에 있다. 야자수가 있는 바깥 공간에는 선베드가 있고, 카페는 냉동 창고를 개조하여 노출콘크리트와 루프탑의 회벽돌이 그대로 드러난 모습을 하고 있다. 실내는 층고가 높으며, 마감은 터프하지만, 창밖으로 보이는 이미지는 야자나무와 제주 동쪽바다가 보이는 낭만적인 모습이다. 카페 옆에는 갤러리 공간이 있으며, 코코넛 커피와 꼬스뗀뇨라떼가 시그니처 메뉴이다. 주변 여행지로 종달리 수국길, 하도해수욕장 등이 있다. 
※반려동물 동반 케이지 이용시 실내가능"
꽁순이네,제주특별자치도 제주시 애월읍 중산간서로 5642,2851868,39,indoor,indoor:음식점 | outdoor:산,A05,A0502,A05020100,음식점,한식,한식,126.3387181818,33.4469499317,"꽁순이네는 제주시 애월읍 중산간서로와 상가로가 만나는 삼거리에 자리한 정겨운 고기국수 전문점이다. 이곳은 고기국수로 유명하며, 진한 육수와 부드러운 수육이 어우러져 깊은 풍미를 자랑한다. 특히 국물 맛이 깔끔하면서도 진하여 현지 주민은 물론, 입소문을 타고 찾아오는 관광객들에게도 꾸준한 인기를 얻고 있다. 고기국수 외에도 멸치국수, 비빔국수와 같은 다양한 국수 메뉴를 제공하며, 제주도의 토속 음식인 ‘몸국’도 함께 맛볼 수 있다. 꽁순이네를 방문한 후에는 근처에 있는 상가리 야자숲, 고내봉, 연화지 등 애월의 자연 명소들을 함께 둘러보는 것도 추천한다."
꽃밥,제주특별자치도 제주시 애월읍 일주서로 6059,2780263,39,indoor,indoor:식당/음식점,A05,A0502,A05020100,음식점,한식,한식,126.3084984856,33.4515461682,"‘꽃밥’은 제주시 애월읍에 자리한 한식당으로 정성 가득한 한상차림을 맛볼 수 있다. 꽃밥의 대표 메뉴는 매콤한 제주 흑돼지 제육볶음과 고소한 고등어구이가 나오는 꽃밥 정식이다. 이 외에도 강된장과 된장찌개, 계란말이, 김치전 등 기본 반찬까지 한상으로 푸짐하게 차려진다. 김치와 신선한 나물이 잘 어우러져 건강하게 대접받는 느낌이다. 대부분의 한정식 식당들이 1인 주문이 불가한 것과 달리 이곳에서는 혼자서도 정식 메뉴를 맛볼 수 있다. 단품 메뉴인 들깨수제비와 야채비빔밥도 인기가 좋다. ‘꽃밥’이란 이름처럼 사랑스러운 분홍색 지붕과 돌담, 아기자기한 색깔로 채워진 공간도 매력을 더한다."
꿈낭밥집,제주특별자치도 제주시 애월읍 유수암평화5길 33-3,2851874,39,indoor,indoor:식당/음식점,A05,A0502,A05020100,음식점,한식,한식,126.4053267934,33.4240646279,"꿈낭밥집은 제주 애월읍에 위치한 정갈한 분위기의 한식당이다. 이곳의 대표 메뉴는 보리굴비로, 따끈한 솥밥과 함께 다양한 반찬이 곁들여져 한상차림으로 제공된다. 보리굴비는 과하게 짜지 않아 담백하게 즐길 수 있으며, 솥밥과 함께 먹으면 그 맛이 배가된다. 청국장은 깊고 진한 맛으로 많은 손님들에게 인기를 끌고 있으며, 고소한 풍미와 따뜻한 국물이 식사의 만족도를 높여준다. 보리굴비 외에도 다양한 한식 메뉴가 준비되어 있어 선택의 폭이 넓은 것도 이곳의 장점이다. 돼지파불고기와 간장으로 짭조름하게 맛을 낸 돌게장, 신선한 대하와 전복을 함께 담은 대하전복장, 푸짐한 고기가 들어간 왕갈비탕 등 각 메뉴마다 정성이 느껴지는 구성으로 만족도가 높다."
나니아레스토랑,제주특별자치도 서귀포시 예래로396번길 13-33,2654153,39,indoor,indoor:식당/음식점,A05,A0502,A05020200,음식점,한식,서양식,126.3721032863,33.2380179980,트립어드바이저에서 방문 1위 레스토랑이다. 대표메뉴는 카르파초이다. 제주특별자치도 서귀포시에 있는 양식당이다.
나라돈까스,제주특별자치도 제주시 내도1길 23 (내도동),2857329,39,indoor,indoor:음식점 | outdoor:산/해변,A05,A0502,A05020100,음식점,한식,한식,126.4370363208,33.4952100334,"나라돈까스는 제주시 외도동 월대천 인근에 위치한 옛날 돈가스 전문점으로, 제주 공항에서 가까워 여행객들도 부담 없이 찾을 수 있는 맛집이다. 학창 시절 분식집에서 먹던 듯한 추억의 돈가스 스타일을 고수하고 있으며, 내부는 빈티지한 감성과 레트로 분위기가 가득하다. 대표 메뉴인 기본 돈가스는 두툼한 고기를 바삭하게 튀겨낸 후 자극적이지 않은 수제 소스를 듬뿍 얹어 맛의 밸런스를 잘 살렸고, 푸짐한 양 덕분에 든든한 한 끼 식사로 제격이다. 최근에는 손님들의 다양한 취향을 반영해 치즈돈가스, 고구마돈가스, 카레돈가스 등 메뉴의 폭을 넓혔다. 식사 후에는 근처에 있는 내도 알작지 해변이나 월대천 산책로를 따라 천천히 걷거나, 바다를 바라보며 여유로운 시간을 보내는 것도 좋은 코스다."
나바론하늘길,제주특별자치도 제주시 추자면 대서리 산186,2863882,12,outdoor,outdoor:공원/산/섬/숲길/해안,A01,A0101,A01010500,자연관광지,국립공원,자연생태관광지,126.2866221544,33.9612503055,"나바론하늘길은 돈대산, 추석산 등과 더불어 추자를 대표하는 큰산에서 독산의 해안으로 이어지는 급경사면 기암을 말한다. 큰 산에서 독산까지 이어지는 도보길로 산의 능선을 따라 걷는다. 길을 걷는 동안 추자섬에서 보이는 망망대해를 감상하며, 중간에는 숲길을 지나고, 상추자도항과 포구마을의 모습도 볼 수 있다. 아찔한 절벽을 옆으로 하여 걷는 과정에서 경사가 이어지는 절벽과 해수면과의 차이가 심하기 때문에 이와 같이 부르며, 영화 ‘나바론요새’에 등장하는 지중해섬과 닮았다고 해서 붙여진 이름이라는 이야기도 있다. 산 위로 오르는 길이 가파를 뿐 아니라 길폭이 좁으며 가드 바깥은 낭떠러지이므로 안전에 유의하여 걸어야 한다."
나비정원,제주특별자치도 서귀포시 대정읍 신영로 60-7,2839718,39,indoor,indoor:음식점/카페 | outdoor:섬/정원,A05,A0502,A05020900,음식점,한식,카페/전통찻집,126.2492726682,33.2204763428,"제주 나비정원은 제주시 대정읍의 모슬포항과 대정오일장 근처에 위치한 작고 아늑한 분위기의 커피 전문점이다. 오랜 세월을 함께한 노부부가 정성스럽게 운영하는 이곳은 빈티지한 감성과 따뜻한 환대가 어우러져, 마치 누군가의 집에 초대받은 듯한 편안함을 느낄 수 있는 공간이다. 매주 직접 엄선한 원두를 소량으로 로스팅해 제공하는 스페셜티 커피가 이곳의 자랑이며, 대표 메뉴로는 깊고 풍부한 맛을 자랑하는 하와이안 코나와 섬세한 향미의 핸드드립 커피가 있다. 이외에도 유기농 티는 물론, 베트남, 브라질, 에티오피아 등 세계 여러 나라의 개성 있는 원두도 판매하고 있어 커피 애호가들에게 매력적인 장소다. 조용한 분위기 속에서 커피 본연의 맛을 온전히 즐길 수 있어 여행 중 잠시 쉬어가기에도 좋다. 주변에는 모슬포항과 마라도, 가파도가 있어 함께 둘러보기에도 좋다."
나이롱책방,제주특별자치도 제주시 관덕로8길 17 (이도일동),2778915,14,indoor,indoor:박물관,A02,A0206,A02061000,역사관광지,박물관,대형서점,126.5234478780,33.5116956936,"제주시와 가까운 삼양의 어느 골목길에 나이롱책방이 자리한다. 나이롱은 ‘어떤 이로운 장난’을 의미한다고 한다. 보통 책방에 들르면 어떤 책을 골라야 할지 고민스럽기 마련이다. 나이롱책방에서는 책을 고르는 데 도움이 되도록 각각의 책마다 어떤 내용을 담고 있는지 정성스러운 손글씨로 적혀 있다. 책은 주제별로 구분되어 있는데 제주와 관련된 서적부터 독립출판물, 다양한 해외서적까지 만나볼 수 있다. 읽은 이의 흔적이 고스란히 남은 중고 책도 함께 판매한다. 나이롱책방은 책과 커피를 함께 즐길 수 있는데, 책은 구매 후에 테이블에서 여유롭게 읽을 수 있다. 한쪽에는 그동안 책방을 다녀간 이들의 발자취를 더듬어볼 수 있는 그림 방명록을 비치해 구경하는 재미를 더한다."
나이스호텔,제주특별자치도 제주시 논세길 96-38 (내도동),2626055,32,indoor,indoor:숙박/호텔 | outdoor:계곡/산/해변,B02,B0201,B02011100,숙박시설,관광호텔,게스트하우스,126.4423833539,33.4830031363,"나이스 호텔은 제주국제공항과 제주시외버스터미널에서 차로 20분 거리에 자리하고 있다. 주변의 관광 명소로는 제주의 야경을 즐기기에 좋은 이호테우 해변이 차로 10분, 용연 계곡과 용의 머리를 닮은 용두암이 차로 25분 거리에 있다. 또한, 제주도를 대표하는 한라산까지 차로 40분이 소요된다.제주에 자리한 이 호텔에는 공용 지역 무료 무선 인터넷 등이 완비되어 있다. 또한 24시간 리셉션, 렌터카 데스크, 물품 보관소 등도 이용하실 수 있다.각 객실에는 에어컨이 완비되어 있고 샤워 시설, 케이블/위성 채널 및 헤어드라이어도 제공하고 있다.

모든 객실에 객실 내 무선 인터넷, 생수, 객실 내 앉을 공간 등이 갖춰져 있다."
나이체,제주특별자치도 제주시 인다6길 35 아라힐링 1층,2877827,39,indoor,indoor:음식점/카페,A05,A0502,A05020900,음식점,한식,카페/전통찻집,126.5468327850,33.4752001061,나이체는 아라동 주택가에 있다. 깔끔한 이미지의 에스프레소바로 다양한 에스프레소 커피를 맛볼 수 있다. 줄레는 비정제원당을 가미한 에스프레소이고 다와는 비정제원당과 밀크폼을 더한 에스프레소이다. 추천 메뉴는 치페치릿으로 에스프레소 위에 바닐라빈 크림과 카카오 토핑을 올렸다. 인기 메뉴는 나이체라떼로 카페라떼 위에 바닐라빈 크림이 올라가는 나이체의 시그니처 라떼이다. 이 밖에 필터 커피와 넌커피 음료를 판매한다.
낙천아홉굿마을,제주특별자치도 제주시 한경면 낙수로 97,128444,12,outdoor,outdoor:산,A02,A0203,A02030100,역사관광지,농.산.어촌 체험,농.산.어촌 체험,126.2264222730,33.3278474553,"낙천리 아홉굿 마을은 올레길 13코스 중간지점에 위치해 있으며, 아홉굿은 제주도에서 보기 드문 9개의 샘이 있다는 뜻과 마을 방문객에게 아홉 가지 좋은(good) 것을 나눠주는 즐거운 마을이라는 의미를 가지고 있다. 땅이 기름져서 밭작물이 맛있기로 유명하며, 특히 보리가 맛있기로 유명하다. 천혜의 자연경관으로 북제주 10경을 볼 수 있는 아홉굿 마을은 100m 지하 암반수로 키워낸 보리, 토마토, 파프리카, 브로콜리 등 건강한 먹거리와 다양한 체험거리가 있는 전통 농촌문화마을이다."
낙타트레킹,제주특별자치도 서귀포시 표선면 번영로 2564-21 (포니밸리) 내 낙타트레킹,2516416,12,outdoor,outdoor:산/트레킹,A02,A0203,A02030100,역사관광지,농.산.어촌 체험,농.산.어촌 체험,126.7786837609,33.4026812788,제주도에서 낙타와 가까이서 교감할 수 있는 이색 체험을 할 수 있는 곳이다. 호주 청정지역의 낙타를 국내 최초로 수입하여 제주도의 아름다운 자연경관과 더불어 낙타 트레킹 체험을 할 수 있다. 안전요원이 동행하기 때문에 누구나 쉽고 안전하게 체험이 가능하다. 예약은 패키지 관광 혹은 단체일 때만 가능하다.
난드르바당,제주특별자치도 서귀포시 하예하동로16번길 11-1 (하예동),2755444,39,indoor,indoor:음식점 | outdoor:야외,A05,A0502,A05020100,음식점,한식,한식,126.3709895690,33.2346461302,"제주 대평리에 위치한 난드르바당은 유명한 관광지가 근처에 있지 않음에도 불구하고 바다 뷰를 감상하며 제주 흑돼지구이를 맛볼 수 있는 곳으로 찾는 사람이 많다. 기본 2인분 기준으로 제주 흑돼지 600g이 딱새우 된장찌개와 같이 제공되며, 함께 구워 먹을 수 있는 대하와 계절에 따라 소라 꼬치도 판매한다. 고기를 찍어 먹는 소스는 자리돔 젓이 제공되며, 고기 불판의 바깥쪽으로는 계란찜과 콘치즈가 올려지는데, 콘치즈는 셀프바에서 무한리필이 가능하며 계란찜은 추가 주문해야 한다. 야외 좌석에 앉기 원한다면, 식사 시간보다 빠르게 도착하기를 권한다."
남원 큰엉해안,제주특별자치도 서귀포시 남원읍 태위로 522-17,128795,12,outdoor,indoor:박물관 | outdoor:공원/산/전망대/해수욕장/해안,A01,A0101,A01011100,자연관광지,국립공원,해안절경,126.7037237502,33.2733776834,"‘엉’이란 제주도 방언으로 언덕을 뜻하는데, 남원 큰엉은 큰 바위가 바다를 집어 삼킬듯이 입을 크게 벌리고 있는 언덕이라 하여 붙여진 명칭으로 절벽 위는 평지로 부드러운 잔디가 깔려 있다.
바다를 향하여 높이 30m, 길이 200m의 기암절벽이 오랜 세월동안 쉬지 않고 밀려오는 파도를 감싸안은 2개의 자연동굴을 보노라면 세속을 떠난듯한 다른 세계, 때 묻지 않은 자연에 대한 감동을 느낄 수 있다. 해안절벽을 따라 2㎞의 산책길, 전망대, 간이휴게실, 기초체력단련시설, 화장실 등이 마련되어 있다. 갯바위 낚시터로, 조용한 휴식처로, 연인들의 데이트 코스로도 유명하다. 주변에 신영영화박물관·표선해수욕장·섭지코지 등 관광명소가  있다."
남춘식당,제주특별자치도 제주시 청귤로 12 (이도이동),2860705,39,indoor,indoor:식당/음식점 | outdoor:산,A05,A0502,A05020100,음식점,한식,한식,126.5375247049,33.4996944686,"남춘식당은 제주시 이도동의 조용한 주택가 골목 안쪽에 자리 잡고 있는 한식당이다. 내부는 서민적인 분위기가 물씬 풍기는 좌식 테이블로 구성되어 있으며, 메뉴도 복잡하지 않고 단출하여 정갈하고 정직한 인상을 준다. 남춘식당의 대표 메뉴는 제주식 고기국수와 김밥이다. 고기국수는 부드럽게 삶은 돼지 수육과 제주산 당근, 대파 등을 넣고 끓여낸 뽀얀 국물에 도톰한 면을 말아 담아내며, 깊고 구수한 맛이 특징이다. 김밥은 당근, 시금치, 소고기, 유부 등 신선한 재료가 골고루 들어가 담백하고 풍성한 맛을 자랑한다. 여름철에는 진한 콩국물에 채 썬 오이를 고명으로 얹은 콩국수가 인기 메뉴로, 더운 날씨에 시원하게 즐기기 좋다."
낭뜰에쉼팡,제주특별자치도 제주시 조천읍 남조로 2343,1876994,39,indoor,indoor:실내/음식점 | outdoor:오름,A05,A0502,A05020100,음식점,한식,한식,126.6571482427,33.4735270537,"낭뜰에쉼팡은 나무 뜰이 있는 쉼터에서 쉬었다 가라는 의미를 담고 있는 제주도 방언이다. 오름을 다녀오는 사람들과 관광객이 저렴하고 맛있는 음식을 푸짐한 양으로 접할 수 있다. 싱싱한 채소와 찰보리밥으로 메뉴를 제공하는 이곳은 여유로움을 즐길 수 있는 곳이다. 대표 메뉴는 낭뜰정식으로 제주의 신선한 재료로 만든 건강한 한식 한 상인데 2인 이상 주문 가능하며, 고등어구이, 흑돼지 제육볶음, 두부 겉절이, 된장찌개 등 다양한 메뉴가 조화롭게 제공된다. 넓고 쾌적한 실내와 친절한 서비스로 가족 모임이나 단체 방문에도 적합하다."
넥슨컴퓨터박물관,제주특별자치도 제주시 1100로 3198-8 (노형동),2472824,12,indoor,indoor:박물관/전시,A02,A0204,A02040900,역사관광지,발전소,전자-반도체,126.4857714937,33.4721633588,"넥슨컴퓨터박물관은 인류의 삶을 가장 빠르게 변화시킨 현재 진행형 매체인 컴퓨터와 그 발전에 기여해 온 게임의 역사를 함께 조망함으로써 우리의 미래를 상상해 볼 수 있는 체험형 박물관이다. 유리 케이스 너머로 바라보는 전시에서 벗어나, 대부분의 소장품들을 관람객의 직접적인 체험이 가능하도록 전시되어 있으며, 쾌적한 관람 환경을 위해 예약 관람제로 운영하고 있다. 컴퓨터의 역사에 대해 알아보며 아이들에게 흥미를 심어주고 게임도 할 수 있는 곳이다."
노라바,제주특별자치도 제주시 애월읍 구엄길 100,2851889,39,indoor,indoor:식당/음식점 | outdoor:야외,A05,A0502,A05020100,음식점,한식,한식,126.3763307678,33.4828854364,"노라바는 제주시 애월읍 구엄리 이면도로에 있는 해물라면 전문점이다. 제주도 말로 ‘노을보멍 라면먹는 바당코지’ 라는 의미로 지어진 노라바는 아담한 제주 돌집을 개조한 식당으로 식당 내부와 야외에 테이블이 있다. 이곳의 대표메뉴는 문어라면과 돌문어숙회이며, 문어 라면에는 문어와 함께 게 한 마리와 전복이 통째 들어가 있다. 그렇기 때문에 재료가 한정되어 있어 소진 시 일찍 문을 닫는다.  그 밖에 해물라면과 옛날 도시락도 인기 메뉴고 라면, 옛날 도시락, 숙회를 세트로 주문할 수도 있다. 순한 맛, 중간 맛, 매운맛을 선택할 수 있어 어린이들도 즐겨 먹을 수 있다. 주변에 함께 둘러보기 좋은 여행지로 구엄리 돌염전이 있다."
노리매공원,제주특별자치도 서귀포시 대정읍 중산간서로 2260-15,2704456,12,mixed,indoor:시장/전시 | outdoor:공원/산/폭포 | mixed:관광단지,A02,A0202,A02020700,역사관광지,관광단지,공원,126.2873513183,33.2825728584,"노리매는 순우리말 '놀이'와 매화의 '매'가 합쳐져 만들어진 이름으로 자연 속에서 현대적 감성을 즐길 수 있는 자연공원이다. 수선화, 매화, 목련, 작약, 동백, 조팝나무 등 다양한 꽃과 나무들이 사시사철 화사한 자연을 만끽할 수 있고, 투박한 제주의 돌과 인공 폭포, 인공 호수 등은 자연과 사람이 만든 조형물이 어우러져 감각적인 모습의 공원이다. 인공 연못 한가운데는 해담 홍완표 대목장이 지은 정자가 우뚝 솟아있는데, 특히 저녁 시간에는 석양과 어우러져 신비스러운 분위기를 연출한다. 이 밖에도 자연의 이미지를 현대적으로 해석한 360도 서클비전과 3D영상전시장이 있어 자연과 현대가 공존하는 독특함을 즐길 수 있다. 산책로 곳곳에 생기발랄한 사진 명소가 잘 조성되어 있어 사진 찍기 좋아하는 젊은 층과 가족 단위 여행객이 즐겨 찾는다.

(출처: 비짓제주)"
노을담은뜨락,제주특별자치도 서귀포시 대정읍 노을해안로 416,1897905,32,indoor,indoor:숙박/펜션/호텔 | outdoor:오름/해안,B02,B0201,B02010700,숙박시설,관광호텔,펜션,126.1903769911,33.2562936895,"노을담은뜨락은 모슬포항과 차귀도를 연결하는 서쪽 해안도로 중간 지점에 위치한 펜션으로 전 객실 바다 전망을 자랑한다. 올레길 12번 해안도로 남쪽 시작지점에 해당한다. 5개 객실이 있으며 객실 침대에서 바라보는 바다의 풍광이 아름답고, 저녁노을이 환상적이다. 노을해안도로는 돌고래를 볼 수 있는 장소여서 찾는 숙박객이 많으며 제주 한달살이를 문의하는 고객이 많은 것으로 알려져 있다. 주변 관광지로는 돈두오름, 제주도예촌 등이 있어 숙박 중 들러보기 좋다."
노을리,제주특별자치도 제주시 애월읍 애월해안로 654,2851902,39,indoor,indoor:베이커리/실내/음식점/카페 | outdoor:정원,A05,A0502,A05020900,음식점,한식,카페/전통찻집,126.3727283662,33.4801051312,"노을리는 제주시 애월읍 구엄리에 있는 브런치 및 디저트 전문 카페다. 입구는 버스 정거장처럼 꾸며졌지만, 실내는 유리온실처럼 꾸며 열대식물과 바다 뷰를 함께 즐길 수 있다. 2층은 루프탑 카페, 3층은 하늘정원으로 꾸며 있어 1층을 제외한 공간은 노키즈존으로 운영한다. 대표 메뉴는 피자와 파스타, 플래터 등의 브런치 메뉴이며, 그 외에 시그니처 음료인 노을리 에이드를 포함한 다양한 음료와 커피, 베이커리, 케이크 등이 준비되어 있다. 바다를 향해 의자와 테이블을 배치해 제주 바다와 노을을 바로 앞에서 감상할 수 있다, 유채꽃과 수국, 해바라기, 코스모스 등 사계절 내내 꽃을 감상할 수 있는 것도 노을리의 장점이다."
노을해안로,제주특별자치도 서귀포시 대정읍 영락리,2778890,12,outdoor,indoor:몰/펜션 | outdoor:공원/전망대/해안,A01,A0101,A01010500,자연관광지,국립공원,자연생태관광지,126.2027620245,33.2563744294,"노을해안로는 이름에 걸맞게 일몰에 가면 멋진 노을을 감상할 수 있는 곳이다. 노을 뷰가 멋진 곳으로 알려졌지만 돌고래를 볼 수 있는 곳으로도 유명하다. 도로 주변을 지나다 보면 돌고래  관련 커피숍, 펜션 등의 상호들을 심심치 않게 볼 수 있다. 노을해안로는 대정읍 일과리에서 신도 1리로 향하는 약 12㎞ 코스로 국토해양부에서 선정한 전국 52개의 해안 누리길 중 46코스에 속하는 길이다. 해안 길 곳곳에 전망대와 정자가 있어 쉬어 가며 경치를 볼 수 있고 날씨가 좋을 경우, 후반부 2㎞ 구간에서는 마라도의 모습까지 볼 수 있다. 제주 해안 길 중 일몰이 가장 아름답다는 후기로 유명하다."
노형수퍼마켙,제주특별자치도 제주시 노형로 89,2740014,14,mixed,indoor:미술관/박물관/전시/카페 | mixed:테마파크/파크,A02,A0206,A02060500,역사관광지,박물관,미술관/화랑,126.4552187560,33.4650081095,"노형수퍼마켙은 약 4000㎡(1200여 평)의 면적과 최대 높이 20m(6층 건물 높이)의 웅장하고 압도적인 규모의 미디어아트 테마파크이다.
‘일상과 비일상이 공존하는 공간 속에서 자신만의 아이덴티티를 발견하는 여정’이라는 스토리라인으로, 내부는 ‘노형수퍼마켙 프리쇼’, ‘베롱베롱’, ‘뭉테구름’, ‘와랑와랑’, ‘곱을락’ 등 미디어아트 영상 공간을 중심으로 한 총 5개의 전시 공간으로 구성되어 있다. 내부 카페인 ‘노형다방’에서는 흑백 콘셉트의 다양한 음료 및 디저트를 즐길 수 있으며, 기념품 샵인 ‘노형잡화점’에서는 노형수퍼마켙 고유의 패턴이 들어간 특별한 기념품들을 만나볼 수 있다."
녹산로 유채꽃도로,제주특별자치도 서귀포시 표선면 가시로565번길 20,1993734,12,outdoor,outdoor:공원/산/오름,A02,A0203,A02030100,역사관광지,농.산.어촌 체험,농.산.어촌 체험,126.7716354990,33.3532755098,"녹산로 유채꽃도로는 서귀포 가시리마을 진입로부터 10km 구간에 펼쳐지는 유채꽃과 벚꽃이 어우러져 그림 같은 드라이브 코스를 자랑하는 곳이다. 한국의 아름다운 길 100선에 선정되기도 한 가시리마을 녹산로는 조선시대 최고의 목마장이던 녹산장과 갑마장을 관통하는 길로 멀리 보이는 한라산과 유채꽃밭이 어우러져 아름다운 풍광을 만들어낸다. 또한 인근에 가시리 풍력발전단지가 위치하고 있어 더욱 다채로운 뷰를 선사한다. 인근에는 조랑말 체험 공원, 갑선이 오름 등 제주의 자연환경을 느낄 수 있는 명소가 위치하고 있다."
논짓물,제주특별자치도 서귀포시 예래해안로 256 (하예동),2740047,12,outdoor,outdoor:공원/캠핑/해수욕장/해안,A01,A0101,A01011200,자연관광지,국립공원,해수욕장,126.3887657618,33.2365767524,"논짓물은 용천수가 바다로 흘러나가며 바닷물과 민물이 만나 만들어진 천연 해수욕장이다. 많은 양의 민물이 해안과 너무 가까운 곳에서 솟아나 농업용수나 식수로 사용할 수 없어서 물을 그냥 버린다(논다)는 의미로 논짓물이라고 불렀다. 지금은 바다로 유입되는 민물의 양이 많아 둑을 막아 풀장과 샤워장을 만들어 여름 물놀이 장소로 인기가 좋다. 물놀이 시 부상을 방지하기 위해 슬리퍼나 샌들을 신는 것을 권장한다. 
논짓물 유원지는 하예마을회와 청년회에서 관리하고 운영하고 있다. 방문 이용 시 관리비 및 운영에 필요한 경비를 그늘막, 평상, 파라솔, 캠핑텐트 이용요금으로 징수하고 있다. 
논짓물은 바당올레(바다올레)인 올레길 8코스 ‘월평-대평 올레’의 구간 중 하나이다. 옆에 쭉 뻗어있는 예래해안로는 바다를 감상할 수 있는 멋진 드라이브코스이기 때문에 논짓물과 함께 들러보면 좋다."
논짓물식당,제주특별자치도 제주시 성화로9길 10 (용담이동),2783400,39,indoor,indoor:식당/음식점,A05,A0502,A05020100,음식점,한식,한식,126.5044161774,33.5126591724,"제주 공항 근처 갈치조림 맛집으로 알려진 논짓물식당은 제주도민들의 추천이 많은 곳이다. 가게 내부는 그리 크지 않고 식사 시간에 가면 웨이팅을 할 수도 있으며 대표 메뉴는 갈치조림이다. 제주 앞바다에서 당일 공수해 온 생물 갈치를 조리하여 싱싱하고 살이 도톰하고 촉촉하다. 조림, 해물탕, 구이 주문 시 밥은 별도 주문으로 공깃밥, 돌솥밥을 선택할 수 있다."
놀맨,제주특별자치도 제주시 애월읍 애월로1길 24,1964507,39,indoor,indoor:음식점 | outdoor:야외,A05,A0502,A05020100,음식점,한식,한식,126.3102064238,33.4625033154,"제주시 애월읍에 위치한 해물라면 전문 음식점 놀맨에서는 주인이 직접 문어를 잡아와 해물라면을 제공한다. 당일 문어가 잡힌 경우에 한해서만 문어가 들어가며, 이외에 다양한 해물을 이용하여 라면을 제공한다. 많은 해물이 들어간 라면이라 비주얼이 좋다. 면발은 꼬들꼬들하게 끓여져서 나오며 라면 수프맛보다는 해물짬뽕맛 같은 깔끔하고 시원한 맛을 느낄 수 있다. 매장 테이블은 모두 야외에 위치해 있어 바다를 바라보며 식사가 가능하다."
놀멍쉬멍 제주 바다 구경떠나기,,2372024,25,outdoor,outdoor:해안,C01,C0115,C01150001,가족코스,도보코스,도보코스,126.5460485461,33.5180620158,"가장 제주다운 풍경을 만날 수 있는 방법은 차편이나 걸어서 해안도로를 달려보는 것. 대자연의 너른 품에서 바름과 구름, 돌과 나무와 하늘을 길동무 삼아 달리며 심신의 여유와 자유로움을 마음껏 느껴보시길."
높은오름,제주특별자치도 제주시 구좌읍 송당리,1965800,12,outdoor,outdoor:공원/산/오름,A01,A0101,A01010400,자연관광지,국립공원,산,126.7928118419,33.4573282459,"이 오름은 주변 일대에서 유일하게 고도가 높은 오름으로 능선미가 선하고, 주위에 산재된 뭇 오름을 압도하는 느낌을 주어 높은 오름이라 불리고 있다. 정상에는 원형 굼부리가 세 개의 봉우리를 이어가면서 위용을 자랑하고 있다. 등성이 여기저기에는 크고 작은 바위들이 있고 그 틈새에는 사스레피나무와 부처손이 자라나고 있으며, 등성이 일부에서는 물매화, 미나리아제비, 제비꽃, 피뿌리풀들도 서식되고 있음이 발견된다. 표고가 높기 때문에 정상에서는 사방을 시원스레 조망할 수 있으며, 특히 다랑쉬, 거미오름, 백약이로 이어지는 조망이 매우 뛰어나다."
누이밥집,제주특별자치도 서귀포시 중산간서로 695 (회수동),2871851,39,indoor,indoor:음식점 | outdoor:산,A05,A0502,A05020100,음식점,한식,한식,126.4411800675,33.2631329802,"누이밥집은 제주 중산간서로 회수마을회관 근처에 자리 잡고 있는 제주 향토 음식 전문점으로, 제주 로컬의 맛을 느낄 수 있는 곳이다. 대표 메뉴는 전복과 전복 내장 소스를 곁들여 나오는 돌솥밥이다. 밥 위에 진한 전복 내장 소스가 더해져 감칠맛을 더하고, 부드러운 전복살이 입안을 풍성하게 채워준다. 뼈 없이 즐기기 좋은 갈치뚝배기와 전복 뚝배기 등도 인기 메뉴이다. 특히 접착뼈국은 돼지머리와 갈비 사이의 접착뼈를 고아낸 육수에 메밀가루와 무를 넣어 만든 제주만의 특별한 음식으로 이곳에서 맛볼 수 있다. 누이밥집은 아침부터 영업을 시작해 든든한 제주식 아침 식사를 원하는 여행객들에게도 안성맞춤이다. 매장 앞에는 넉넉한 주차 공간이 마련되어 있어 차량을 이용한 방문도 편리하다."
느지리오름,제주특별자치도 제주시 한림읍 봉수대길 5,2740127,12,outdoor,outdoor:공원/산/오름/전망대/해안,A01,A0101,A01010400,자연관광지,국립공원,산,126.2607962828,33.3629135599,"느지리오름은 어린이나 어르신들도 가볍게 오를 수 있는 오름으로, 상명리의 옛 이름인 느지리에서 유래된 이름이다. 16세기 이후 봉수가 설치되면서 망오름으로 불리기도 한다. 그만큼 오름 정상에 오르면 제주도 북서부 전역을 둘러볼 수 있을 정도의 넓은 시야를 자랑한다. 전망대까지 오르는 길은 나무가 우거져 있어 숲을 걷는 듯한 기분을 느낄 수 있고, 맑은 날에는 정상 전망대에서 한라산을 비롯한 북서부 오름을 두루두루 조망할 수 있다. 특히 정상에서 바라보는 해안과 석양의 모습은 장관으로 널리 알려져 있다. 전망대에서 선명하게 찾아볼 수 있는 새별오름부터 조금은 낯선 바리메오름, 북돌아진오름, 이달봉까지 찬찬히 돌아보며 안내판과 오름의 실제 모습을 비교하며 살펴보는 재미도 있다. 등산로가 오름의 완만한 능선과 두 개의 굼부리 둘레를 따라 조성되어 있어 급경사가 거의 없이 평탄하게 이어져 있다."
니모메,제주특별자치도 제주시 일주서로 7335-8,2839759,39,indoor,indoor:실내/음식점/카페 | outdoor:야외,A05,A0502,A05020900,음식점,한식,카페/전통찻집,126.4309535489,33.4937545425,"제주의 카페 니모메는 공항 근처에 위치해 있어 바다를 바라보며 여유로운 시간을 보낼 수 있는 장소이다. 빈티지한 소품들로 아늑하게 꾸며진 인테리어가 특징이며, 커피와 함께 제공되는 다양한 디저트가 일품이다. 실내뿐만 아니라 마당에서도 커피를 즐길 수 있어 날씨 좋은 날에는 야외에서 편안하게 시간을 보낼 수 있다. 제주 여행 중 여유로운 한때를 보내기에 적합한 카페로, 바다와 빈티지 분위기를 동시에 즐길 수 있는 공간이다."
다래향,제주특별자치도 제주시 조천읍 조함해안로 428-4,1877056,39,indoor,indoor:미술관/음식점 | outdoor:둘레길/산/해변/해수욕장,A05,A0502,A05020400,음식점,한식,중식,126.6607351684,33.5457941142,"다래향은 제주시 조천읍 함덕해수욕장 인근에 있는 짬뽕 전문점이다. 신선한 해산물이 가득 들어간 다양한 종류의 짬뽕이 눈길을 사로잡는다. 대표 메뉴는 다래향해물짬뽕,  속풀이왕짬뽕으로 해물이 가득하여 시원한 맛을 낸다. 또한 짬뽕 메뉴 외에 짜장의 진한 맛을 느낄 수 있는 유니짜장과 바삭바삭한 흑돼지탕수육 등 다양한 메뉴를 즐길 수 있다.  주변 관광지로 함덕해변, 서우봉둘레길, 김택화 미술관 등이 있다."
다려도,제주특별자치도 제주시 조천읍 북촌리,1928421,12,outdoor,outdoor:공원/섬/해안,A01,A0101,A01011300,자연관광지,국립공원,섬,126.6953319009,33.5572322923,"섬의 모습이 물개를 닮았다고 해서 달서도라고도 한다. 제주도 북부 끝의 북촌리 마을 해안에서 400m 정도 거리의 앞바다에 떠 있는 무인도이다. 온통 현무암으로 이루어진 바위섬으로 독립된 작은 섬이 모여 이 섬을 이룬다. 거센 파도와 해풍에 의해 바위가 갈라지는 절리 현상을 곳곳에서 볼 수 있으며, 작은 섬과 섬 사이는 소규모의 모래벌판으로 연결되어 있다. 다려도는 천연기념물 원앙의 집단 도래지로 유명하여 해마다 12월에서 2월 사이에 적게는 수백 마리에서 많게는 수천 마리의 원앙이 찾아온다. 제주시가 발표한 제주시 숨은 비경 31곳 중 하나이며 북촌리 마을의 어선을 이용해 바다 위에 그림같이 떠있는 듯한 절경의 다려도 주변을 둘러볼 수 있다."
다린,제주특별자치도 서귀포시 법환로 11 (법환동),2876416,39,indoor,indoor:음식점/카페 | outdoor:산,A05,A0502,A05020900,음식점,한식,카페/전통찻집,126.5138521391,33.2365509509,"다린은 제주도에 위치한 전통 찻집으로, 수제로 만든 다양한 전통차와 디저트를 제공하는 것이 특징이다. 이곳의 모든 메뉴는 매장에서 직접 손수 만들어 제공되며, 가마솥에 달여 낸 쌍화탕, 국내산 대추를 우려 만든 대추탕, 직접 삶은 팥을 활용한 인절미구이 등 전통적인 방식으로 조리된다. 대표 메뉴는 전통차 구성으로, 차와 함께 가래떡구이, 수제 양갱, 오설록 녹차가 함께 제공되어 조화로운 맛을 즐길 수 있다. 외에도 다양한 디저트 메뉴가 준비되어 있는데 인절미 팥빙수, 흑임자 팥빙수, 홍시빙수, 그리고 곶감말이 등이 있다. 또한 다린에서는 차를 선물용으로 구매할 수 있도록 '다린 선물세트'도 판매 중이며, 쌍화차, 대추차, 또는 이 두 가지를 혼합한 구성을 선택할 수 있다."
다이나믹 메이즈 제주,제주특별자치도 서귀포시 표선면 번영로 2644,2418778,12,mixed,indoor:실내 | outdoor:공원 | mixed:관광단지,A02,A0202,A02020600,역사관광지,관광단지,테마공원,126.7847499840,33.3990984383,"다이나믹 메이즈는 여럿이서 협동하여 장애물을 뛰어넘고, 순발력과 집중력을 필요로 하는 미션을 수행하면서 미로를 탈출하는 실내 놀이 공간이다. 커다란 미로 공간 속에서 벽을 타고 올라가고, 촘촘한 밴드를 탈출하는 등 다양한 장애물을 넘어 탈출해야 한다. 2015년 7월, 인사동에 선보인 이후 수많은 국내외 고객들로부터 사랑을 받은 다이나믹 메이즈 는 2016년 3월 강원도 속초와,제주도 성읍에도 문을 열었다."
다이브랜드,제주특별자치도 서귀포시 보목포로 29 (보목동),636073,28,outdoor,outdoor:레포츠/섬,A03,A0303,A03030400,레포츠소개,윈드서핑/제트스키,스노쿨링/스킨스쿠버다이빙,126.6059829492,33.2408297167,"다이브랜드는 수중 환경이 뛰어난 제주도 서귀포에 있다. 이곳은 다이빙 포인트로서 유명한 문섬을 포함하여 수많은 다이빙 포인트들이 있다. 스킨스쿠버, 체험 다이빙, 오픈워터, 보트 다이빙을 할 수 있는 프로그램이 있으며 국내에서는 할 수 있는 곳이 드문 야간 다이빙도 진행하고 있다. 다이빙 풀 세트 장비도 보유하고 있어서 간단한 체험 다이빙도 가능하므로 부담 없이 즐길 수 있다. 이 외에도 다이버 전용인 게스트하우스도 운영하고 있다. 비수기를 제외하고는 늘 개장하고 있으며 일정 문의 또는 체험프로그램 예약 및 안내는 전화로 하면 된다."
다인오세아노 호텔,제주특별자치도 제주시 애월읍 애월해안로 394,2918447,32,indoor,indoor:몰/숙박/실내/호텔 | outdoor:산/야외,B02,B0201,B02010100,숙박시설,관광호텔,관광호텔,126.3504804724,33.4725306183,"다인오세아노 호텔은 고내리 포구 앞에 있다. 애월 바다를 전망할 수 있으며 모든 객실이 49.5m2(15평) 이상으로 큰 침대와 깔끔한 린넨 이불깃이 준비된 가족호텔이다. 풀빌라는 4가지 타입이 있으며 객실 안에 풀이 있다. 루프탑 인피니티 풀은 4계절 미온수 풀로 바다 전망과 산 전망 중 선택하여 즐길 수 있고 카바나도 준비되어 있다. 결혼식도 가능하여 루프탑 야외웨딩, 실내 웨딩, 스몰웨딩 등 선택할 수 있고, 프라이빗한 루프탑 파티도 할 수 있다. 세미나, 연회가 가능한 오세아노 홀은 목적에 맞게 공간 활용과 메뉴 세팅이 가능하다. 다인 라이브 가든에서는 흑돼지 바비큐를 예약할 수 있고, 라이브 공연도 감상할 수 있다. 주변 여행지로 고내 포구, 고내봉, 연화지 등이 있다."
다정이네 올레시장 본점,제주특별자치도 서귀포시 동문로 59-1,2843803,39,indoor,indoor:시장/음식점,A05,A0502,A05020100,음식점,한식,한식,126.5668250373,33.2494253692,"다정이네 올레시장 본점은 제주특별자치도 서귀포시 서귀동 올레시장 근처에 있다. 김밥만 판매하는 곳으로 밥은 조금 들어가고 소가 꽉 찬 김밥이다. 계란지단이 많이 들어가는 다정이네김밥과 매운 멸치김밥, 제육김밥이 주요 메뉴다. 내부에 테이블이 3~4개 밖에 없는 작은 김밥집이지만 포장 주문이 많아 성수기에는 대기 줄이 길다. 쌈장부터 수제 디핑 소스에 이르는 모든 소시와 양념을 자체 제작하고 있으며 달걀지단 및 기본 속재료는 그때그때 부쳐서 30분 이내에 조리된 것만을 사용한다."
다희연,제주특별자치도 제주시 조천읍 선교로 266-4,745449,12,outdoor,indoor:카페 | outdoor:산/야외/정원,A02,A0204,A02040800,역사관광지,발전소,기타,126.7006637850,33.4789799258,"제주도 제주시 조천읍 선흘리 일대 6만 평 대지에 자리 잡은 다희연은 국내 최고 수준의 친환경 녹차를 생산하는 다원이다. 제주도는 연평균 온도가 섭씨 16도를 유지해야 하고, 뿌리가 쉽게 썩어 물이 잘 빠지는 녹차 재배의 최적의 조건을 갖추고 있다. 에버그린루체 야외 정원은 화산이 폭발하면서 흘러내린 용암에 의해 생성된 조그만 동굴들을 활용한 곳이다. 동굴 연못과 동굴 다리 그리고 제주 자생수와 야생화 등이 어우러져 있다. 이브홀은 동굴 천정이 뚫린 부분에 있다. 사방에 동공들이 뚫려 있는데 가장 긴 것은 30여 미터까지 된다. 여기에는 박쥐도 서식하고 있어 운이 좋으면 직접 볼 수도 있다.  이브홀은 터널 같은 동굴을 통과하여야 들어갈 수 있다. 경덕원 정상부(그린루체)와 입구(이브홀)에 각각 자리한 두 곳의 동굴 카페에서는 천연 녹차 발효 빵, 녹차 쿠키, 녹차 머핀, 녹차라떼, 천연 녹차 발효즙 카테킹 등이 판매되고 있다."
단소,제주특별자치도 제주시 애월로 139-4,2851913,39,indoor,indoor:음식점 | outdoor:산/해안,A05,A0502,A05020100,음식점,한식,한식,126.3226414094,33.4644477406,"단소는 애월초등학교 근처에 있다. 단소는 ‘단정하고 소박하게’의 줄임말로 단품메뉴 없이 흑돼지두루치기를 주요 반찬으로 한 10첩 가정식백반을 선보인다. 모든 반찬의 식재료는 국내산이며 반찬은 계절에 따라 조금씩 바뀐다. 음식 모두 당일 요리를 원칙으로 하고, 어린이 동반, 반려견 동반 모두 가능하다. 하루 50인분만 판매하기 때문에 영업시간보다 빨리 영업이 마감되기도 한다. 주변 여행지로 한담해안산책로, 고내방파제 등이 있다.   
※ 반려동물 동반 가능"
달달미깡감귤밭,제주특별자치도 서귀포시 남원읍 하례로 377,3027466,12,outdoor,indoor:카페 | outdoor:산/오름/전망대,A02,A0203,A02030100,역사관광지,농.산.어촌 체험,농.산.어촌 체험,126.6208391094,33.2801728350,"달달미깡감귤밭은 감귤이 맛있기로 소문난 남원읍에 위치해 있다. 주변에 건물도 없고 깨끗하게 관리가 잘 되어있어 상업적이지 않은 느낌이라 방문객들의 반응도 상당히 좋다. 감귤밭 곳곳에 다양한 포토존이 있어 감귤 체험을 하며 멋진 사진도 남길 수 있다. 전망대에서 주변 풍경을 한눈에 담고 파라솔 테이블에 앉아 감귤 체험에서 직접 수확한 귤을 먹으면서 힐링해도 좋다. 또한, 초록색 감귤나무와 빨간 지붕이 특색인 카페 자체만으로도 소담하고 아늑한 감성을 자극한다. 감귤 체험 후 예쁜 감귤밭이 보이는 뷰 맛집 카페에서 다양한 음료를 마시며, 창가 앞 포토존에서 예쁜 SNS 감성 사진은 덤으로 건질 수 있다. 맞은편에는 걸서악(걸세오름)이 병풍처럼 펼쳐져 있는데 도보로 12분 정도면 도착하니 관심이 있다면 감귤 체험 후 오름도 함께 다녀와도 좋겠다.
모든 나무 아래는 눈이 내린 듯 하얀색 타이백원단이 깔려 있는데, 이것은 햇빛을 반사시켜 더욱 많은 빛을 감귤나무가 받게 해서 당도를 높이는 재배 방식이라고 한다. 9월 초가 지나면서부터 그다음 해 1월까지 본격적으로 타이벡감귤체험이 시작된다고 한다. 한여름 8월 한 달 정도 기간 동안에는 청귤 체험도 가능하다고 하니, 직접 청을 담아 에이드를 만들어 먹는 것도 가능하다."
달팽이식당,제주특별자치도 서귀포시 안덕면 일주서로 1322-1,2847823,39,indoor,indoor:박물관/식당/음식점 | outdoor:해수욕장/해안,A05,A0502,A05020100,음식점,한식,한식,126.3719637973,33.2655038505,"달팽이식당은 제주특별자치도 서귀포시 안덕면 창천리에 있다. 일주서로와 한창로가 만나는 삼거리 근처에 있는 달팽이식당은 귤 창고를 리모델링한 조용하고 소박한 공간이다. 직접 농사지은 콩으로 할머니가 직접 띄운 청국장과 석쇠구이 세트 단일 메뉴를 제공한다. 보리밥과 함께 집밥 같은 한상을 받아볼 수 있는 곳으로 동그란 소반에 나오는 상차림이 SNS용으로 인기이다. 재료 소진 시 영업을 마감하고, 2인부터 주문 가능하다. 주변 여행지로 논짓물, 용머리해안, 중문색달해수욕장, 본태박물관 등이 있다."
담백 월정리본점,제주특별자치도 제주시 구좌읍 해맞이해안로 518,2862097,39,indoor,indoor:식당/음식점 | outdoor:공원/산/해변/해수욕장/해안,A05,A0502,A05020100,음식점,한식,한식,126.8013338239,33.5564618637,"담백은 월정리에서 세화 방향 해안도로에 위치하고 있다. 갈치, 전복, 흑돼지 모두 제주산 원재료로 솥밥을 짓는 식당이다. 대표메뉴인 전복 솥밥은 특제 전복 게우소스와 신선한 게우로 지어낸 솥밥을 전복과 함께 곁들어 먹는다. 밥 위에 큼직한 갈치구이가 올라가는 갈치솥밥은 뼈와 가시를 모두 제거한 후 소금간을 하여 구워 낸 후 직접 우려낸 육수로 지은 솥밥에 올려져 나온다. 비리지 않고 가시가 발라져 있어 아이들이 먹기에도 편하다. 작은 매장에서 뜨거운 솥밥을 차리기 때문에 아이들이 자리에 앉아 있도록 주의가 필요하다. 근처에 함께 둘러보기 좋은 여행지로 월정리 해수욕장, 코난 해변, 제주밭담테마공원 등이 있다."
답다니수국밭,제주특별자치도 서귀포시 월평로50번길 17-30 (월평동),2854437,12,mixed,outdoor:공원/정원 | mixed:관광단지,A01,A0101,A01010500,자연관광지,국립공원,자연생태관광지,126.4642673842,33.2438882462,"답다니수국밭은 제주 서귀포시 월평동, 동병듸 버스정류장 근처에 위치한 아름다운 수국 명소로, 매년 수국 개화 시기에 맞춰 개방되는 정원이다. 입장료를 내면 입장과 함께 수국 한 송이를 기념 선물로 제공받을 수 있으며, 밭 곳곳에는 집, 벤치, 테이블, 작은 오두막 등 다양한 포토존이 마련되어 있어 방문객들이 인생 사진을 남기기 좋으며, 수국 특유의 풍성하고 화려한 꽃송이 덕분에 이곳은 웨딩 스냅샷이나 커플 사진 촬영지로도 널리 알려져 있다. 단, 개화 시기와 날씨에 따라 개장 여부가 달라질 수 있으므로, 공식 채널을 통해 운영 상황을 사전 확인 후 방문하는 것을 추천한다. 수국밭 관람을 마친 뒤에는 인근의 약천사, 대포주상절리, 중문관광단지 등 제주 서귀포의 주요 관광지를 함께 둘러보며 여행 일정을 더욱 풍성하게 채울 수 있다."
답다니탑망대,제주특별자치도 제주시 우도면 연평리,2767790,12,outdoor,outdoor:등대/섬/해안,A02,A0205,A02050600,역사관광지,다리/대교,유명건물,126.9526464263,33.5249205816,"우도 해안도로를 따라 돌다 보면 유난히 돌탑을 많이 만난다. 거의 바위 크기로 쌓아 올린 탑으로 무척 이색적이다. 이런 돌탑들이 모인 것이 답다니탑망대인데 4·3 사건 당시에 제주도 본섬과 바다의 상황들을 알아보고자 쌓아 올린 초소의 역할을 했다고 한다. 바위 크기로 쌓아 올려 이색적인 경관을 자아내는 답다니탑망대는 돌탑으로 쌓아 올린 봉수대와 그 옆 하얀 등대가 자리하고 있다. 등대 바로 옆으로 하트 모양 원담이 있어 사진 촬영 장소로 유명하다.
(출처 : 제주 문화관광 홈페이지)"
당당,제주특별자치도 제주시 중엄안1길 25,2857350,39,indoor,indoor:음식점/카페,A05,A0502,A05020900,음식점,한식,카페/전통찻집,126.3708925420,33.4744723929,"당당은 제주 애월 일주서로 아래쪽에 있는 브런치 카페로 크림 위에 살구를 올려 마치 계란프라이처럼 차려 나오는 당당 수플레 팬케이크가 유명하다. 또한, 토치로 구운 바나나, 트뤼프 베리 컴포트 등도 인기 메뉴로 여행자들의 인증샷 성지이기도 하다. 자리가 협소한 편이라 13세 이상만 출입할 수 있으며 팀당 4명 이하로 제한하고 있다. 주변 여행지로 구엄리 돌염전, 구엄포구가 있다."
당산봉,제주특별자치도 제주시 한경면 고산리 산 15,2704703,12,outdoor,outdoor:공원/산/오름/전망대/해안,A01,A0101,A01010400,자연관광지,국립공원,산,126.1727968238,33.3078071658,"당산봉은 세계지질공원 주요 명소인 곳으로, 올레 12코스의 끝자락에 있다. 당산봉은 오래전부터 당오름이라고도 불렸는데, 당이 신당을 뜻하는 말로, 옛날 당산봉 기슭에 뱀을 신으로 모시는 신당이 있었다고 하여 붙여진 이름이다. 당산봉은 물과 마그마의 폭발적인 반응에 의해 형성된 수성화산체로 안덕면에 있는 산방산, 용머리와 더불어 제주도에서 가장 오래된 화산체 중 하나이다. 당산봉 정상까지 경치를 감상하면서 오르다 보면 정상 바로 밑으로 거북바위와 전망대가 있다. 전망대에서 북쪽으로는 신창 풍차해안도로가 이어지고 남쪽으로는 수월봉, 산방산까지의 푸른 해안이 한눈에 펼쳐진다. 푸른 해안과 함께 한경면의 고즈넉한 평야의 풍경을 즐기는 것 또한 일품이다."
당케올레국수,제주특별자치도 서귀포시 표선면 민속해안로 584,2767629,39,indoor,indoor:음식점 | outdoor:산/해수욕장,A05,A0502,A05020100,음식점,한식,한식,126.8433465940,33.3253241907,"당케 올레국수는 제주도 표선해수욕장 근처에 있는 국수 전문점이다. 주요 메뉴는 걸쭉하고 칼칼한 맛의 보말칼국수다. 칼국수 메뉴에도 죽처럼 쌀이 들어가 죽과 면을 한 그릇에 맛볼 수 있고, 속까지 뜨끈해지는 맛이 진국이라는 평이 많이 받고 있다. 보말죽 역시 기본적으로 청양고추가 들어가 있어 물리지 않고 끝까지 담백하고 매콤하게 먹을 수 있다. 이외에도 성게 칼국수, 고기 국수, 한치 무침, 자리 무침 등 제주 특산 메뉴가 다양하게 준비되어 있으니 마음껏 즐기면 된다."
당케포구,제주특별자치도 서귀포시 표선면 민속해안로 566-1,2704447,12,outdoor,outdoor:공원/등대/산/해변,A01,A0101,A01011400,자연관광지,국립공원,항구/포구,126.8451186744,33.3247853896,"올레 4코스 출발 지점에 있는 당케포구는 제주에서 가장 넓은 면적의 백사장인 표선 해비치 해변에 있는 포구이다. 조선 시대부터 어업과 무역이 이루어지면서 일제 강점기 이후에는 포구에 마을이 형성되었으며, 당케포구의 백사장에서 성산일출봉 방향으로 바라보면 표선해변과 당케마을이 보인다. 당케는 ‘당이 있는 케(경작지)’라는 의미인데 여기서 ‘당’은 ‘할망당’을 가리킨다. 포구 사이에 바다를 향해 나 있는 길의 끝에는 하얀 등대가 자리하고 있다. 등대와 어우러진 바다 풍경과 간혹 드나드는 통통배가 멋진 풍광을 자아내며 제주도 내 해돋이 명소로도 유명하다."
당포로나인 돈카츠,제주특별자치도 서귀포시 표선면 표선당포로 9,2861372,39,indoor,indoor:음식점 | outdoor:야외/정원/해수욕장,A05,A0502,A05020300,음식점,한식,일식,126.8435882289,33.3257880323,"당포로나인 돈카츠는 제주 표선 해비치 해수욕장 인근에 위치해 있는 돈카츠 전문점이다. 제주의 유명 식재료를 사용하여 돈카츠와 콜라보된 메뉴를 선보이고 있다. 이곳의 모든 소스와 육수는 직접 만들어 사용하기 때문에 건강하게 믿고 먹을 수 있다. 입구 쪽에서는 상상할 수 없는 바다 풍경이 창가에 펼쳐지기 때문에 찾아오는 여행자가 많다. 야외 좌석도 마련되어 있는데, 날씨 상황에 따라 이용여부가 결정되며, 예약 없이 오는 순서대로 앉을 수 있다. 단, 야외는 셀프도 배식과 퇴식을 해야 한다. 정원에는 아이들이 좋아하는 그네와 정자 등 놀거리도 있다. 돈카츠 메뉴로는 건강한 과일 수제 소스를 곁들인 흑돼지 일식 정통 돈카츠인 제주흑돈카츠와 치즈가 듬뿍 들어간 치즈콤보카츠, 다양하게 맛볼 수 있는 모듬카츠, 경양식돈카츠 등이 준비되어 있다. 이외에도 우동과 모밀 등의 메뉴도 판매하고 있다."
대기정,제주특별자치도 서귀포시 이어도로 41 (대포동),2753037,39,indoor,indoor:실내/음식점,A05,A0502,A05020100,음식점,한식,한식,126.4285622273,33.2403019678,"대기정은 제주도 중문에 위치한 갈치 요리 전문점이다. 채낚이배로 잡은 13 미 이상의 최상품 생물 갈치만을 사용하며 제주도에서 통갈치 음식점 중 가장 싸고 맛있는 집이라고 자부한다. 뼈 없는 갈치조림을 비롯하여 통갈치구이, 고등어구이, 고소하고 푸짐한 전복돌솥밥 등 제주의 맛을 만끽할 수 있는 메뉴들로 가득하다. 2층까지 넓고 쾌적한 실내공간은 물론 친절한 직원들이 있고 도로와 가까운 주차장까지 겸비하고 있다."
대정오일시장,제주특별자치도 서귀포시 대정읍 신영로36번길 65 (대정읍),132161,38,indoor,indoor:쇼핑/시장,A04,A0401,A04010100,쇼핑,5일장,5일장,126.2483310829,33.2204929929,"대정오일시장은 6·25전쟁 당시 문을 연 곳으로 제주도 서부 지역에서 가장 큰 오일시장이다. 모슬포에 자리 잡고 있어 모슬포 오일장이라고도 불리며 당시 대정읍에는 비행장과 육군훈련소가 있어 필요한 생활용품 및 물자가 오가다 보니 점차 커지게 되었고 자연스레 시장이 형성되었다고 한다. 대정읍 내에서 자리를 몇 번 옮기며 지금은 현재의 자리인 대정읍 하모리에 자리를 잡았다. 큰 규모만큼이나 선원들이 필요한 물품 등 취급하지 않는 상품이 없고 다양한 먹거리까지 준비되어 있으니 출출한 배를 달래려 방문해 보는 것도 나쁘지 않다. 대정 오일장은 매월 1일, 6일에 장이 열린다. 다만, 31일이 있는 달에는 31일에 문을 열고 다음 날 1일에는 열리지 않으니 참고하는 것이 좋다."
대정향교,제주특별자치도 서귀포시 안덕면 향교로 165-17,1621175,12,unknown,,A02,A0201,A02010700,역사관광지,고궁,유적지/사적지,126.2884466303,33.2392193306,"대정향교는 서귀포시 안덕면에 있으며, 1416년에 세웠는데 이후 터가 좋지 않다고 하여 여러 차례 옮기다가 1653년 지금 있는 자리로 옮겼다. 대정향교는 2단으로 지어진 정지된 부지 위에 상단부는 제향 공간인 대성전, 하단부에는 강학 공간인 명륜당이 배치되어 전학후묘의 전형적인 향교 배치를 하고 있다. 현존 건물로는 대성전·명륜당, 동재·서재·신삼문·정문·대성문 등이 있으며, 대정향교의 대성전과 명륜당은 조선시대 그 어느 지역보다 척박했던 제주 대정지역의 향토성과 역사성을 투영시켜 소박하고 절제된 양식으로 표현해 냈다. 추사 김정희가 유배 생활을 할 때 이곳에서 학생들을 가르치기도 했다고 전한다."
대평포구,제주특별자치도 서귀포시 안덕면 창천리 914-5,2789609,12,outdoor,outdoor:공원/해안,A01,A0101,A01011400,자연관광지,국립공원,항구/포구,126.3620208614,33.2365152273,"제주 올레 9코스의 시작 점이자 동시에 8코스의 종착점인 대평포구는 현재 낚싯배나 작은 어선이 정박하는 포구로 이용되고 있지만, 고려 시대 때는 원이 제주에 탐라 총괄부를 두어 강점하면서 제주마(馬)를 송출하는 포구로 이용되기도 하였다. 용암이 굳어져 만들어진 넓은 지대로 이루어져 있어 이곳을 ‘대평(大坪)’리라 칭하며 넓은 들을 의미한다. 대평리는 과거에 ‘용왕난드르’라 불렸으며 ‘난드르’ 또한 ‘넓은 들’이라는 의미의 제주 방언이다. 넓은 포구의 해안 길을 따라 걷다 보면 박수 기정이라 불리는 해안 절벽이 수려한 풍광을 자랑하고 있다."
대포주상절리,제주특별자치도 서귀포시 이어도로 36-24 (중문동),127053,12,mixed,outdoor:공원/해안 | mixed:관광단지,A01,A0101,A01011100,자연관광지,국립공원,해안절경,126.4264985478,33.2389326421,"막혔던 가슴이 탁트이도록 시원스레 부서지는 파도, 신이 다듬은 듯 정교하게 겹겹이 쌓은 검붉은 육모꼴의 돌기둥이 병풍처럼 둘러쳐져 있는 중문관광단지 동부지역 해안가의 주상절리대는 자연의 위대함과 절묘함을 동시에 느낄 수 있는 천혜의 관광자원으로, 제주도 지정문화재 기념물이다. 아득한 옛날 지각변동으로 인해 이루어진 주상절리대를 보고 있으면 새하얗게 부서지는 포말 속에 석수장이의 애달픈 사연이라도 금새 실려오는 듯하다. 파도가 심하게 일 때는 높이 20m 이상 용솟음치는 장관을 연출한다. 천혜의 절경으로 인해 테마여행지로 각광받고 있는 명소다.
주상절리(柱狀節理, columnar jointing)란 주로 현무암질 용암류에 나타나는 기둥모양의 수직절리로서 다각형(보통은 4∼6각형)이며, 두꺼운 용암(약 섭씨 1100도)이 화구로부터 흘러나와 급격히 식으면서 발생하는 수축작용의 결과로서 형성된다고 하는데 이곳의 주상절리는 높이가 30~40m, 폭이 약 1km 정도로 우리나라 최대 규모이다."
대포포구,제주특별자치도 서귀포시 대포동,2738714,12,outdoor,outdoor:계곡/공원/레포츠/해안,A01,A0101,A01011400,자연관광지,국립공원,항구/포구,126.4392113608,33.2377274199,"대포포구는 제주도 서귀포시 대포동에 위치한 포구이다. 이곳은 월평마을의 아왜낭목에서 안덕 계곡의 대평 포구에 이르는 제주 올레 8코스 중간에 자리 잡고 있다. 대포항에서는 요트 투어가 가능하며, 360도 회전하는 제트보트 등의 이색적인 해상 레포츠도 경험할 수 있다.
포구가 위치한 대포동은 주상절리가 아름답게 펼쳐진 지삿개 해안과 약천사가 있어 많은 관광객이 찾는 곳이다. 대포마을 주변은 경사가 완만한 용암 지대가 넓게 분포해 있고, 끝없이 펼쳐진 바다와 넓은 초지대의 울창한 삼림지대로 이루어져 있다."
대포해안,제주특별자치도 서귀포시 이어도로 36-30 (중문동),2781422,12,outdoor,outdoor:계곡/공원/해안,A01,A0101,A01011100,자연관광지,국립공원,해안절경,126.4260597168,33.2380216246,"대포동에 있는 포구로, 대포동은 주상절리가 아름답게 펼쳐진 지삿개 해안과 약천사가 자리 잡고 있어 많은 관광객이 찾는 곳이다. 대포 마을 주변은 경사가 완만한 용암 지대가 넓게 분포해 있고, 끝없이 펼쳐진 바다와 넓은 초지대의 울창한 삼림지대가 있다. 대포포구는 월평마을의 아왜낭목에서 안덕계곡의 대평포구에 이르는, 제주올레 8코스 중간에 자리 잡고 있다. 또한 대포항에서는 요트 투어가 가능하며, 360도로 회전하는 제트보트 등의 이색적인 해상 스포츠도 경험할 수 있다.

(출처 : 비짓제주)"
더리트리브,제주특별자치도 서귀포시 안덕면 화순로 67,2850127,39,indoor,indoor:베이커리/음식점/전시/카페 | outdoor:산,A05,A0502,A05020900,음식점,한식,카페/전통찻집,126.3385643087,33.2479552633,"더리트리브는 제주 서귀포시 안덕면에 위치한 감성적인 카페로, 안덕중학교 건너편에 자리하고 있다. 이곳은 카페 이름처럼 실제 골든리트리버가 함께 지내는 공간으로, 반려견과 함께 방문할 수 있는 점이 특징이다. 더리트리브는 다양한 산지의 스페셜티 커피를 직접 로스팅하며, 정성스럽게 핸드드립으로 내려내는 커피 한 잔을 즐길 수 있으며 일반적인 카페에서 볼 수 있는 스낵이나 베이커리는 판매하지 않고 오직 커피와 음료만 제공해, 커피의 향과 맛에 더욱 집중할 수 있다. 매장 한편에는 다양한 커피 원두와 관련 굿즈, 서적 등이 전시·판매되고 있어 구경하는 재미도 쏠쏠하다. 카페 내부는 빈티지한 인테리어와 따뜻한 분위기로 꾸며져 있어 사진 찍기 좋은 포인트들이 많아 감성샷을 남기기에도 좋다."
더마파크,제주특별자치도 제주시 한림읍 월림7길 155,665594,12,mixed,outdoor:공원 | mixed:관광단지/파크,A02,A0202,A02020600,역사관광지,관광단지,테마공원,126.2430896662,33.3549530518,"더(馬)파크는 세계 최초의 말 전문 테마공원이다. 승마와 기마공연 등 말의 고장 제주도에서 말에 관한 모든 것을 즐길 수 있다. 2008년 첫 공연작 '칭기스칸의 검은 깃발'을 시작으로 2013년 두 번째 공연작인 '천년의 제국 아! 고구려'까지 약 700만명의 관광객들이 관람을 했으며, 현재 ＂위대한 정복자 광개토태왕"" 공연이 진행되고 있다.
공연단은 2008년 2월 라온랜드의 더마파크와 몽골 울란바타르 마사협회가 공동으로 구성한 전문 기마공연단이다. 단원들은 몽골 최대의 축제이자 전통행사인 나담축제를 중심으로 전국을 순회하며 기마공연을 해온 최고의 기마공연단원들 가운데 오디션을 거쳐 선발하였으며, 많은 사람들에게 재미와 감동을 선사하고 있다."
더쉼팡스파앤풀빌라,제주특별자치도 서귀포시 표선면 세성로 67-2,2751860,32,indoor,indoor:숙박/펜션/호텔 | outdoor:산/야외/정원/해변/해안 | mixed:관광단지,B02,B0201,B02010700,숙박시설,관광호텔,펜션,126.8037114351,33.3121916695,"더쉼팡스파앤풀빌라의 건축물은 제주의 변덕스러운 날씨 변화에도 오래 견딜 수 있는 콘크리트 구조로 건축되었으며 고급 마감재인 제주 화산석과 스타코플렉스를 사용하였다. 쉼팡은 ‘쉬어가는 곳’이라는 제주 토속어로 아름다운 정원 중앙 수영장에서 따뜻한 야외 스파를 즐길 수 있고, 야간 조명이 더해지면 환상적인 분위기를 느낄 수 있다. 단지 내 조경은 프라이빗 공간 분리가 가능하도록 설계되어 마음 편히 휴식을 취할 수 있다. 올레 4코스와 닿아 있어 올레길 산책, 낚시 등이 가능하고 해비치 해변 근처에 위치하여 해양 레저와 다양한 먹거리도 즐길 수 있다. 우측으로는 성산일출봉, 우도, 섭지코지 등이 있고, 좌측으로는 중문 관광단지와 서귀포 시내가 있어 해안 도로를 따라 여행을 즐길 수 있는 최적의 장소이다."
더클리프,제주특별자치도 서귀포시 중문관광로 154-17 (색달동),2708338,39,indoor,indoor:음식점/카페 | outdoor:해변/해수욕장 | mixed:복합,A05,A0502,A05020200,음식점,한식,서양식,126.4156104662,33.2450679043,"중문 해수욕장에 위치한 복합 어뮤즈먼트 공간 더 클리프는 선셋을 감상할 수 있는 최고의 오션뷰를 지닌 장소로 이색적인 공간에서 다양하고 맛있는 식음료를 제공하고 있다. 중문 해변과 선셋을 볼 수 있는 환상적인 제주 뷰를 배경으로 다양하고 재미있는 파티와 문화공연, 페스티벌을 기획하고 있다. 하우스와 테크노에 흠뻑 젖을 수 있는 디제이 파티도 즐길 수 있다. 평일 오후부터 마감까지, 주말 오후부터 마감까지 디제잉공연을 하고 있다. 안전상의 이유로 저녁 7시 이후로는 노키즈존으로 운영되며, 카페 메뉴 주문은 불가능하다. 외부로 나가면 발리베드를 이용할 수 있으며 이용제한시간이 있다."
덴드리,제주특별자치도 서귀포시 성산읍 삼달로 28-1,2845281,39,indoor,indoor:음식점/카페 | outdoor:산,A05,A0502,A05020900,음식점,한식,카페/전통찻집,126.8659214086,33.3694419084,"덴드리는 제주도 서귀포 성산읍 삼달리에 위치한 감귤밭 카페이다. 그리스 산토리니 스타일로 지어진 흰색 건물에 감귤밭이 보이는 곳으로 창을 냈다. 겨울에는 온통 귤빛으로 물든 아름다운 경치를 감상할 수 있으며 카페 내부도 자연 친화적인 조명과 식물로 인테리어를 마쳤다. 넓은 통창을 통해 날씨에 상관없이 사계절을 즐길 수 있다. 견고하고 묵직한 원두의 깊은 맛과 직접 기른 청귤의 은은한 산미와 단 맛이 기분 좋은 덴드리 청귤라떼와 프랑스산 고메버터 속 수제 바닐라빈 크림이 들어간 달콤한 덴드리 쿠키슈, 덴드리에서 직접 키운 귤로 만드는 신선하고 건강한 수제청 청귤 에이드가 이곳의 시그니처 메뉴이다. 이 외에도 깔끔한 콜드브루 베이스에 시원한 연유크림이 올라간 아이스커피인 프레도카푸치노, 겹겹이 쌓은 필로에 고메버터를 바르고, 견과류와 수제 크림치즈를 더한 고소한 수제 페스츄리인 바클라바 등 다양한 디저트와 음료가 준비되어 있다."
델문도,제주특별자치도 제주시 조천읍 조함해안로 519-10,2783406,39,indoor,indoor:베이커리/음식점/카페 | outdoor:해수욕장,A05,A0502,A05020900,음식점,한식,카페/전통찻집,126.6687289685,33.5436111507,함덕해수욕장 바닷가에 있는 델문도는 백사장 한가운데 있어 마치 바다 위에 떠 있는 느낌을 주어 사람들의 발길이 끊이질 않는 제주 핫플레이스 카페 중 하나이다. 델문도는 신선한 원두로 내리는 커피와 다양한 종류의 빵과 젤라또를 판매하는 베이커리 카페이다. 이곳에서 만드는 빵은 나오는 시간이 각각 정해져 있어 원하는 빵이 있다면 시간 확인 후 방문하는 게 좋다. 매장 한편에 원두와 굿즈도 판매한다. 직접 로스팅하여 내린 커피부터 디저트까지 즐길 수 있는 델문도는 메뉴의 선택이 다양하여 가족과 함께 가기 좋다.
도갈비,제주특별자치도 제주시 한라대학로 85 (노형동),2870589,39,indoor,indoor:음식점 | outdoor:산/수목원/해변,A05,A0502,A05020100,음식점,한식,한식,126.4793136221,33.4765544369,"도갈비는 제주시 노형동 한라대학교 근처에 있는 흑돼지구이 전문점이다. 제주산 흑돼지에 촘촘히 칼집을 내어 쫀득한 육질과 풍부한 육즙이 그대로 살아있다. 대표 메뉴는 도대표한판으로 제주산 흑돼지 중 대표할 수 있는 부위를 선별한 흑돼지 세트이다. 반찬은 기본 찬과 멜젓이 나오는데 고기 찍는 소스에 해당하는 멜젓이 별미이고, 멜젓에 볶아먹는 볶음밥도 인기 메뉴다. 흑돼지오겹살, 흑돼지 특수부위가 있고 고기폭탄된장찌개와 냉면 맛도 일품이다. 현지인들도 추천하는 맛집인 만큼 대기 손님이 많고, 주차공간이 부족하다. 주변에 함께 둘러보기 좋은 여행지로 한라수목원, 이호테우해변 등이 있다."
도남오거리식당,제주특별자치도 제주시 도남로6길 16,687869,39,indoor,indoor:식당/음식점,A05,A0502,A05020100,음식점,한식,한식,126.5261257672,33.4965335254,"20여 년 전통의 고기 전문점으로, 소, 돼지 다양한 구이 메뉴를 취향대로 즐길 수 있는 한식당이다. 제주에서 흔히 맛볼 수 없는 황소 모둠구이 전문식당이다. 황소 모둠구이, 육회, 쌈밥 등의 메뉴를 가지고 있는데 다양한 소 부위를 저렴하게 먹을 수 있는 곳으로 유명하다. 그리고 돌솥육회비빔밥, 우거지탕, 육개장, 김치전골 등의 식사메뉴와 냉면 메뉴가 마련되어 있다."
도너리오름,제주특별자치도 서귀포시 안덕면 한창로 775 일대,1928430,12,mixed,outdoor:공원/산/섬/오름 | mixed:복합,A01,A0101,A01010400,자연관광지,국립공원,산,126.3320881680,33.3243994944,"안덕면 동광리와 한림읍 금악리의 경계에 걸쳐져 있다. 한창로 정물오름 앞을 지나는 곧게 뻗어있는 경사진 도로의 중간지점에서 목장으로 진입하는 길이 나 있으며 옹포리 공동목장 입구의 철제대문을 지나면 집 한 채가 있는데 그 뒤편으로 오름 정상까지 올라갈 수 있다. 이 오름은 두 개의 화구를 가진 복합형으로 하나는 북서쪽으로 깊고 넓게 벌어진 말굽형 화구로 화구 내에는 자연림의 울창한 숲을 이룬 것이 구좌읍 체오름의 화구모양과 비슷하며 또 하나는 정상 동단에 깔때기 모양의 원형 화구가 급경사로 패어 있다. 분화구를 도리암메(둥근 분화구)라고 하는데, 이때의 도는 원을 뜻하는 중세 국어이자 제주도 방언이고, 또한 암메는 굼부리(분화구)를 뜻하는 제주도 방언이다. 또한 움부리는 굼부리로  화산분출로 생긴 움푹한 구멍으로 제주의 많은 오름에서 움부리를 볼 수 있다. 또 도너리란 명칭의 유래도 굼부리 바깥쪽이 넓게 벌어진 데서 도(어귀)가 널찍하다 하여 도너리오름이라 하며 돝내린오름은 옛날 산돝(멧돼지)이 내려왔다는데 유래된 이름이라 하며  오름의 북쪽 자락에서 동쪽 자락까지는 울창한 수림지대로서 곶자왈을 이루고 있으며 주변에는 제주 남이섬, 성이시돌목장, 오설록 등이 있다."
도두반점 제주사수점,제주특별자치도 제주시 서해안로 317 2층,2850048,39,indoor,indoor:음식점 | outdoor:해안,A05,A0502,A05020400,음식점,한식,중식,126.4791906626,33.5095952211,"도두반점은 제주시 용담해안도로 사수항에 있다. 제주 모자반(몸)을 넣은 흑돼지몸짬뽕이 대표메뉴이며 사골육수의 구수함과 몸의 식감이 어우러진 맛이다. 두툼한 등심에 쫀득한 식감으로 튀김옷을 입힌 흑돼지탕수육과 고기가 많이 들어간 도두볶음밥도 인기이다. 근처 여행지로 무지개해안도로와 도두봉이 있으며, 공항 근처에 있어 도착과 출발 여행자들이 많이 찾는다."
도두봉,제주특별자치도 제주시 도두항길 4-17 (도두일동),2738665,12,outdoor,outdoor:공원/산/오름/해안,A01,A0101,A01010400,자연관광지,국립공원,산,126.4672362102,33.5067925638,"도두봉은 제주공항 북쪽 도두동 해안가에 있는 오름으로 경사가 완만하며 오르기 쉬운편에 속한다. 남사면은 풀밭을 이루면서 듬성듬성 해송이 있고, 북사면은 삼나무와 낙엽수 등이 어우러져 숲을 이룬다. 봉우리는 두 개이며, 동쪽 봉우리가 높다. 주변에는 국수나무, 팥배나무, 덜꿩나무, 예덕나무 외에 여러 종류의 새우란, 바람꽃 등의 자생식물이 자라고 있다. 오르는 길과 정상에서 제주 국제공항에 비행기가 뜨고 내리는 것도 볼 수 있는데 바다 전망과 어우러져 장관을 이룬다. 규모가 작은 오름이지만, 멋진 풍경을 보여준다."
도두봉전망대,제주특별자치도 제주시 도두일동 산1,3056754,12,outdoor,indoor:몰 | outdoor:등대/산/오름/전망대/해안,A02,A0205,A02050600,역사관광지,다리/대교,유명건물,126.4687471529,33.5084201852,"제주공항 바로 옆 해안가에 있는 도두봉오름은 경사가 완만하여 약 10분이면 정상에 오를 수 있다. 오름 정상에 있는 도두봉전망대는 도두봉 전망대에서는 제주공항의 비행기 이착륙 광경을 조망하며 사진을 촬영할 수 있고, 제주 앞바다의 일몰과 한라산을 바라볼 수 있다. 도두봉 전망대는 데크로 만든 2층의 낮은 전망대로 크기는 작지만, 탁 트인 시야가 바다 전망과 어우러져 장관을 이룬다. 주변에는 도두봉 체력단련장, 도두항 등대, 도두항 유람선, 도두동 무지개 해안도로 등 많은 관광지가 있어 같이 둘러보기 좋다."
도두항,제주특별자치도 제주시 도공로 2 (도두일동),2794659,12,outdoor,indoor:숙박 | outdoor:공원/산/해안,A01,A0101,A01011400,자연관광지,국립공원,항구/포구,126.4650003076,33.5061675974,"도두항은 용두암 해안도로와 이호테우 사이에 있는 방파제로, 관탈도와 추자도행 낚시 배들이 출항하는 곳으로 유명하다. 제주 국제공항에서 차로 15분 거리에 있고, 발판도 비교적 좋아 낚시꾼들이 즐겨 찾는다. 제주 시내에서 가깝고, 숙박시설과 신선한 해산물이 있는 유명 맛집, 낚시점들이 적절히 위치해 있어 관광객과 현지인 모두 편리하게 이용할 수 있다. 또한, 유람선과 요트 등 해양 레저 시설도 있어 많은 관광객이 찾는 곳이다."
도두해녀의집,제주특별자치도 제주시 도두항길 16 (도두일동),2758939,39,indoor,indoor:음식점,A05,A0502,A05020100,음식점,한식,한식,126.4666418301,33.5062259504,"도두해녀의집은 제주 국제공항에서 10분 거리에 있어 제주를 오갈 때 들르기 좋다. 특 물회, 전복물회, 한치물회 등 다양한 물회 메뉴가 있으며 계절별로 신선한 재료가 준비되니 방문하기 전에 주문 가능한 메뉴를 확인 후 방문하면 좋다. 성게비빔밥의 경우 하루 한정 수량이 있어 점심시간 전에도 매진된다고 하니 너무 늦지 않게 방문하는 게 좋다. 도두해녀의집은 물회 맛집으로 알려졌지만 전복죽 맛집으로도 유명하다."
도두후레쉬,제주특별자치도 제주시 도공로 34 (도두일동),2870596,39,indoor,indoor:음식점 | outdoor:해변/해수욕장/해안,A05,A0502,A05020200,음식점,한식,서양식,126.4658975168,33.5032984850,"도두후레쉬는 제주공항 인근, 이호테우 해수욕장, 무지개 해안 도로에 인접한 수제 햄버거 테이크 아웃 전문점이다. 신선하고 두툼한 패티를 위해 냉동이나 해동 과정을 거치지 않고 매일 새롭게 만들어 제공한다. 소스와 버거 시즈닝을 직접 배합하여 만들어 육즙이 가득하면서 부드러운 식감의 패티와 새롭지만 낯설지 않은 소스로 남녀노소 즐길 수 있는 수제버거를 만든다. 매장식사와 포장이 모두 가능하며, 방문 시 건물 앞에 주차가 가능하다. 메뉴는 새우튀김버거, 베이컨에그버거, 빅더블스파이시버거, 치즈폭탄버거 등이 대표 메뉴이고 함께 즐길 수 있는 다양한 음료도 있다. 주변에 함께 둘러보기 좋은 여행지로 이호테우해면, 알작지해변, 도두봉, 무지개해안도로 등이 있다."
도라지식당,제주특별자치도 제주시 연삼로 128,133258,39,indoor,indoor:식당/음식점,A05,A0502,A05020100,음식점,한식,한식,126.5059498300,33.4927114054,"제주 토속음식 전문점으로 제주가 아니면 맛볼 수 없는 갈치 호박국, 싱싱한 생선에 미역을 곁들인 옥돔국과 갈치구이, 옥돔구이가 일품이다. 여름철엔 물회 역시 일품이다. 30여 년을 함께 한 시청 도라지식당은 더 넓은 주차공간과 좋은 시설, 지리적 조건 등을 고려해 공항 근처로 확장 이전하여 운영하고 있다."
도렐 제주 본점,제주특별자치도 서귀포시 성산읍 동류암로 20,2830228,39,indoor,indoor:베이커리/음식점/카페/호텔 | outdoor:산,A05,A0502,A05020900,음식점,한식,카페/전통찻집,126.9180400527,33.4496450053,"도렐 제주 본점은 서귀포 성산일출봉 근처 숙소인 플레이스 캠프에 속해있는 카페이다. 호텔 자체도 인기가 좋지만, 도렐은 커피 맛으로 소문이 나서 투숙객이 아닌 손님들도 많이 찾는다. 신선하고 좋은 품질의 원두, 역삼투압 과정을 거쳐 부드러운 텍스처와 청량한 맛의 물, 오랜 경력의 전문 바리스타의 기술과 노하우로 구현된 커피의 맛을 제주의 여유로움 속에서 즐길 수 있다. 또한, 다양한 베이커리도 준비되어 있다. 시그니처인 너티클라우드는 땅콩 크림 우유가 들어간 커피로 약간의 호불호가 갈리지만 전체적으로 커피 맛이 좋아 언제나 손님으로 북적인다. 제주 햇살이 가득한 카페 도렐에서 여유있는 휴식을 즐길 수 있다."
도련 감귤나무 숲,제주특별자치도 제주시 도련남3길 81,2759624,12,outdoor,indoor:몰 | outdoor:산,A02,A0203,A02030400,역사관광지,농.산.어촌 체험,이색체험,126.5871453787,33.5003118593,"감귤 따기 체험을 할 수 있는 도련 감귤나무 숲은 입장객들이 한 번에 몰리는 불편함을 최소화하기 위하여 하루 4타임으로 운영한다. 온라인 예약과 함께 현장에서도 바로 결제할 수 있다. 시기별 과일의 종류도 다른데 8월~9월에는 청귤, 10월~1월에는 감귤, 2월~3월에는 한라봉 따기를 체험할 수 있다. 과일의 경우 날씨에 따라 가변적이니 원하는 체험이 있다면 전화로 미리 확인 후 방문하는 게 좋다. 체험하기 전에 맛있는 귤 찾는 방법과 따는 법에 대하여 간단한 설명을 해준다. 감귤 따기 체험 후 시식은 정해진 구역에서 마음껏 즐길 수 있다. 공항에서 20분 거리에 있어 제주도 여행의 마지막 코스로 이곳에 들러도 좋다."
도리 관광농원,제주특별자치도 제주시 조천읍 비자림로 607,2863811,39,indoor,indoor:베이커리/실내/음식점/전시/카페 | mixed:복합,A05,A0502,A05020900,음식점,한식,카페/전통찻집,126.6726811287,33.4339761204,"도리관광농원은 제주 제주시 조천읍 교래사거리에 위치한 복합형 관광지로, 카페와 농장 체험이 결합된 이색적인 공간이다. 자연 속에서 여유롭게 커피를 즐기며 다양한 동물들과 교감할 수 있는 이곳은 가족 단위 여행객은 물론, 힐링을 원하는 이들에게도 인기있다. 카페에서는 서귀포의 유명 커피집 유동커피와 협업하여, 신선한 원두와 전문적인 커피 제조 노하우를 그대로 반영한 커피를 제공한다. 음료 외에도 샌드위치, 쿠키 등 다양한 베이커리류가 준비되어 있으며, 실내 공간 한편에서는 제주 지역 수공예 작가들의 작품과 감성적인 기념품을 전시 및 판매하고 있어, 제주만의 감성을 담은 소품들을 둘러보는 재미도 있다. 농장 체험 공간에서는 양, 오리, 닭에게 직접 먹이를 주는 프로그램이 운영되며, 아이들은 물론 어른들에게도 따뜻하고 특별한 추억을 선사한다."
도리미오름,제주특별자치도 제주시 구좌읍 송당리 산 255-1,1899959,12,outdoor,outdoor:공원/산/오름,A01,A0101,A01010400,자연관광지,국립공원,산,126.7697172117,33.4315668324,"도리미오름은 비치미오름과 자락을 맞대어 이어진 오름이다. 말굽형 화구로 완만한 등성이로 이루어진 대형의 원형 분화구였으나 이차적인 용암 유출에 의해 화구가 동북 방향으로 터진 형태를 하고 있다. 화구 안에는 북측으로 치우쳐 미끄러짐에 의해 만들어진 원추형의 알오름이 낮게 솟아 있으며, 문헌상에는 민오름 알오름으로 표기되어 있으나 이는 민오름과는 관계가 없다고 한다. 오름의 정상에는 용암 유출의 흔적으로 생긴 커다란 용암바위들이 박혀 있으며, 그 외의 지역은 풀밭오름이고 화구 내에는 인공 초지가 조성되어 있다. 오름 능선은 완만하고 오르는데 힘들지 않아서 주변의 오름들을 조망하며 오르기 좋다. 정상에 오르면 한라산과 교래리 오름군을 볼 수 있다."
도을,제주특별자치도 제주시 남조로 2343,2904635,39,indoor,indoor:음식점/카페 | outdoor:산/휴양림,A05,A0502,A05020900,음식점,한식,카페/전통찻집,126.6571371309,33.4735881577,"도을은 제주시 조천읍 제주 교래 자연휴양림 근처에 있는 디저트 카페이다. 카페 이름은 ‘도균이랑 노을이’라는 주인장들의 이름을 따서 지었으며 마당이 있는 작은 돌담집으로 꾸며져 있다. 시그니처 메뉴인 큐브 파운드케이크는 케이크 위에 쑥임자, 단호박, 레몬, 활치즈 등이 올라가 있고 돌하르방 큐브 파운드케이크엔 크림 위에 돌하르방 초콜릿을 올려 제공한다. 커피에 우도 땅콩크림을 올린 도울 커피도 인기다. 창을 통해 제주 시골의 평화로운 모습을 지켜볼 수 있어 여유로운 시간은 즐길 수 있다. 주변 여행지로 제주 교래자연휴양림, 에코랜드, 산굼부리 등이 있다."
도치돌 알파카목장,제주특별자치도 제주시 애월읍 도치돌길 303,2751854,12,outdoor,outdoor:산/섬,A02,A0203,A02030100,역사관광지,농.산.어촌 체험,농.산.어촌 체험,126.3667721330,33.4097517134,"푸른 섬 제주 애월 숲 속에 있는 도치돌목장은 너른 초원을 자유롭게 다니는 알파카들을 만날 수 있는 곳으로 유명하다. 알파카들과 걷고 뛰고 교감하며 먹이 주기 체험을 할 수 있고 토끼, 포니, 말, 양, 염소 등 다양한 동물들을 만나볼 수 있어 남녀노소를 불문하고 인기가 좋다. 목장 산책로 곳곳에 피어있는 계절 꽃들이 여행의 낭만을 더해준다. 양옆으로 빼곡히 세워진 나무 덕에 자연을 체감할 수 있는 초록숲 산책길부터, 봄의 유채꽃밭, 여름의 능소화 기둥, 가을의 억새밭, 겨울의 동백 꽃밭으로 사계절 아름다운 자연을 만끽할 수 있다. 제주 자연을 그대로 살린 도치돌목장을 배경으로 동물들과 함께 멋진 사진을 남겨보자."
도치돌가든,제주특별자치도 제주시 애월읍 천덕로 440-1,2851930,39,indoor,indoor:식당/음식점 | outdoor:산,A05,A0502,A05020100,음식점,한식,한식,126.3392548524,33.4199445958,"도치돌한우숯불은 제주 중산간 지역인 납읍리에 위치한 한우 전문 식당으로, 신선한 재료와 쾌적한 환경으로 많은 이들의 사랑을 받고 있다. 식당 이름인 ‘도치돌’은 납읍리와 어음리 사이를 흐르는 하천 한가운데 있는 바위에서 유래했으며, 이 바위는 삼각형 도끼날 모양을 하고있다. 도치돌한우숯불은 당일 도축한 신선한 한우만을 사용한다. 메뉴로는 깔끔한 국물인 갈비탕과 한우등심, 그리고 신선도가 중요한 육회가 있다. 식당 내부는 넓고 깔끔하게 꾸며져 있어 가족 단위 식사나 단체 모임에도 적합하며, 편안하고 쾌적한 분위기에서 식사를 즐길 수 있다. 또한 예능 프로그램에 소개된 이후 더 많은 관광객이 찾는 맛집으로 자리매김했다. 식사 후에는 인근의 도치돌알파카목장을 함께 둘러보는 것도 추천한다."
도치돌목장,제주특별자치도 제주시 애월읍 도치돌길 303,3112043,12,outdoor,outdoor:산,A02,A0203,A02030100,역사관광지,농.산.어촌 체험,농.산.어촌 체험,126.3667721330,33.4097517134,제주 애월의 푸른 숲 도치돌목장에는 귀여운 외모와 독특한 행동으로 사랑받는 알파카와 다양한 동물친구들이 살고있다. 자연을 그대로 품고 있는 목장을 산책하며 드넓은 초원에서 자유로이 지내는 동물 친구들에게 먹이를 주는 체험은 잊기 못할 여행의 추억을 선사한다.
도토리키친,제주특별자치도 제주시 북성로 59 (삼도이동),2806871,39,indoor,indoor:식당/음식점,A05,A0502,A05020700,음식점,한식,이색음식점,126.5186148802,33.5154174266,"도토리식당의 대표 음식인 청귤소바는 제주 지역의 식재료인 청귤을 이용한 음식을 연구하여 개발하는 과정에서 만들어졌다. 청귤소바의 육수에 쓰이는 수제 쯔유는 매일 끓인 후 48시간 숙성을 거쳐 판매하고 있으며, 재료가 소진될 경우 영업을 종료한다. 청귤소바와 함께 곁들여 먹을 수 있는 음식으로 제주 지역의 식재료인 톳을 이용한 톳유부초밥을 판매하고 있다. 이 외에도 새우감자고로케, 소바롤, 청귤에이드, 닭껍질교자 등을 맛볼 수 있다."
독개물항,제주특별자치도 제주시 한림읍 한림로 478,1881664,39,indoor,indoor:음식점 | outdoor:공원/산/해변/해수욕장,A05,A0502,A05020100,음식점,한식,한식,126.2516239880,33.4019146568,"제주시 한림읍 옹포리에 위치한 독개물항은 한림의 조용한 바닷가 마을에 있는 향토음식 전문점이다. 신선한 해산물이 가득한 이곳은 협재해수욕장과 한림공원, 차가운 용천수가 흐르는 화순의 담수 수영장이 있는 화순 금모래해변과도 가까이 있어 물놀이 이후에 편안하게 들릴 수 있다."
독고집,제주특별자치도 서귀포시 동류암로 43-1,2815586,39,indoor,indoor:음식점,A05,A0502,A05020100,음식점,한식,한식,126.9158763733,33.4486895206,"독고집은 제주 서귀포시에 위치한 제주도 흑돼지 연탄구이 전문점이다. 연탄불에 구워내어 풍미가 좋고 고기의 품질이 뛰어나 다른 기교 없이도 맛이 좋아 방문객들이 많다. 대표 메뉴는 흑돼지 통항정살, 흑돼지 오겹살로 구성된 세트메뉴이다. 이외에도 가브리살, 흑돼지 목살, 김치찌개와 폭탄계란찜 같은 사이드 메뉴도 인기이다. 직원분이 고기를 직접 구워주셔서 편하게 식사를 즐길 수 있으며, 셀프바에서 고사리 등 다양한 반찬을 리필할 수 있다."
돈내코 원앙폭포,제주특별자치도 서귀포시 돈내코로 137,126441,12,outdoor,indoor:음식점 | outdoor:계곡/공원/산/숲길/폭포,A01,A0101,A01010900,자연관광지,국립공원,계곡,126.5820170154,33.3005255267,"돈내코는 제주특별자치도 서귀포시에 위치한 계곡으로 에메랄드빛 강물과 난대 상록수림이 울창한 모습을 볼 수 있고 높이 5m의 원앙폭포와 작은 못이 있어 그 경치가 매우 수려하다. 돈내코 입구에서 산책로를 따라 20분 정도 걸어 들어가면 만날 수 있는 원앙폭포는 두 개의 물줄기가 떨어지는데, 금슬 좋은 원앙 한 쌍이 살았다 하여 원앙폭포라는 이름이 붙여졌다. 한라산에서 내려오는 얼음같이 차고 맑은 물이 흐르고, 물맞이를 비롯한 피서지로 유명한 곳이다. 백중날 (음력 7월 보름)에는 물을 맞으면 모든 신경통이 사라진다는 얘기가 있어 사람들이 가장 많이 붐빈다. 돈내코 유원지 입구에서 계곡까지 약 700m 정도에 달하는 숲길은 상록수림이 빽빽이 들어서 있고 중간에 나무 벤치가 있어 산림욕을 하기에 좋다. 계곡 입구 건너편 300m 떨어진 도로변에 야영장과 주차장, 취사장, 체력단련 시설이 잘 갖추어져 있고 인근에 향토 음식점이 있어 토종닭 등 제주 특유의 별미를 맛볼 수 있다."
돈내코힐 리조트,제주특별자치도 서귀포시 돈내코로 180 (상효동),2621853,32,indoor,indoor:리조트/숙박/호텔 | outdoor:계곡/산 | mixed:관광단지,B02,B0201,B02011100,숙박시설,관광호텔,게스트하우스,126.5785144865,33.3029335392,"돈내코 힐리조트는 중문 관광단지를 포함하여 아름다운 제주의 여러 명소들과의 접근성이 매우 좋은 교통의 요지에 위치하고 있으며, 용천수인 돈내코 계곡과 300m 거리에 있어 산책과 물놀이에 최적의 입지이다.

편의시설, 의료시설들과 5분 거리 내에 위치하며, 산록도로 주변 8개 골프장이 10분 거리에 위치해 있다."
돈사돈,제주특별자치도 제주시 우평로 19,1827790,39,indoor,indoor:식당/음식점 | outdoor:산,A05,A0502,A05020100,음식점,한식,한식,126.4640871155,33.4788761598,‘돈사돈’은 제주산 흑돼지를 맛볼 수 있는 제주시에 위치한 한식 전문점이다. 일반 음식점에서 느낄 수 없는 고기의 깊은 맛과 멜젓의 맛을 느낄 수 있다. 연탄불에 두툼한 고기를 올려 굽는 형식이며 직원들이 고기를 구워줘서 편하게 음식을 맛볼 수 있다. 대표메뉴는 흑돼지 오겹살이다. 쫄깃하고 탱탱하며 깔끔한 맛의 오겹살의 맛이 일품이다. 그리고 고기와 잘 어울리는 식사메뉴인 김치찌개는 고기가 먹기 좋게 들어가져 있다. 매장 전용 넓은 주차장과 식당 내부에는 단체석이 있어 모임이나 회식장소로 안성맞춤이다. 그리고 이곳은 GD와 그 외의 많은 유명연예인들이 찾아오는 맛집으로 현지인과 여행객뿐만 아니라 국내외 팬들의 발길도 끊이지 않는다.
돈이랑,제주특별자치도 서귀포시 일주서로 953 (색달동),2755000,39,indoor,indoor:음식점 | outdoor:야외 | mixed:관광단지,A05,A0502,A05020100,음식점,한식,한식,126.4091024145,33.2577414031,서귀포 중문 관광단지 입구에 위치한 제주 흑돼지구이 전문점 돈이랑은 육즙이 풍부한 두툼한 흑돼지를 숙련된 직원들이 직접 구워주고 잘라주는 서비스가 인기 비결이다. 또한 보말 된장찌개는 고기의 느끼한 맛을 싸악 잡아주는 역할을 한다. <맛있을지도> 14회에 방영되었으며 한쪽 벽을 가득 채운 유명인들의 사인이 맛집으로 인정받은 느낌이 든다. 날씨가 좋을 때는 야외 테라스를 이용해 보는 것도 추천한다.
돈카츠 서황,제주특별자치도 제주시 애월읍 장소로 205-2,2765218,39,indoor,indoor:식당/음식점,A05,A0502,A05020100,음식점,한식,한식,126.3796037976,33.4343908561,"돈카츠 서황은 예능프로그램을 통해 유명해진 돈가스 전문점이다. 소길리라는 조용한 동네에 아기자기하게 꾸며놓은 작은 식당으로 많은 관광객이 방문하고 있어 대기가 긴 편이다. 메뉴는 흑돼지 등심과 안심을 튀겨 만든 서황 카츠와 안심카츠, 생선카츠, 흑돼지 안심과 생선, 새우를 모두 맛볼 수 있는 모둠카츠가 있다. 돈가스는 육즙을 그대로 머금고 있으며 흑돼지 고기의 풍미를 잘 살렸다. 시그니처 메뉴인 생선카츠 역시 매일 다른 생선을 사용하여 신선하며, 바삭한 튀김옷과 부드러운 생선살이 조화를 이룬다."
돌고래하우스카라반,제주특별자치도 서귀포시 이어도로 826-58 (강정동),2753163,28,outdoor,indoor:펜션 | outdoor:레포츠/캠핑/폭포,A03,A0302,A03021700,레포츠소개,수련시설,"야영장,오토캠핑장",126.4995979044,33.2327261474,"돌고래하우스 카라반은 제주 서귀포 올레 7코스 서건도에 위치한 카라반과 펜션이다. 카라반은 총 4개가 운영되고 있는데, 모두 바다뷰를 감상할 수 있으며, 숙소에서 바닷가로 바로 내려갈 수 있다. 다양한 해양 레저와 낚시 체험이 가능하다. 이마트가 차량으로 3분 거리에 있어 장 보기에 편리하고, 천지연폭포를 비롯 서귀포 일대 관광지 방문을 하기 좋은 위치다. 바다를 보며 운치 있게 바비큐나 생선회를 즐길 수 있다. 인원이 많거나 카라반이 불편하다면 함께 운영하는 독채 펜션을 선택할 수도 있다."
돌담너머바다,제주특별자치도 제주시 테우해안로 44-1,2903532,39,indoor,indoor:음식점 | outdoor:해변/해안,A05,A0502,A05020200,음식점,한식,서양식,126.4398055121,33.4957461292,"돌담너머바다는 내도 알작지 해변 앞에 있다. 현무암치킨프리또는 제주 현무암을 닮은 순살치킨으로 매콤한 토마토커리 소스와 함께 제공된다. 전복게우크림리조또도 인기 메뉴로 전복 내장으로 만든 크림리조또 위에 방긋 웃는 단호박이 토핑되어 나온다. 수제 한라봉 맥주와 수제청 에이드를 곁들일 수 있으며 식사를 즐기며 제주 바다를 조망할 수 있다. 주변 여행지로 이호테우해변, 도두봉, 무지개해안도로 등이 있다.
※ 소형견(케이지 필수)에 한하여 반려견 동반 가능"
돌하르방미술관,제주특별자치도 제주시 조천읍 북촌서1길 70,128777,12,mixed,indoor:미술관/전시 | outdoor:공원/산/야외 | mixed:관광단지,A02,A0202,A02020700,역사관광지,관광단지,공원,126.6896605755,33.5396035971,"돌하르방미술관은 제주시 조천읍에 위치한 미술관이다. 이곳은 제주 토박이 김남흥 원장이 15년 이상의 세월 동안 개인의 힘으로 일구어온 생명과 평화의 공원이자 문화와 예술을 담은 공원이다. 도 내외에 흩어져 있는 48기의 돌하르방을 원형 그대로 재현해 전시하고 있을 뿐만 아니라 현대적인 해석으로 탄생한 다양한 형태의 돌하르방과 250여 개의 조형물들을 공원 곳곳에서 야외 전시하고 있다. 또, 곶자왈 산책길에서는 각종 양치식물과 청미래덩굴, 자귀나무, 꾸지뽕나무 등 다양한 수목을 관찰할 수 있어 살아 숨 쉬는 자연을 그대로 접할 수 있다."
돌하르방캠핑장,제주특별자치도 제주시 한경면 낙수로 271-40,2729335,28,mixed,indoor:박물관 | outdoor:공원/레포츠/섬/캠핑/해수욕장 | mixed:파크,A03,A0302,A03021700,레포츠소개,수련시설,"야영장,오토캠핑장",126.2389573829,33.3238814232,"돌하르방 캠핑장은 제주 제주시 한경면에 위치하고 있다. 캠핑사이트 대여와 방갈로 대여를 할 수 있다. 이곳의 가장 큰 장점은 드넓은 잔디밭으로 99.1㎡ (30평) 규모의 수영장과 족구장이 마련돼 있고 캠프파이어도 할 수도 있다. 캠핑장을 이용하는 고객들만 수영장, 족구장을 무료로 이용할 수 있다. 협재해수욕장, 한림공원, 유리의 섬, 오설록, 방림원, 더마파크, 차귀도, 평화박물관 등이 인근에 있다. 애완동물 동반 출입은 사전에 문의, 협의해야 한다. 예약은 전화로만 가능하다. 캠핑장은 자갈 사이트, 잔디 사이트 중 하나를 고를 수 있으며 선착순으로 배정이 된다. 사이트가 넓어 캠핑 생활하는 동안 여유롭게 사용할 수 있어 좋으며 이웃과의 프라이빗도 지켜줄 수 있다. 주변 관광지로는 협재해수욕장, 한림공원, 유리의 성, 오설록, 방림원, 더마파크, 차귀도 등이 있어 캠핑하는 동안에 유명 관광지를 돌아보는 것도 좋다."
돔베돈,제주특별자치도 제주시 관덕로15길 25,135919,39,indoor,indoor:식당/음식점/호텔,A05,A0502,A05020100,음식점,한식,한식,126.5266586225,33.5155647604,"예로부터 제주 도민들이 즐겨 먹는 삶은 돼지고기 요리인 ‘돔베고기’는 도마 위에 바로 썬 삶은 돼지고기라는 제주도 말이다. 기름기가 쫙 빠져서 담백한 맛이 일품인 돔베고기는 다이어트에도 좋아 미용에 관심이 많은 젊은 여성들이 더 좋아한다. 제주시 탑동 스위스호텔 뒤편 삼겹살 골목에 이 돔베고기를 전문으로 하는 음식점인 ‘돔베돈’이 있다. 제주도에서 가장 유명한 고기는 뭐니 뭐니 해도 돼지고기인데 일반 도심의 식당들처럼 그냥 구워 먹는 것이 아니라 제주도 전통 방식으로 요리를 하는 것이기에 쉽게 접할 수 있는 음식이 아니다. 돔베고기 외에도 흑돼지구이, 돌솥밥 등도 맛이 좋다."
돗통 제주산방산본점,제주특별자치도 서귀포시 안덕면 사계북로41번길 189,2847804,39,indoor,indoor:실내/음식점 | outdoor:산/야외/캠핑/해안,A05,A0502,A05020100,음식점,한식,한식,126.2978122567,33.2494544578,"돗통은 제주 사계리 산방산 탄산온천 근처에 위치해있다. 제주어로 '돼지우리'라는 뜻의 돗통은 야외 공간에서 장작불 위에 솥뚜껑을 놓고 돈마호크 오겹살을 직접 구워 먹는 캠핑형 고기 구이집이다. 마치 캠핑에서 고기를 구워 먹는 것처럼 기분을 낼 수 있어 인기 스폿이며, 고기를 처음 굽는 고객들도 어렵지 않도록, 직원들이 구이 방법을 자세히 설명해주고 필요한 경우 도와주기 때문에 누구나 즐겁게 이용할 수 있다. 야외공간만 예약할 수 있으며 실내 공간은 도착 순서대로 이용할 수 있도록 운영하고 있다. 식사 전후로 함께 둘러보기 좋은 인근 명소로는 웅장한 산방산과 산방산 탄산온천, 그리고 자연이 만든 절경인 용머리해안 등이 있어 하루 코스로도 손색없는 여행지를 구성할 수 있다."
동거문오름,제주특별자치도 제주시 구좌읍 종달리 산70 (구좌읍),1890177,12,outdoor,outdoor:공원/산/오름,A01,A0101,A01010400,자연관광지,국립공원,산,126.8063081059,33.4480572654,"제주시 구좌읍에 있는 동거문오름은 거미오름, 동검은이오름, 동거문이오름으로도 불린다. 조천에도 검은 오름이 있어 동을 붙였으며, 오름이 검은색을 띠는 것을 보고 검은이오름이라는 이름이 붙여졌다는 설과 오름 사면이 사방으로 뻗어나가는 모습이 거미집 같다고 하여 거미오름이라 한다는 설이 있다. 일반적인 오름들처럼 둥글고 매끄러운 모습이 아니라 능선이 끊어질 듯 이어지며, 멀리서 보면 여러 개의 오름인 듯 보이는 모양을 하고 있다. 거미오름은 보는 방향에 따라 다채로운 모양을 보인다. 백약이오름에서 바라보면 다리를 세운 거미 모양이며, 반대 방향에서 보면 혹이 두 개 달린 낙타 모양을 하고 있다.
탐방 코스는 구좌 공설묘지 초입에서 높은 오름 앞을 지나는 방법, 백약이오름 입구에서 문석이오름 길을 따라가는 방법, 월랑지 옆 임도를 이용해 가는 방법으로 크게 3가지가 있다. 파란 하늘과 진초록의 들판, 멀리 보이는 우도와 성산일출봉, 푸른 바다가 어우러져 절경을 볼 수 있으며 가까이 있는 백약이오름, 다랑쉬오름 등도 한눈에 보인다. 깔때기 모양의 원형 분화구 두 개와 삼태기 모양의 말굽형 분화구 하나로 총 3개의 분화구를 가지고 있는데, 겹쳐진 분화구와 그 안에 빼곡히 자란 풀과 나무들도 이국적이다.

(출처: 비짓제주)"
동광리농촌체험마을,제주특별자치도 서귀포시 안덕면 동광로 126,2390111,12,outdoor,indoor:센터/숙박 | outdoor:공원/산/오름,A02,A0203,A02030100,역사관광지,농.산.어촌 체험,농.산.어촌 체험,126.3399267501,33.3076403586,"동광리농촌체험마을은 안덕면 동광리에서 운영하는 녹색 농촌 체험 마을이다. 동광마을은 해발 200m~400m에 위치하며 한라산 남서 사면의 완만한 용암 평원에 입지한 중산간 내륙의 산촌으로 크고 작은 오름과 숲으로 둘러싸여 있다. 제주 4·3 사건의 아픔을 겪었던 마을로 잃어버린 마을과 표석비, 주민들의 피난처였던 큰넓궤, 한 묘, 돌다리 등 4·3 유적지가 남아있다. 체험마을은 폐교된 동광 분교를 리모델링했으며 관광객 및 제주도민들을 위한 농촌 체험 프로그램이 항상 준비되어 있다. 프로그램으로는 눈썰매 타기 및 연날리기 체험, 한우 사육 및 조랑말 체험 활동, 고사리 꺾기와 야생화 관찰, 돌담 쌓기와 젖소 체험 활동, 오름 탐사 및 동식물 탐사 체험, 4·3유적지 탐사, 민속놀이 체험, 감자범벅 만들기와 맷돌 갈기, 대나무 활쏘기 및 대나무 물총 만들기, 핸드폰과 열쇠고리 만들기 등이 있다. 이 밖에 방문자 센터, 숙박 시설, 천연잔디구장을 비롯한 체육시설 등을 마련해 다양한 프로그램의 장으로 활용하고 있다. 또한 북오름 생태공원 산책로를 방문자 센터와 연결해 방문객들이 오름을 등반하며 아름다운 자연 생태를 직접 느끼도록 조성했다. 북오름과 거린오름, 곶자왈이 가까이 있고 마라도를 볼 수 있는 아름다운 풍광도 갖고 있다. 2016년에 농림축산식품부와 한국농어촌공사가 추천하는 농촌관광코스 10선에 선정되기도 했다."
동광리농촌체험휴양마을 체험 코스 [웰촌],,2389114,25,outdoor,outdoor:오름/정원,C01,C0112,C01120001,가족코스,가족코스,가족코스,126.2551753838,33.3254009536,제주의 오름으로 둘러싸인 오름이 아름다운 마을로 역사의 아픔을 간직하고 있으나 다양한 농촌체험과 수려한 자연 경관을 즐길 수 있는 코스다. 특히 주변의 생각하는 정원 유리의 성 등 이색 체험지가 즐거운 코스다.
동광메밀짬뽕,제주특별자치도 서귀포시 신화역사로 581,2837142,39,indoor,indoor:음식점 | outdoor:공원,A05,A0502,A05020400,음식점,한식,중식,126.3497119467,33.3105401917,"동광메밀짬뽕은 제주특별자치도 서귀포시 안덕면에 있는 짬뽕 전문점이다. 버스를 이용할 경우 성교동에서 내리면 가깝다. 대표 메뉴는 짬뽕과 짜장인데 밀가루 대신 제주에서 이모작을 하는 메밀을 사용하기 때문에 식감이 독특하고 소화가 잘된다. 짬뽕의 경우 매운 짬뽕과 하얀 짬뽕, 해물짬뽕으로 나뉘고 탕수육은 찹쌀로 튀긴 그릇에 담겨 나와 그릇까지 소스에 적셔서 먹을 수 있다. 짬뽕과 짜장 외에도 냉우동과 해물누룽지탕, 깐풍기, 팔보채가 있다. 관광객은 물론이고 현지인들도 인정하는 소문난 맛집이다. 근처 함께 둘러보기 좋은 여행지로 신화 역사공원, 오설록 티 뮤지엄, 카멜리아힐 등이 있다."
동도원,제주특별자치도 서귀포시 이어도로 189 (대포동),2858485,39,indoor,indoor:식당/음식점,A05,A0502,A05020100,음식점,한식,한식,126.4417916581,33.2392606246,"제주에 위치한 동도원은 15년이 넘는 시간 동안 변함없는 손맛과 정성으로 꾸준히 사랑받아온 맛집이다. 이곳은 단일 정식 메뉴만을 제공하지만, 고등어조림과 옥돔구이, 해물뚝배기가 기본으로 포함되어 상차림이 매우 푸짐하고 만족스럽다. 특히 직접 기르고 재배한 제철 나물을 매일 아침 무치고 깻잎김치, 배추김치, 파김치, 무김치, 갓김치 등 계절과 상황에 따라 다양하게 바뀌는 김치들은 상차림을 더욱 풍성하게 만들어 준다. 각각 따로 먹어도 좋지만, 여러 가지 반찬을 골고루 넣고 비벼 먹으면 또 다른 맛의 조화를 즐길 수 있다. 식당 내부는 정갈하고 가족 단위 손님들을 위한 아이용 의자도 마련되어 있어 남녀노소 누구나 편안하게 식사를 즐길 수 있는 분위기다."
동문공설시장,제주특별자치도 제주시 일도일동 1144-28,2860687,38,outdoor,indoor:쇼핑/시장 | outdoor:산,A04,A0401,A04010200,쇼핑,5일장,상설시장,126.5282113326,33.5125567854,"제주동문공설시장은 제주에서 가장 오랜 역사를 자랑하는 재래시장 중 하나인 동문재래시장과 연결되어 있어 전통적인 제주 분위기를 느낄 수 있는 명소이다. 감귤, 옥돔, 갈치 등 제주 특산품을 비롯해 흑돼지, 고기국수, 오메기떡 등 지역의 전통 음식도 다양하게 즐길 수 있는 장소이다. 공항으로 가는 길에 들러 선물이나 기념품을 구매하기에 매우 편리하다. 이 때문에 많은 여행객들이 일정의 마지막에 이곳을 방문하곤 한다. 제주동문공설시장은 여러 방송 프로그램에 소개된 바 있으며, 인근에는 삼성혈, 제주 성지, 제주 원도심 등 함께 둘러보기 좋은 관광지도 위치해 있어 여행 코스로도 좋다."
동문수산시장,제주특별자치도 제주시 이도일동 1349-60,2737330,38,outdoor,indoor:쇼핑/시장/식당 | outdoor:산,A04,A0401,A04010200,쇼핑,5일장,상설시장,126.5257309971,33.5124067622,"1970년에 개설된 제주 동문수산시장은 당일에 어획된 신선한 수산물을 판매하는 제주 최대의 수산물 전문시장이다. 주로 제주산 은갈치, 옥돔, 고등어회 등을 판매한다. 전복과 자리와 같은 싱싱한 수산물뿐만 아니라, 젓갈과 건어물 또한 판매하고 있다. 가격도 저렴하여 합리적인 가격에 신선하고 품질 좋은 회를 맛볼 수 있다. 손님이 시장에서 직접 고른 상품을 식당에서 요리로 즐길 수 있는 맞춤 전문식당 방식도 많은 사랑을 받고 있다. 전국 어디에든 신선한 수산물을 전달하기 위해 특수포장을 한 후에 퀵서비스로 배달하는 방식 또한 도입되어 있어 손님들이 간편하게 집에서도 신선한 바다의 향을 느낄 수 있게 되었다. 꽁치 김밥과 같이 제주에서만 맛볼 수 있는 먹거리들과 다양한 즐길 거리가 가득한 제주 동문수산시장은 공항과 여객선 터미널과 가까원 관광객들이 쉽게 방문할 수 있다."
동문재래시장,제주특별자치도 제주시 관덕로14길 20,1013246,38,outdoor,indoor:쇼핑/시장 | outdoor:산,A04,A0401,A04010200,쇼핑,5일장,상설시장,126.5260587646,33.5115624162,"동문재래시장은 오랜 역사를  지닌 전통 재래시장으로 제주도를 대표하는 시장 중 하나이다. 동문재래수산시장과  더불어 제주도에서 가장 중요하면서 대규모의 상설 재래시장을 구성하고 있다. 1945년  8월 광복 직후 형성된 것이 시초인데, 이 시장은 당시 제주도의 유일한 상설시장으로  제주도 전체 상업 활동의 근거지가 되었다. 1954년 3월에 발생한 대형 화재로 시장  전체가 잿더미로 변하자 같은 해 11월 현재의 장소로 이전했다. 주요 취급 품목은  야채, 과일, 수산물, 약초, 곡물, 의류 등이 있다. 제주도의 대표 재래시장인 만큼 신선한 해산물이 인기다. 갈치회를 비롯한 다양한 모듬회를 저렴한 값에 구매할 수 있으며, 전복내장밥 삼합이나 통전복이 들어간 떡갈비 등 퓨전음식이 주목받고 있다."
동백포레스트,제주특별자치도 서귀포시 남원읍 생기악로 53-38,2806043,12,outdoor,indoor:카페 | outdoor:공원/산/수목원/야외/정원,A01,A0101,A01010700,자연관광지,국립공원,수목원,126.6362150996,33.3003486310,"동백포레스트는 제주 서귀포시 남원읍에 위치한 동백꽃 테마 농원으로 자연과 힐링을 동시에 즐길 수 있는 명소이다. 하얀 유럽풍 건물과 동글동글한 동백나무로 이국적인 분위기를 지녔으며, 11월부터 2월까지 동백꽃이 만개하여 붉은 꽃망울이 숲속을 물들이며, 방문객들에게 아름다운 풍경을 선사한다. 야외 정원은 물론 건물 내 카페가 있어 음료와 디저트를 즐기며 카페 1층의 창을 배경 삼아 사진 찍을 수 있는 포토존이 있다. 동백포레스트는 자연 속에서의 산책과 사진 촬영을 즐기기에 적합한 장소로, 제주 여행 중 특별한 추억을 남기기에 좋은 곳이다.​"
동복뚝배기,제주특별자치도 제주시 구좌읍 동복로 30-2,2861489,39,indoor,indoor:음식점,A05,A0502,A05020100,음식점,한식,한식,126.7093335545,33.5532162949,"동복뚝배기는 제주도 동북리에 위치한 향토음식 전문점으로, 제주의 깊은 맛과 풍미를 한자리에서 느낄 수 있는 곳이다. 제주 바다에서 갓 잡은 신선한 생선들을 주재료로 사용하며, 통갈치구이, 고등어조림, 순살갈치조림 등 생선 요리를 주 메뉴로 선보이고 있다. 어판장에서 직접 수매한 신선한 갈치를 통째로 구워내는 ‘통갈치구이 세트’는 이곳의 대표 인기 메뉴로, 큼직하고 두툼한 갈치살을 맛볼 수 있다. 뚝배기세트는 활전복과 성게미역국, 고등어 구이 등의 구성된 동북뚝배기 또 하나의 대표 메뉴이다. 푸짐하고 다양한 사이드 메뉴도 있어 함께 즐길 수 있다. 깔끔하고 정갈한 상차림과 푸짐한 양을 원하는 사람들에게 추천하는 한식집이다."
동부농원,제주특별자치도 서귀포시 성산읍 서성일로 1007,1890343,38,outdoor,indoor:박물관/쇼핑 | outdoor:산/오름,A04,A0401,A04010600,쇼핑,5일장,전문매장/상가,126.8862290743,33.4429313439,"제주 서귀포시 성산읍에 위치한 동부농원은 직접 재배한 감귤, 한라봉, 천혜향, 황금향 등을 판매하고 있다. 중개상의 개입 없는 저렴한 가격의 맛있는 감귤을 구비하고 있으며 전국 택배 주문도 가능하다. 귤 따기 체험도 하고 있으며, 직접 딴 귤은 판매 비용으로 대체한다. 성산일출봉에서 제주시 방향으로 가는 길 수산리 오른쪽 방향 중간 지점으로 방문하면 된다. 
주변 가볼 만한 곳으로는 제주 커피박물관, 남제주 억새오름길, 짱구네 유채꽃밭이 있다."
동선제면가,제주특별자치도 서귀포시 남원읍 태위로 3,2843815,39,indoor,indoor:몰/식당/음식점 | outdoor:산/해안,A05,A0502,A05020100,음식점,한식,한식,126.6484646784,33.2719991764,"동선제면가는 제주 서귀포시 위미입구 삼거리에 위치한 전통 국수 전문점으로, 국수를 감각적이고 정갈한 상차림으로 제공하는 곳이다. 이곳의 몰망국수는 제주산 생등뼈 고기와 육수에 모자반을 걸쭉하게 끓여낸 동선제면가의 대표 메뉴이다. 세트메뉴 구성도 잘 되어 있어 돔베고기, 만두 등 혼자 방문해도 부담 없이 다양한 메뉴를 맛볼 수 있으며, 여러 명이 함께 오기에도 좋다. 식당 내부는 심플하면서도 빈티지한 감성이 돋보이는 인테리어로 꾸며져 있어 편안하고 아늑한 분위기 속에서 식사를 즐길 수 있다. 식사 후에는 인근에 위치한 위미항, 공천포 등 제주 남부의 한적하고 아름다운 해안 풍경을 즐길 수 있는 여행지를 함께 둘러보는 것도 추천할 만하다."
동일리포구,제주특별자치도 서귀포시 대정읍 동일하모로98번길 14-32,2738761,12,outdoor,outdoor:공원,A01,A0101,A01011400,자연관광지,국립공원,항구/포구,126.2401122413,33.2254895350,"동일리포구는 소규모 어항으로 분류되어있으며 동일리는 옛날엔 날 외라고 불리었다고 한다. 소금을 만드는 염전 터가 전해 내려오며 역사 유적과 함께 유서 깊은 마을이라고 알려진다. 동일리포구에는 용천수가 있는데 예전에 동일리 남쪽 일대는 수많은 용천수가 솟아나는 홍물이었다고 하지만, 현재는 말라있거나 식수로는 사용이 되지 않는다. 돌담들과 밭을 보며 정겨운 마을을 구경할 수 있고 마을 안에 마련되어 있는 쉼터에서 잠시 쉬다가 갈 수도 있다.

(출처 : 제주 문화관광 홈페이지)"
두리둠비,제주특별자치도 서귀포시 중문관광로 16 (색달동) 1층,2877612,39,indoor,indoor:숙박/음식점 | mixed:관광단지,A05,A0502,A05020100,음식점,한식,한식,126.4147019510,33.2567416016,"두리둠비는 제주 서귀포 중문관광단지 입구에 있다. 매일 새벽 두부를 직접 만드는 두부 전문점으로 다양한 순두부 메뉴가 있다. 기본 순두부인 두리둠비 순두부, 제주흑돼지 순두부, 버섯 순두부찌개, 불고기 순두부찌개 등이 있으며 제주흑돼지 두부 삼합, 두부 왕만두 전골 등 푸짐한 요리도 있다. 특히 김치순두부째개와 두부왕만두전골이 든든해 인기가 있고 밑반찬도 맛있다. 아침 8시에 오픈하여 근처 숙박하는 여행자들이 아침밥을 먹기에 좋다."
두맹이골목,제주특별자치도 제주시 동문로16길 17-4 (일도이동),1906211,12,outdoor,outdoor:산,A02,A0203,A02030600,역사관광지,농.산.어촌 체험,이색거리,126.5349218725,33.5120458378,"두맹이골목은 제주시 일도2동에 위치한 벽화마을이다. 이 골목 일대는 제주시에서도 가장 낙후되었던 곳 중 하나로, 2008년부터 이 골목을 대상으로 한 문화거리조성 프로젝트가 시작되었다. 첫해에는 한국민족예술인총연합 제주도지회가 공공미술공모사업을 진행해 당선된 작품을 골목에 벽화로 채워 넣기 시작했다. 이후에는 제주 지역 대학생들과 인근 초등학교 학생들이 참여하여 더 많은 벽화를 그렸다. 두맹이골목은 2009년 7월 제주시가 선정한 제주시 숨은 비경 31중 하나로 선정되었으며 다양한 벽화를 감상하면서 조용한 제주 마을을 거닐 수 있다."
두모리이수사,제주특별자치도 제주시 한경면 두신로 112,2840856,39,indoor,indoor:식당/음식점 | outdoor:산/해안,A05,A0502,A05020300,음식점,한식,일식,126.1848670034,33.3526162874,"두모리이수사는 제주시 한경면 두모리에 위치한 일식 전문 식당으로, 한경면사무소와 두모리사무소 근처에 자리하고 있다. 조용한 마을 속에 있는 이 식당은 깔끔한 분위기와 합리적인 가격으로 다양한 일식 메뉴를 제공하고 있어 가성비 좋은 맛집으로 알려져 있다. 특히 초밥과 면 요리를 함께 즐길 수 있는 세트 메뉴가 인기이다. 대표 메뉴로는 우동과 초밥세트, 냉모밀과 초밥세트, 돈가스와 초밥세트가 있으며, 회덮밥, 광어회, 모둠회 등 신선한 해산물을 활용한 단품 요리도 함께 즐길 수 있다. 구성에 비해 가격대가 부담스럽지 않아 혼밥손님은 물론 가족 단위 손님에게도 좋은 선택지이다. 근처의 신창풍차해안과 신창리포구를 함께 둘러볼 수 있어, 여유로운 제주 여행의 일정을 구성하기에 알맞다."
둔지봉,제주특별자치도 제주시 구좌읍 한동리 산 40,1933208,12,outdoor,outdoor:공원/산/오름,A01,A0101,A01010400,자연관광지,국립공원,산,126.7973021108,33.5012456847,"둔지는 제주 방언으로 평지보다 조금 높은 곳을 가리키는 말로, 둔지봉은 주변에 둔지(용암 암설류)가 많아 붙여진 이름이다. 관광객이 많이 찾는 오름은 아니나, 정상에서 제주도를 한눈에 내려다볼 수 있는 조망권을 갖고 있다. 높지 않지만 오르는 도중에 다소 가파른 구간이 존재한다. 둔지봉은 남서쪽으로 벌어진 말굽형 화구를 가지고 있는데, 원지형이 비교적 잘 보존되어 있다. 화구 앞쪽에는 용암 부스러기로 이루어진 작은 구릉들이 많이 있다. 둔지봉은 소나무, 삼나무, 편백나무 군락으로 이루어져 있으며 해송과 억새 또한 넓게 분포하고 있다. 오름을 오르다 보면 각양각색의 돌담으로 둘러싸인 무덤이 많은 것을 볼 수 있다. 날씨가 좋은 날 정상에 오르게 되면 한라산과 구좌읍, 조천읍 내의 오름들을 모두 조망할 수 있다."
뒤굽은이오름,제주특별자치도 제주시 구좌읍 송당리,1890872,12,outdoor,outdoor:공원/산/오름,A01,A0101,A01010400,자연관광지,국립공원,산,126.7671135570,33.4797309110,"뒤꾸부니오름, 후곡악(後曲岳) 등 여러 별칭이 있는 뒤굽은이오름은 뒷부분이 구부러진 오름이라는 데에서 유래했다. 남쪽으로는 구부러지고 북쪽으로 벌어진 굼부리를 가지고 있다. 제주 오름의 중심지인 송당마을에서 도보로도 접근이 쉽다. 북쪽으로 입구가 벌어진 말굽형 분화구가 있으며 넓은 분화구가 전체적으로 침식된 상태이다. 오름 대부분이 풀밭으로 덮여 있으며 북서쪽 일부 비탈면에만 인공적으로 심은 삼나무, 편백, 해송 등이 우거져 있다. 오름의 입구에서 정상까지는 약 10분이 걸리나 오르는 길에 따라 가파른 곳도 존재한다. 이정표가 존재하지 않으므로 오름의 전체적인 형태를 한눈에 바라보며 정상을 찾아 길을 올라야 한다. 정상에서는 제주 동부권의 랜드마크인 다랑쉬오름, 돝오름, 용눈이오름 등을 조망할 수 있다."
듀포레,제주특별자치도 제주시 서해안로 579 (용담삼동),2863793,39,indoor,indoor:베이커리/음식점/카페 | outdoor:계곡/해안,A05,A0502,A05020900,음식점,한식,카페/전통찻집,126.5001053072,33.5185584509,"듀포레는 제주 제주시 용담해안도로, 용담포구 근처에 위치한 감성적인 베이커리 카페로, 공항뷰와 오션뷰를 동시에 즐길 수 있는 곳이다. 이곳의 가장 큰 특징은 프랑스의 유명 베이커리 학교를 졸업한 파티시에가 직접 매일 아침 정성스럽게 빵을 굽는다는 점이다. 당일 판매되지 않은 빵은 모두 폐기 처리할 만큼 품질에 대한 자부심이 강하다. 대표 메뉴이자 시그니처 메뉴인 ‘더티 카이막 팡도르’는 독일의 전통 디저트이며, 또 다른 인기 메뉴인 ‘카이막’은 크리미한 터키 현지에서 직접 공수해 정통의 맛을 느낄 수 있다. 고품질의 베이커리와 함께, 커피와 다양한 음료도 준비되어 있어 취향에 맞게 선택할 수 있다. 주변에는 용연계곡과 용두암이 가까이 있어, 관광 중에 잠시 들러 휴식과 맛있는 디저트를 함께 즐기기에 좋은 장소이다."
드르쿰다,제주특별자치도 서귀포시 성산읍 섭지코지로25번길 64,2755445,39,indoor,indoor:실내/음식점/카페 | outdoor:산/해변,A05,A0502,A05020900,음식점,한식,카페/전통찻집,126.9191261882,33.4444983695,"드르쿰다 카페는 광치기 해변에서 차로 2분 거리에 위치해 접근성이 좋고 부근에 유명한 관광지들이 밀접해있어 인프라가 좋아 여행 중 들르기 좋은 명소이다. 넓은 부지에 이국적으로 꾸며 놓은 잔디 광장, 돌담으로 만들어놓은 성과 추억을 되살리는 회전목마가 눈길을 끈다. 스튜디오를 연상케 하는 실내공간에서는 인생샷을 찍기 좋고 다양한 테마의 카라반을 예약하여 내부에서 파티, 보드게임을 해보는 것도 추천한다. 낮엔 디즈니, 밤엔 라라랜드 느낌으로 변하는 대형 스튜디오에서 소중한 사람들과 추억을 남기고 성산일출봉 뷰의 프라이빗 한 드르쿰다 해변에서 일광욕도 즐길 수 있다."
디아넥스호텔,제주특별자치도 서귀포시 안덕면 산록남로762번길 71,3031466,32,indoor,indoor:베이커리/센터/숙박/실내/카페 | outdoor:산,B02,B0201,B02010100,숙박시설,관광호텔,관광호텔,126.3926444971,33.3030666935,"한라산 중턱의 자연 속 자리잡은 디아넥스호텔은 총 43개의 모던하고 세련된 디자인의 객실에서 안락함과 탁 트인 전망을 볼 수 있는 곳이다. 부대시설로는 레스토랑, 베이커리 카페, 고온천 스파, 실내 수영장, 피트니스센터, 북카페, 테니스장, 편의점 등 다양하게 갖추고 있다. 특히 고온천 스파는 제주도에 온천부존 가능성이 없다는 정설을 뒤집고 2001년 처음으로 발견된 고온천이다. 토출 온도 42도로, 국내 대부분 온천이 저온 온천인 반면 아라고나이트 온천은 고온 온천에 속하며 숙성과정에서 투명한 맑은 물이 변화되어 만들어낸 독특한 우유 빛깔로 칼슘과 이산화탄소를 풍부하게 함유하고 있다. 투숙객은 온천과 부대시설을 무료로 자유롭게 이용할 수 있으며, 테니스장은 US OPEN 국제 규격의 넓은 실내 테니스장으로 투숙객은 할인된 요금으로 쾌적하게 테니스를 즐길 수 있다."
딜레탕트,"제주특별자치도 제주시 신북로 144 1층,2층",2904656,39,indoor,indoor:음식점/카페 | outdoor:산/섬,A05,A0502,A05020900,음식점,한식,카페/전통찻집,126.6284354411,33.5351197779,"딜레탕트는 제주시 조천리 대섬 입구 정류장 근처에 있는 브런치 카페이다. 프랑스 가정식 파이 키슈가 대표 메뉴로 제주 식재료를 사용하여 제주 딱새우 로제 키슈, 제주 흑돼지 치즈 키슈 등을 제공하며, 이와 어울리는 제주 청귤 모히또 등 에이드 류와 커피, 맥주, 차를 판매한다. 이 외에도 현무암 스콘, 화산송이 스콘, 한라봉 버터 스콘도 있다. 카페 분위기는 깔끔한 사진 스튜디오 작업실처럼 꾸며져 있고 테라스가 있어 사진 찍기에 좋다. 반려동물과 함께 입장할 수 있고 주변 여행지로 조천항, 연북정 등이 있다. 
※반려동물 동반 가능"
따라비 오름,제주특별자치도 서귀포시 표선면 가시리 산62,572968,12,outdoor,outdoor:공원/산/오름,A01,A0101,A01010400,자연관광지,국립공원,산,126.7503310450,33.3859437827,"표선면 가시리에 위치한 따라비 오름은 3개의 분화구(굼부리)와 6개의 봉우리로 이루어져 있다. 화산이 폭발할 때 분출된 용암은 부드러운 산세를 만들어냈고, 가을이면 오름을 뒤덮은 억새 군락이 장관을 이룬다. 이런 풍경에 취한 사람들은 따라비 오름을 ‘오름의 여왕’이라 부르기 시작했다. 억새는 오름 초입부터 화려함을 뽐낸다. 넓은 평원은 바람에 흐드러진 하얀 억새풀로 채워지고 그 사이로 아늑한 오솔길이 놓였다. 최고의 인생샷을 남기기 위해 사람들은 빼꼼히 얼굴을 내민 채 억새 숲에 몸을 숨기기도 한다.
따라비 오름 정상까지는 30분 정도 소요되며 누구나 쉽게 탐방할 수 있다. 계단길을 따라 오르는 사이 잠시 가려졌던 시야는 산정에 도착하는 순간 경이로움으로 활짝 트인다. 굼부리와 능선은 감미로운 곡선을 이루고 수많은 억새 솜털 뒤로 큰사슴이오름(대록산)과 풍력발전단지가 햇살 아래 펼쳐진다. 따라비 오름 산정부는 마치 억새의 바다와 같다. 바람은 잔잔하게 때론 거칠게 은빛 파도를 일으킨다. 능선을 따라 걷든, 굼부리의 사잇길을 횡단하든, 따라비오름에서는 움직이는 모든 것이 그림이 된다. 해가 지평선에 가까워질수록 금빛으로 익어가는 바다. 따라비 오름에선 시시각각 색과 빛이 조화를 일으킨다. 제주 토종 억새는 10~11월에 사이 만발의 극치를 이루며 겨울까지 생명력과 정취를 유지한다.

(출처 : 비짓제주)"
뚱딴지 애월본점,제주특별자치도 제주시 애월읍 부룡수길 17,2870602,39,indoor,indoor:몰/음식점 | outdoor:산,A05,A0502,A05020100,음식점,한식,한식,126.3546911711,33.4745887905,"제주산 흑돼지를 7일간 교차 숙성해 깊은 풍미와 부드러운 식감을 살려내는 것이 가장 큰 자랑이다. 신선한 해산물과 함께 차려내는 모둠 한상은 여행객은 물론 현지인들에게도 큰 사랑을 받고 있으며, 두툼하게 썰어낸 근고기 역시 고소한 육즙과 쫄깃한 식감으로 꾸준히 인기다. 이곳에서는 샤브식으로 즐기는 특별 메뉴 ‘한라산불고기’도 한 번쯤 경험해 볼 만하다. 한우 불고기와 살아 있는 제주 해산물이 어우러져 색다른 맛을 선사한다. 
저녁 무렵이면 고내리 포구 너머 붉게 물드는 일몰과 함께 식사를 즐길 수 있어, 맛과 풍경을 동시에 누릴 수 있는 특별한 시간이 완성된다. 식사 후 포구를 따라 산책하며 제주의 바다를 느긋하게 감상할 수 있는 것도 뚱딴지 애월본점만의 매력이다."
라 플라주,제주특별자치도 제주시 조함해안로 525,2904691,39,indoor,indoor:베이커리/음식점/카페 | outdoor:둘레길/해수욕장,A05,A0502,A05020900,음식점,한식,카페/전통찻집,126.6690845131,33.5427390309,"라플라주는 제주시 조천읍 함덕 해수욕장 앞에 있는 베이커리 카페이다. 아침 일찍 영업을 시작해 밤늦게까지 운영하는 오션뷰 베이커리 카페로 근처에 숙소를 정한 여행자들이 분위기 있는 조식이나 석식을 할 수 있는 곳이다. 커피, 차, 라테, 에이드류와 함께 다양한 베이커리가 있으며 크로플도 제공한다. 시그니처 메뉴로 함덕 선셋은 아이스티이고 라라딸기라테, 스무디인 서우봉봄이 있다. 우도땅콩잼, 구좌당근잼 등 10여 종의 잼은 직접 맛을 보고 구매할 수 있으며 함덕해수욕장이 바로 앞에 있어 뷰가 무엇보다 좋다. 주변 여행지로 서우봉, 서우봉둘레길, 함덕해수욕장 등이 있다."
라라카페,제주특별자치도 제주시 애월읍 광령평화10길 13,2851948,39,indoor,indoor:음식점/카페 | outdoor:정원,A05,A0502,A05020900,음식점,한식,카페/전통찻집,126.4427450785,33.4544368598,"라라카페는 제주시 애월읍 광령리에 위치한 감성적인 분위기의 카페로, 탁 트인 자연경관과 여유로운 공간이 돋보이는 곳이다. 이곳은 넓고 아름다운 정원을 갖추고 있으며, 멀리 바다까지 조망할 수 있어 방문객들에게 특별한 휴식을 제공한다. 특히 유채꽃밭을 보유하고 있어 봄철에는 노란 유채꽃이 만발한 풍경을 감상할 수 있으며, 사진 찍기 좋은 계절 명소로도 유명하다. 좌석이 넉넉하게 마련되어 있어 혼자 방문하거나 가족, 친구들과 함께해도 편안하게 머무를 수 있다. 카페 곳곳에는 감각적인 포토존이 마련되어 있어 사진을 찍기에도 좋으며, 다양한 메뉴가 준비되어 있어 선택의 폭도 넓다. 커피와 음료는 물론 빙수, 간단한 브런치 메뉴까지 즐길 수 있어 식사와 디저트를 함께 해결할 수 있는 매력적인 공간이다. 근처에는 제주의 역사와 이야기를 품은 항파두리 항몽유적지가 있어 카페 방문 전후로 함께 둘러보기에 좋은 여행 코스로 추천한다."
라임오렌지카페앤플라워,제주특별자치도 서귀포시 칠십리로 330 라임오렌지레스토랑 1층,2899746,39,indoor,indoor:음식점/카페/펜션/호텔 | outdoor:산/섬,A05,A0502,A05020900,음식점,한식,카페/전통찻집,126.5871289007,33.2464510197,"라임오렌지카페앤플라워는 서귀포시 칼호텔 근처에 있는 디저트 카페이다. 다양하고 예쁜 식물들과 소품으로 꾸민 조용한 카페로 잔디마당에는 작은 산책로가 있으며 섶섬이 보인다. 내부는 화이트톤과 아치형 파티션으로 동화속 공간을 연상시킨다. 수제라임청에 에스프레소를 부어 마시는 라임 커피, 착즙한 생오렌지에 에스프레소를 부어 마시는 오렌지커피, 하귤청에 에스프레소를 부어마시는 하귤커피가 시그니처 메뉴이고, 다양한 커피와 에이드가 있다. 라임오렌지빌이라는 펜션과 함께 운영하고 있으며 식물과 소품도 구매할 수 있다. 
※ 반려동물 동반 가능"
라지마할,제주특별자치도 제주시 신광로 43,1405489,39,indoor,indoor:음식점,A05,A0502,A05020700,음식점,한식,이색음식점,126.4902735165,33.4882477612,라지마할은 제주도 신제주 제원사거리에 자리 잡고 있는 인도 음식점이다. 라지마할의 의미는 옛날 인도 우리사(ORISSA)주의 인도 수도이자 궁전의 이름이다. 라지마할의 대표적인 음식은 전통 인도 음식인 카레와 난 그리고 탄두리치킨이 가장 인기가 좋으며 현지 인도 주방장이 만든 전통 인도식 다양한 종류의 카레를 맛볼 수 있고 전혀 거부감이 없는 양고기를 맛볼 수 있는 곳이다. 인도 분위기가 물씬 나는 이곳은 입소문으로 언제 가도 사람들의 발길이 끊이지 않는 인기 있는 음식점이다.
라토커피제주,제주특별자치도 제주시 광양10길 20 (이도이동),2853982,39,indoor,indoor:음식점/카페,A05,A0502,A05020900,음식점,한식,카페/전통찻집,126.5281672061,33.4987305369,"라토커피제주는 제주시청 근처 조용한 주택가에 위치한 감성 가득한 카페로, 제주 구옥 가정집을 깔끔하게 리모델링해 특별한 분위기를 자아내는 공간이다. 자연광이 가득 들어오는 개방감 있는 분위기에서 여유로운 시간을 보낼 수 있다. 특히 기둥 사이의 가벽을 과감하게 뚫거나, 창틀과 벽돌의 자연스럽게 부서진 부분을 그대로 노출시켜 빈티지하면서도 세련된 매력을 느낄 수 있도록 구성되어 있다. 라토커피제주의 시그니처 메뉴인 ‘넛츠끄레마’는 고소한 견과류의 풍미와 크리미한 에스프레소가 어우러진 독특한 음료로 많은 이들의 사랑을 받고 있다. 이 외에도 다양한 커피와 음료는 물론, 크림브륄레, 약과쿠키 등 감각적인 디저트 메뉴도 마련되어 있어 커피 한 잔과 함께 달콤한 여유를 즐기기에 좋다. 조용한 분위기에서 제주만의 감성을 느끼고 싶은 이들에게 추천할 만한 카페다."
래용,제주특별자치도 제주시 우정로 17 제웅1차솔내음빌리지,2910930,39,indoor,indoor:음식점,A05,A0502,A05020300,음식점,한식,일식,126.4311758095,33.4912409352,"래용은 제주공항 근처 외도일동에 있다. 회전초밥 전문점으로 매일 싱싱한 생선회를 사용하여 조금씩 메뉴가 바뀐다. 접시는 4가지 가격으로 운영하고 초밥류 이외에 소바, 튀김, 알밥, 장국 등 다양한 일식 음식이 올라오고 동네 안에 있는 만큼 어린이가 좋아할 만한 돈가스 같은 메뉴와 음료도 있다. 점심 특선과 초밥류 모두 가성비가 좋고 도민 맛집으로 소문난 곳이다. 주변 여행지로 연대포구, 알작지 등이 있다."
랜딩관 제주신화월드 호텔 앤 리조트,제주특별자치도 서귀포시 안덕면 신화역사로304번길 38,2561880,32,indoor,indoor:리조트/센터/숙박/실내/전시 | mixed:월드,B02,B0201,B02010100,숙박시설,관광호텔,관광호텔,126.3197479556,33.3072595277,"제주신화월드의 개발사인 랜딩인터내셔널의 이름을 건 랜딩관 제주신화월드 호텔 앤 리조트는 편리한 접근성과 꼭 필요한 서비스를 모두 갖추고 있다. 호텔 안팎에는 로컬 작가들이 참여한 예술작품을 전시해 제주도의 정서를 예술적 미감으로 전달한다. 총 615개 객실에는 실내 온도, 조명 등을 간편하게 조작할 수 있는 컨트롤 시스템을 두어 스마트함을 더했다. 다양한 음식을 주문할 수 있는 올 데이 다이닝뿐 아니라 라운지층에 델리와 카페&바를 두어 가벼운 미팅을 가지거나 휴식을 취할 수 있다. 또한 국제적인 컨벤션과 전시는 물론 공식적인 만찬과 연회가 가능한 다목적 마이스(MICE)인 랜딩 컨벤션 센터가 랜딩관 제주신화월드 호텔 앤 리조트의 지하층에 바로 연결되어 있다."
랜딩커피,제주특별자치도 서귀포시 신양로122번길 45-1,2877634,39,indoor,indoor:음식점/카페 | outdoor:해수욕장,A05,A0502,A05020900,음식점,한식,카페/전통찻집,126.9189153017,33.4355354670,"랜딩커피는 신양섭지해수욕장과 나란히 있다. 인테리어와 아웃테리어가 바다라고 해도 과언이 아닐 정도로 통창과 오션 뷰가 특징이다. 공간은 폭이 좁고 하얀색 벽과 천장, 옅은 색 테이블과 의자를 놓았다. 2층은 바다 조망을 위해 테이블을 일렬로 배치하고 어린이 제한 구역으로 운영 중이다. 시그니처 음료인 아일랜드 티는 붉은 과일을 써서 색감이 드러나고 코코넛밀크가 들어간 카페모카와 장난감같이 생긴 무스케이크 등 사진 찍기 좋은 카페이다. 주변 여행지로 섭지코지가 있다."
레몬뮤지엄,제주특별자치도 서귀포시 남원읍 하례로620번길 41,3478595,39,indoor,indoor:갤러리/음식점/전시/카페 | outdoor:산/야외 | mixed:복합,A05,A0502,A05020900,음식점,한식,카페/전통찻집,126.6178639453,33.2988873894,"레몬뮤지엄은 제주 서귀포시 남원읍에 위치한 레몬 테마 복합문화공간이다. 이곳은 레몬 농장과 카페, 갤러리를 결합한 시설이다. 직접 재배한 무농약 레몬으로 만든 음료와 디저트를 제공하며, 대표 메뉴로는 레몬 아이스크림, 레몬 무스, 레몬에이드 등이 있다. 레몬 농장 견학이 가능하며, 레몬 수확 및 레몬청 만들기 체험 프로그램을 운영한다. 2층에는 한라산 전망을 감상할 수 있는 테라스가 있고, 카페 내부의 갤러리에서는 다양한 작품을 전시한다. 야외에는 칠면조, 인도 닭 등 동물들을 볼 수 있는 공간이 마련되어 있다."
로맨틱새우 애월곽지본점,제주특별자치도 제주시 애월읍 곽지1길 12-12 (곽지어촌계펜션),2870608,39,indoor,indoor:음식점 | outdoor:산/해수욕장/해안,A05,A0502,A05020200,음식점,한식,서양식,126.3051849634,33.4480465039,"로맨틱새우 애월곽지 본점은 곽지해수욕장 근처에 있는 새우요리 전문점이다. 음료를 제외한 모든 메뉴에 새우가 들어가는 것이 특징으로 대표 메뉴는 매콤한 이태리 수제소스와 새우의 조합인 레드빅뱅 쉬림프와 달걀오므라이스에 생크림 바베큐를 얹은 로맨틱 바베큐 쉬림프가 있다. 이외에도 코코넛 쉬림프와 날치알크림 쉬림프 파스타 등 다양한 새우요리가 준비되어 있어 취향에 맞게 선택할 수 있다. 새우와 어울리는 다양한 음료가 있으며 어린이용 메뉴인 키즈밀도 있다. 단체인원을 위한 큰 테이블도 있고 혼밥하기 좋은 좌석도 마련되어 있다. 깔끔하고 세련된 인테리어가 특징이며, 주변에 함께 둘러보기 좋은 곽지해수욕장, 한담해안산책로 등이 있다."
로빙화,제주특별자치도 서귀포시 남원읍 남태해안로 13,3030178,39,indoor,indoor:센터/음식점/카페 | outdoor:산/야외/해변/해안,A05,A0502,A05020900,음식점,한식,카페/전통찻집,126.7092732296,33.2751442437,"제주 남원 큰엉해안경승지 앞에 위치해 있는 소나무와 야자수가 빙 둘러싸고 있는 카페이자 펍이다. 로빙화는 멍청한 얼음꽃이라는 뜻이라고 한다. 겨울에 피어야 할 꽃이 봄에 피고 지며 녹차밭의 양분이 되어 주기에 붙여진 이름이라 한다. 카페 옆모습은 통나무집처럼 생겼고, 입구에는 아기자기한 취향이 느껴지는 소품들과 그림, 사진 등이 꾸며져 있다. 내부는 천장이 높고 2층으로 분리되어 있는데 1층은 펍분위기로 활기차고 넓은 창은 야자잎으로 직접 꾸며 이색적이다. 해먹이 설치되어 있는 2층의 조용한 테라스에서 파도소리를 들을 수 있으며, 작업실에서는 방문객들에게 아트지 한 장에 500원을 지불하면 그림 도구를 사용할 수 있도록 잠시 빌려 주기도 한다. 수익금은 유기견센터에 기부된다고 한다. 브레이크 타임이 없고 프라임 등급의 소고기와 제주산 흑돼지만을 사용한 훌륭한 맛의 수제버거와 자연치즈만으로 만든 푸짐한 크기의 맛있는 피자가 대표 메뉴이며 다양한 음료와 메뉴들이 있다. 브레이크 타임 없이 늦게까지 영업을 하는 곳이어서 늦은 밤에도 이용이 가능하다. 아이 의자도 마련되어 있어 아이와 방문 가능하고 애견 동반이 가능하나 동반이 가능한 장소는 1층 야외 마당이며 견주 동반이 필수이다.  드라이브 명소인 남원큰엉해변도로 시작 지점에 위치하고 있기 때문에 제주 서귀포 동쪽으로 여행계획을 짤 때 남원큰엉경승지를 산책 전후로 유명한 한반도 사진도 찍고 오기에 좋은 카페로 추천한다."
롤링브루잉,제주특별자치도 제주시 일도일동 1168-1,2946085,39,indoor,indoor:시장/음식점/전시/카페,A05,A0502,A05020900,음식점,한식,카페/전통찻집,126.5291251293,33.5131317362,"롤링브루잉 카페는 제주 공항 근처, 동문시장 근처에 위치해 있어 제주여행의 시작과 마무리로 좋은 곳이다. 또한 스페셜티 원두만을 사용하여 각 원두의 특성을 살리기 위해 직접 로스팅을 한다. 매장 2층은 전시공간으로 활용하여 커피를 마시며 작은 전사 작품을 구경하는 재미도 느낄 수 있다. 대표 메뉴는 에스프레소이고 그 외에 콜드브루, 라떼, 아이스티, 아이스크림등의 메뉴가 준비되어 있다. 힙한 느낌의 매장 내부 안에는 고양이가 있는데 이 가게의 마스코트이다. 커피 마니아 이거나, 커피에 집중할 수 있는 카페를 찾는다면 롤링브루잉을 추천한다."
롯데시티호텔 제주,제주특별자치도 제주시 도령로 83,2046954,32,indoor,indoor:숙박/호텔 | outdoor:산/폭포,B02,B0201,B02010100,숙박시설,관광호텔,관광호텔,126.4865515629,33.4906557686,"제주의 대표적 절경인 주상절리와 폭포, 그리고 돌하르방을 형상화하여 설계된 롯데시티호텔 제주는 관광은 물론 비즈니스 고객에게도 최적의 호텔이다. 제주도 건물 중 최고 높이인 롯데시티호텔 제주는 제주국제공항에서 차로 5분 거리에 위치하여 있으며 제주시내 및 공항 활주로, 바다와 한라산 까지 한눈에 보이는 최고의 전망을 자랑한다. 모던하고 세련된 디자인의 객실과 사계절온수풀 및 대규모 연회장 등 다양한 편의시설에서 머무는 시간을 잊을 수 없는 추억으로 만들어준다."
롯데호텔 제주,제주특별자치도 서귀포시 중문관광로72번길 35,143025,32,indoor,indoor:리조트/숙박/호텔 | outdoor:산,B02,B0201,B02010100,숙박시설,관광호텔,관광호텔,126.4105247144,33.2487146442,"유럽풍의 왕궁을 연상케 하는 웅장한 외관부터 장관을 이루는 제주롯데호텔은 지난 2000년에 개관한  리조트 호텔이다. 세계 리조트 호텔의 대명사 ‘The Palace of the Lost City’의 장점과 한국의 전통적인 우아함을 조화시켜 만든 500개의 객실과 다양한 레스토랑, 대형 국제회의를 소화할 수 있는 연회시설, 피트니스클럽, 면세점, 카지노 등의 시설을 모두 갖춘 고품격 리조트 타운으로 라스베이거스 스타일의 화산분수쇼와 대형 네덜란드 정통 풍차 등 볼거리도 가득하다. 제주롯데호텔은 수많은 귀빈들이 투숙함은 물론 국제행사들을 훌륭히 치러냄으로써 제반 시설뿐만 아니라 국제적인 매너와 서비스 면에서도 최고의 호텔로 인정받고 있다."
롱로드,제주특별자치도 제주시 한림읍 귀덕3길 44,2839771,39,indoor,indoor:음식점 | outdoor:해변/해수욕장,A05,A0502,A05020200,음식점,한식,서양식,126.2792179220,33.4416106964,"롱로드는 제주도 서쪽 귀덕리 바닷가에 자리한 아담한 양식 전문점이다. 작고 소박한 외관이 눈에 띄며, 내부는 아기자기한 소품들과 따뜻한 조명이 어우러져 아늑한 분위기를 자아낸다. 이곳의 대표 메뉴는 매일 아침 신선한 재료로 정성껏 만든 수제 쇠고기 함박스테이크로, 촉촉한 식감과 깊은 풍미로 많은 이들의 사랑을 받고 있다. 아보카도 함박스테이크, 일본식 치킨 가라아게, 타코 라이스 등 다양한 양식 메뉴를 맛볼 수 있어 선택의 폭이 넓다. 모든 요리는 주문 즉시 조리되어 신선하고 따뜻한 맛을 유지한다. 롱로드는 평일에는 오후 4시까지 영업하지만, 재료가 조기 소진될 경우 예정보다 일찍 문을 닫을 수도 있어 방문 전 확인이 필요하다. 식사를 마친 후에는 인근의 곽지해수욕장, 한림항 등 제주 서쪽의 아름다운 해변과 관광지를 함께 둘러보기 좋아 여행 코스에 넣기에도 알맞다."
루나폴,제주특별자치도 서귀포시 일주서로 1836,2940981,12,mixed,indoor:몰 | outdoor:공원/숲길 | mixed:관광단지/테마파크/파크,A02,A0202,A02020600,역사관광지,관광단지,테마공원,126.3219962251,33.2514073999,"루나폴은 거대한 규모의 나이트 디지털 테마파크이다. ‘예로부터 사람들은 달에 소원을 빌었고, 소원이 가득 쌓여 무거워진 달이 제주에 떨어졌다’라는 스토리를 기반으로 밤길을 걸으며 즐기는 몰입형 체험 콘텐츠를 제공한다. 루나폴은 미디어아트와 홀로그램 등 실감미디어 기술력으로 꾸며진 총 9개의 체험존으로 구성되어 있다. 루나폴 세계관을 재현한 루나 빌리지, 달의 민족 루나리안, 달의 민족들이 사용한 언어 루나리안어 등 세계관이 매우 풍부하게 구현되어 있어 몰입도를 더욱 높인다. 루나폴만의 세계관과 제주의 청정자연, 최정상 실감미디어 기술력이 만난 루나폴 판타지는 곶자왈이 포함된 천연 보호구역으로 비포장 숲길이 포함되어 있으므로, 일부 동선에 주의를 요하기에 안전하고 편안한 신발과 복장을 추천한다."
리보스코화덕피자,제주특별자치도 제주시 수목원길 27 (연동),2837242,39,indoor,indoor:음식점 | outdoor:산/수목원,A05,A0502,A05020200,음식점,한식,서양식,126.4878685946,33.4694748009,"리보스코화덕피자는 제주특별자치도 제주시 연동에 있는 화덕피자 맛집이다. 제주공항 근처에 있으며 한라수목원을 가는 길에 있어 찾기도 쉽다. 최초로 향긋한 바다내음이 나는 제주 톳을 이용해 도우를 만들었으며 모든 피자는 톳도우를 사용한다. 대표 메뉴는 해녀톳도우 한라산용암 피자, 해녀톳도우 유채꽃 현무암치킨 피자, 해녀톳도우 루꼴라듬뿍 피자가 있고 한라봉 에이드도 인기가 많다. 아담하고 조용한 매장으로 예약 후 방문을 추천한다. 또한, 브레이크 타임이 없어 언제든 피자를 즐길 수 있다. 주변에 함께 둘러보기 좋은 여행지로 제주 원도심, 한라수목원 등이 있다."
리썸카라반,제주특별자치도 서귀포시 대정읍 일과대수로27번길 12,2798778,28,outdoor,indoor:몰 | outdoor:레포츠/캠핑,A03,A0302,A03021700,레포츠소개,수련시설,"야영장,오토캠핑장",126.2301766861,33.2393822902,"리썸카라반은 제주 서귀포시 대정읍에 자리한 소규모 카라반 캠핑장이다. 제주도 서쪽 일몰이 아름다운 조용한 바닷가 마을에 있으며, 도보로 1분 거리에는 제주의 광활한 바다를 누비는 남방 돌고래를 볼 수도 있다. 바닷가 근처의 평화로운 캠핑을 즐기고 싶은 여행객들에게 안성맞춤이다. 리썸 카라반 캠핑장에서 운영하는 카라반은 1호부터 5호까지 개별 데크가 있는 카라반이 있다. 내부에는 감성 콘셉트에 맞게 감성을 더하는 아기자기한 소품으로 꾸며져 있어 안락하고 기분 좋은 느낌을 더해준다. 내부에는 냉장고와 인덕션, 취사도구를 완비하고 있어 따로 번거로운 캠핑 준비물들을 챙길 필요 없다. 화장실과 샤워실 역시 카라반 내에 있어 프라이빗하게 캠핑을 즐길 수 있다. 넓은 앞마당처럼 펼쳐진 잔디밭과 개별 데크에서 편안하게 바비큐를 즐기며 휴식할 수 있다. 낮은 돌담과 정겨운 제주 시골 마을의 정취를 느껴보고 싶다면 이색 숙소로 추천하는 장소다."
리치호텔,제주특별자치도 제주시 애월읍 고내로13길 100,3084957,32,indoor,indoor:숙박/카페/호텔 | outdoor:야외/전망대/해안,B02,B0201,B02010100,숙박시설,관광호텔,관광호텔,126.3489500598,33.4720973090,"제주도 북쪽에 자리 잡은 리치호텔은 제주공항에 근접하여 있는 5층 건물의 호텔이다. 노을빛이 아름다운 애월 해안도로에 자리하고 있는 가성비 좋은 호텔로 넓은 야외 주차장이 있다. 객실은 리치 더블, 슈페리어 더블, 슈페리어 패밀리, 슈페리어 트윈, 디럭스 트윈, 로양 스위트, 리치 스위트 8가지 타입의 룸이 있다. 모든 객실이 바다 전망으로 테라스와 주방 시설도 갖추어져 있다. 1층에 공용 테라스가 있고 소규모 회의를 위한 세미나실도 갖추어져 있다. 애월에는 바다를 조망할 수 있는 카페가 많이 있으며 인근에는 연화지, 애월 돌고래 전망대, 애월항 등이 있어 연계하여 관광할 수 있다."
리틀포레스트,제주특별자치도 서귀포시 월평로 15,2899709,39,indoor,indoor:음식점/카페 | outdoor:정원,A05,A0502,A05020900,음식점,한식,카페/전통찻집,126.4592955715,33.2448352854,"리틀포레스트는 세귀포시 월평마을회관 근처에 있다. 구옥을 개조한 곳에서 주로 빈티지 그릇과 식재료를 판매한다. 주인장의 감각이 돋보이는 개성있는 빈티지 소품이 많이 있으며 유리그릇, 범랑, 본차이나, 도시락 등 재미있는 그릇이 많다. 자세한 사진 촬영은 할 수 없다. 빈티지한 패브릭, 모티브 뜨개, 조명으로 꾸민  아기자기한 공간으로 여성 방문자 비율이 높다. 주변 여행지로 약천사, 자연치유정원, 월평포구 등이 있다. 반려동물 동반이 가능하다."
릴로,제주특별자치도 제주시 구좌읍 하도13길 63,2861455,39,indoor,indoor:음식점,A05,A0502,A05020200,음식점,한식,서양식,126.8928824885,33.5108322806,"릴로는 제주도 구좌읍 하도리에서 프랑스식 건강한 브런치를 선보이는 공간이다. 낮에는 브런치를 판매하고 저녁에는 프랑스어를 가르친다. 인기메뉴로는 수비드 비프 타르틴, 감자수프 등이 있으며 소박하고 아기자기한 인테리어와 차림새가 좋은 건강식으로 남녀노소 모두에게 인기가 많다. 릴로플레이트는 다양한 빵과 크래커가 함께 제공되며 수제청으로 만든 제철 에이드도 있어 더 맛있게 브런치를 즐길 수 있다."
마노커피하우스,제주특별자치도 서귀포시 천제연로188번길 6-6 (중문동),2853302,39,indoor,indoor:센터/음식점/카페 | outdoor:산/오름 | mixed:관광단지,A05,A0502,A05020900,음식점,한식,카페/전통찻집,126.4239762659,33.2513867831,"마노커피하우스는 중문관광단지 뒤 주택가에 있다. 로스터리 카페로 스페셜티 커피 전문점이다. 세계 3대 커피 중 하나로 알려진 파나마 에스메랄다 게이샤를 맛볼 수 있는 곳이며 자메이카블루마운틴, 하와이안코나, 예멘모카마타리 등 스페셜티 핸드드립 커피를 맛볼 수 있다. 진지하게 커피를 음미하고자 하는 여행자 사이에 입소문이 난 곳이다. 원두와 드립백으로 구입도 가능하며, 제주산말차쿠키와 함께 즐겨도 좋다. 주차장도 넓은 편이다. 근처 여행지로 베릿내오름, 제주국제평화센터, 대포주상절리 등이 있다."
마돈,제주특별자치도 서귀포시 성산읍 섭지코지로 56,1883573,39,indoor,indoor:음식점,A05,A0502,A05020100,음식점,한식,한식,126.9218594458,33.4375075193,
마두천손칼국수,제주특별자치도 제주시 용해로 45,2899679,39,indoor,indoor:음식점 | outdoor:계곡/공원/해안,A05,A0502,A05020100,음식점,한식,한식,126.5029912907,33.5131340969,"마두천손칼국수는 제주시 용담 2동, 공항 동쪽 성화 마을회관 근처에 있다. 뽕잎 손칼국수 전문점으로 보말 전복 칼국수, 바지락 뽕잎 칼국수, 소고기 뽕잎 칼국수가 있고 계절메뉴로 검은콩 뽕잎 칼국수가 있다. 칼국수를 주문하면 김치, 보리밥, 김가루 등이 제공되고 튀긴 칼국수 면이 올려져 나오는 탕수육도 맛있다. 초록색 면 색깔이 독특하고 매장에서 키우는 앵무새도 인기다. 주변 여행지로 용두암 해안도로, 용연 계곡, 용담공원 등이 있다."
마라도,제주특별자치도 서귀포시 대정읍 마라로101번길 46,126450,12,outdoor,outdoor:공원/등대/섬/해안,A01,A0101,A01011300,자연관광지,국립공원,섬,126.2671011468,33.1186461893,"마라도는 한국 최남단의 섬이다. 섬을 위에서 보면 고구마 모양을 하고 있으며, 전체적으로 평평하나 등대가 있는 동쪽으로는 해풍의 영향으로 기암절벽을 이루고 있다. 마라도는 운진항에서 배를 타고 30분 정도 소요되며, 정기 여객선과 관광 유람선이 하루 수 차례 왕복 운항하고 있다. 섬 전체가 낮은 풀로 덮여있으며, 초원 군데군데 작은 건물들이 있고, 가을에는 억새가 만발하는 장관을 볼 수 있다. 서쪽 해안은 해식동굴이 발달되어 있다. 마라도의 남쪽 끝에는 최남단비가 있어 인증 사진을 찍는 사람들의 발길이 끊기지 않는다. 
마라도의 가장 높은 지대에 자리하고 있는 마라도 등대는 전 세계 해도에 꼭 기재되는 중요한 등대로, 이 지역을 항해하는 국제 선박 및 어선들에게 안내자의 역할을 한다. 등대 주변으로는 전 세계 유명 등대를 모형으로 만들어 놓은 볼거리가 있다. 
마라도는 섬 전체가 가파르지 않아 남녀노소 부담 없이 거닐 수 있다. 섬 한 바퀴를 다 도는 데는 1시간에서 2시간이면 충분하다. 마라도에 도착해 섬의 시계 반대 방향으로 한 바퀴 돌 때 제일 먼저 만나는 것은 ‘할망당, 처녀당, 비바리당’ 등으로 불리는 마라도의 본향당(本鄕堂) 당이 있다. 당이래야 돌담을 둥그렇게 쌓아두고 그 안에 제단을 마련한 것이 전부지만, 이곳에는 마라도의 잠녀들의 안녕을 지키고 뱃길을 무사히 열어주는 본향신이 모셔져 있다. 마을 사람들은 지금도 당이 있는 바위에 올라서면 바람이 세게 분다 하여 이를 금기 또는 신성시하고 있다."
마라도 가파도 정기여객선,제주특별자치도 서귀포시 대정읍 최남단해안로 120,2621914,12,mixed,outdoor:섬 | mixed:관광단지,A02,A0202,A02020800,역사관광지,관광단지,유람선/잠수함관광,126.2583887734,33.2100942980,"마라도 가파도 정기여객선은 우리나라 최남단의 섬 마라도를 알리고, 섬주민과 관광객에게 보다 안전하고 편안한 여객서비스를 제공하고자 운행을 시작했다. 2017년 7월 모슬포항(북항)에서 운진항(모슬포 남항)으로 여객항을 이전하여 마라도와 가파도를 정기 운행하고 있다. 계절이나 날씨, 일정 등에 따라 마라도와 가파도를 선택 또는 당일 중복 여행이 가능하다. 수채화를 닮은 여객선과 쾌적한 대합실, 넓은 주차장 등을 갖추고 있다."
마라도 등대,"제주특별자치도 서귀포시 대정읍 마라로 (165, 마라도항로표지관리소)",129145,12,outdoor,outdoor:공원/등대/산/섬/해안,A01,A0101,A01011600,자연관광지,국립공원,등대,126.2692287758,33.1170102919,"대한민국 국토 최남단에 있는 푸른 잔디밭 끝에 걸쳐 바다를 향하고 있는 마라도 등대는 동중국해와 제주도 남부 해역을 오가는 선박들이 육지 초인 표지로 이용하고 있는 우리나라의 희망봉 등대이다. 일제강점기인 1915년 3월 최초 건립된 등대는 1987년 3월에 개축하였고, 하얀색의 8각형 콘크리트 구조로 높이는 16m이다. 등질은 10초에 한 번씩 반짝이고 약 48km 거리에서도 확인이 가능하다. 
마라도 성당과 인접해 있어 함께 사진을 찍는 명소로도 인기가 있으며 등대 앞에는 세계 유명 등대의 모형과 세계 전도를 대리석으로 디자인하여 보여주고 있어 아이들에게도 교육적으로 접근할 수 있다. 등대가 위치한 마라도는 섬 전체가 천연기념물로 지정될 만큼 아름다운 자연경관을 지니고 있으며 국토 최남단비,애기업개할망당, 장군바위, 해안침식 동굴, 산방산 등 볼거리 많다.
마라도에 들어가려면 운진항 여객터미널이나 산이수동항의 [마라도 가는 여객선]에서 출항하는 배를 타고 가야 한다."
마라도가는여객선,제주특별자치도 서귀포시 대정읍 송악관광로 424,128802,12,mixed,mixed:관광단지,A02,A0202,A02020800,역사관광지,관광단지,유람선/잠수함관광,126.2905304868,33.2074256509,"마라도 여객선을 타면 대한민국의 가장 남쪽에 위치한 국토 최남단 마라도를 관광할 수 있다. 국토 최남단 마라도에서 느낄 수 있는 감동은 그 어느 관광지에서 느끼는 것보다 진하고 특별한 추억을 남긴다. 대한민국의 가장 최남단 마라도 가는 여객선은 넓고 푸른 제주도 바다의 아름다움과 천혜의 자연이 주는 감동으로 마라도를 찾은 사람들에게 가슴 뿌듯한 기분을 선사한다. 선착장에서 마라도까지 가는 시간은 30분, 다시 돌아오는 시간 30분이며 체류 시간에 따라 총 소요 시간은 변동된다."
마레보 비치호텔,제주특별자치도 제주시 곽지1길 23 마레보비치호텔,139860,32,indoor,indoor:몰/숙박/호텔 | outdoor:해수욕장/해안,B02,B0201,B02010100,숙박시설,관광호텔,관광호텔,126.3041378290,33.4481853609,"협재 해수욕장 인근에 위치한 마레보 비치호텔은 바로 앞에 넘실대는 푸른 바다가 내려다보이는 곳에 자리 잡고 있으며, 하귀리 가문동 해안가에서부터 애월 해안가까지 이어지는 환상의 드라이브 코스 사이에 위치해 있다. 전 객실 헝가리구스다운 침구와 라이브러리 분위기의 인테리어, 테마를 구성하고 있는 다양한 객실을 보유하고 있다. 편리함이 갖추어진 설비와 고객의 취향을 만족시켜 주는 서비스를 통해 편안하고 안락하게 지내실 수 있도록 편의를 제공하고 있다. 스몰 럭셔리 호텔을 지향하는 클럽바형식의 로비라운지, 워크샵, 휴식, 힐링, 레저 등 다양한 니즈를 반영하기 위한 여러 가지 타입의 객실과 부대시설들을 보유하고 있다."
마루나키친,제주특별자치도 제주시 한경면 금등4길 11,2783430,39,indoor,indoor:음식점 | outdoor:산,A05,A0502,A05020700,음식점,한식,이색음식점,126.1958075111,33.3619682017,"제주 구옥의 멋과 세련된 인테리어가 인상적인 한림 맛집 마루나키친은 대표메뉴인 해물모듬장을 1일 30인분 한정 판매하는 것으로도 유명하다. 메뉴는 다양하지 않지만, 제주 딱새우를 할머니께 전수받은 간장 비법으로 만드는 '해물모듬장'과 제주 근해에서 잡은 싱싱한 제주 황게를 치즈향 가득한 크림소스로 요리한 '제주황게파스타', 제주산 돼지고기를 이용해 만든 '마루나돈카츠' 등 메뉴 삼총사만으로도 고객의 만족도가 매우 높다. 제주에서 즐길 수 있는 음식을 가장 제주답게 선보인다는 주인의 마음과 정성이 정갈한 음식과 공간에 그대로 묻어난다."
마마롱,제주특별자치도 제주시 애월읍 평화로 2783,2860662,39,indoor,indoor:음식점/카페 | outdoor:산,A05,A0502,A05020900,음식점,한식,카페/전통찻집,126.4391926606,33.4521870521,"마마롱은 제주 평화로를 따라가다 보면 제주관광대학교 옆에 위치한 수제 케이크 및 디저트 전문점이다. 정성 가득한 디저트와 감각적인 분위기로 에끌레어, 마카롱, 다양한 수제 케이크 등 눈과 입을 모두 만족시키는 디저트가 매일매일 준비되며, 특히 동물성 생크림을 사용해 하루 생산량만큼만 당일 판매하는 것이 특징이다. 마마롱의 또 다른 매력은 감성적인 인테리어이다. 매장 내부는 고풍스럽고 빈티지한 소품과 아기자기한 디테일로 꾸며져 있으며, 중앙에 위치한 샹들리에가 공간의 분위기를 로맨틱하게 만들어준다. 마마롱은 맛있는 디저트와 감각적인 공간이 어우러진 곳으로, 제주 여행 중 휴식을 원할 때 꼭 들러볼 만한 카페이다."
마음에온,제주특별자치도 제주시 칠성로길 29-1,2904827,39,indoor,indoor:쇼핑/시장/음식점/카페 | outdoor:정원,A05,A0502,A05020900,음식점,한식,카페/전통찻집,126.5259753695,33.5146093001,"마음에온은 제주시 일도일동, 칠성로 로드숍 안에 있는 디저트 카페이다. 작은 정원이 있는 한옥카페로 한식 디저트와 음료를 제공한다. 호두 해바라기씨, 땅콩, 대추를 잘게 다져 조청에 버무려 곶감을 채운 호두정과, 치즈 곶감 말이, 약과 등이 있으며, 수제 레몬청을 사용한 칠성라테, 청보리 라테, 에스프레소가 미숫가루에 들어간 꼬수미라테 등 시그니처 음료와 꽃차가 있다. 동문시장과 가까워 쇼핑 전후 쉬어갈 수 있고 주변 여행지로 제주 원도심, 삼성혈, 제주성지 등이 있다. 
※반려동물 동반 가능"
마틸다,제주특별자치도 제주시 애월읍 고내1길 33,2851674,39,indoor,indoor:음식점/카페 | outdoor:산,A05,A0502,A05020900,음식점,한식,카페/전통찻집,126.3342820347,33.4657311153,"마틸다는 제주 애월읍 고내리에 위치한 감성 가득한 LP 카페로, 애월도서관에서 바닷가 방향에 위치하고 있다. 이곳은 옛날 음악과 영화 OST를 중심으로 다양한 레코드판을 틀어주는 공간으로, 음악을 좋아하는 이들에게 특별한 경험을 선사한다. 손님이 원하는 노래를 신청하면 직접 틀어주기도 해, 편안하게 음악을 감상하는 듯한 아늑한 분위기가 특징이다. 카페 분위기는 너무 시끄럽거나 산만하지 않고, 또 너무 느슨하거나 조용하지도 않아 누구나 편안하게 머무를 수 있는 적당한 밸런스를 유지하고 있다. 밤에는 칵테일 바로 변신하는 마틸다에서 멋진 밤을 보내기에 안성맞춤이다. 따뜻한 조명과 빈티지한 LP판 장식으로 꾸며져 있어 사진 찍기에도 좋은 공간이며, 제주에서 색다른 밤 문화와 감성을 느낄 수 있다."
만덕이네,제주특별자치도 서귀포시 표선면 서성일로 16,2755006,39,indoor,indoor:음식점,A05,A0502,A05020100,음식점,한식,한식,126.8011014756,33.3933743337,제주 성읍민속마을 근처에 있는 향토음식 전문점 만덕이네는 <한식대첩 4> 우승 당시 백종원이 인정한 맛집이다. <식객 허영만 백반기행>과 <음담패썰> 등 다수의 방송에서 맛집으로 인증된 곳으로 제주 우수레스토랑 인증점 및 향토음식문화대전에서 대상을 받았다. 매콤한 갈치조림과 구수한 접짝뼈국이 있다. 싱싱한 전복과 제주 흑돼지가 들어가는 전복문어흑돼지 두루치기 정식이 인기 메뉴다. 상차림이 푸짐하고 친절해서 서귀포 관광객들의 필수 코스가 되고 있다.
만복반미 노형 본점,제주특별자치도 제주시 수덕9길 82-4 (노형동),2871956,39,indoor,indoor:식당/음식점 | outdoor:해변/해안,A05,A0502,A05020700,음식점,한식,이색음식점,126.4702031482,33.4834035344,"만복반미는 제주 노형성당 근처 주택가 골목에 위치한 반미 샌드위치 전문점이다. 매일 새벽 직접 구워내는 반이용 바게트에 베트남 로컬 소스와 속재료를 넣어 만들어 낸다. 처음에는 푸드트럭 형태로 운영되다가 제주공항과 가까운 노형동에 정식 매장을 오픈하게 되었다. 대표 메뉴는 미트볼 샌드위치, 케밥 샌드위치, 불고기 샌드위치 등이 있다. 이 외에도 소금커피와 베트남 원두를 사용한 코코넛 스무디 같은 음료도 함께 판매하고 있어 샌드위치와 곁들여 즐기기에 좋다. 식당 주변에 이호테우해변과 무지개 해안도로, 그리고 도두봉이 있어 식사 후 함께 둘러보기에 좋은 코스로 추천된다."
만부정,제주특별자치도 제주시 사장길 38,1883622,39,indoor,indoor:실내/음식점,A05,A0502,A05020300,음식점,한식,일식,126.4945566049,33.4826040098,만부정은 제주에 위치한 오랜 전통의 복요리 전문점이다. 인근 제주바다의 복어와 매일 선별한 신선한 채소를 사용하여 다양한 코스요리 및 식사메뉴를 고객에게 제공한다. 복요리 외에도 랍스터 코스요리도 준비되어 있어 남녀노소 누구나 부담 없이 즐길 수 있다. 실내 좌석이 넉넉하며 개별룸 시설을 완비하고 있어 각종 모임을 하기에도 손색이 없다. 또한 건물 지하에 전용 주차장 시설을 보유하고 있다.
만세국수,제주특별자치도 제주시 오라로 152 (오라일동),1883646,39,indoor,indoor:음식점,A05,A0502,A05020100,음식점,한식,한식,126.5187959033,33.4941364520,"제주시 오라일동에 있는 만세국수는 제주 종합 경기장 인근에 있는 국수 전문 음식점이다. 제주도 대표 음식 중 하나인 고기국수와 멸치국수, 만세국밥, 찹쌀순대를 제공하며 5월~9월에는 계절메뉴인 콩국수와 냉국수를 제공한다."
만장굴 (제주도 국가지질공원),제주특별자치도 제주시 구좌읍 만장굴길 182 (구좌읍),126452,12,outdoor,indoor:몰 | outdoor:공원/산/오름,A01,A0101,A01011900,자연관광지,국립공원,동굴,126.7706788052,33.5280478463,"제주시 구좌읍 김녕리에 위치하는 만장굴은 전체길이 약 7,400 m, 최대 높이 약 25 m, 최대 폭 약 18m로서 제주 세계자연유산의 한 부분인 거문오름용암동굴계(황상구 외, 2005)에 속하는 용암동굴이다. 특히 주 통로는 폭이 18m, 높이가 23m에 이르는 세계적으로도 큰 규모의 동굴이다. 전 세계에는 많은 용암동굴이 분포하지만 만장굴과 같이 수십만 년 전에 형성된 동굴로서 내부의 형태와 지형이 잘 보존되어 있는 용암동굴은 드물어서 학술적, 보전적 가치가 매우 크다. 만장굴은 동굴 중간 부분의 천장이 함몰되어 3개의 입구가 형성되어 있는데, 현재 일반인이 출입할 수 있는 입구는 제2입구이며, 1㎞만 탐방이 가능하다. 만장굴 내에는 용암종류, 용암석순, 용암유석, 용암유선, 용암선반, 용암표석 등의 다양한 용암동굴생성물이 발달하며, 특히 개방구간 끝에서 볼 수 있는 약 7.6m 높이의 용암석주는 세계에서 가장 큰 규모로 알려져 있다. <br /><br /><출처 : 제주도세계지질공원>"
만족한상회 중문점,제주특별자치도 서귀포시 중문상로 58-5 (중문동),2870495,39,indoor,indoor:식당/실내/음식점 | outdoor:산,A05,A0502,A05020100,음식점,한식,한식,126.4267398674,33.2535310345,"만족한상회 중문점은 제주특별자치도 서귀포시 중문동, 중문초등학교 근처의 조용한 주택가에 위치한 갈치요리 전문 맛집이다. 대표 메뉴는 ‘만족한상’으로, 제주산 생물 은갈치를 손질해 뼈를 제거하고 순살로 만들어 조림으로 제공하는 것이 특징이다. 살이 부드럽고 양념이 잘 배어 있어, 남녀노소 누구나 부담 없이 즐길 수 있는 만족한상회의 시그니처 메뉴다. 이 외에도 통갈치 한 마리를 통째로 구워내 촉촉한 속살이 살아 있는 ‘통갈치한상’도 인기 있으며, 단품 메뉴로는 갈치구이, 고등어구이, 제주 황게장 등이 준비되어 있어 원하는 스타일에 맞게 다양하게 조합해 식사를 즐길 수 있다. 10년 이상의 조리 경력의 주방장이 정성스럽게 만든 음식과 깔끔하고 단정한 분위기의 실내 공간이 어우러져 한 끼 식사 이상의 만족감을 주는 식당이다."
만지식당,제주특별자치도 제주시 애월읍 고내로 13-1,2781427,39,indoor,indoor:식당/음식점 | outdoor:산,A05,A0502,A05020300,음식점,한식,일식,126.3390761161,33.4633147917,"만지식당은 제주 애월읍에 위치한 아늑한 분위기의 작은 식당으로, BBQ 야키소바와 돈카츠정식, 텐자루소바 등 정갈한 일식 메뉴를 선보인다. 메뉴 하나하나 깊은 내공과 정성이 느껴질 만큼 완성도가 높아서 제주 여행을 할 때마다 찾는다는 단골손님이 많다. 특히 돈카츠 정식이 인기 메뉴인데, 제주산 흑돼지 또는 백돼지 등심을 숙성해서 만들어 씹을수록 고소한 풍미가 입맛을 돋운다."
말고기연구소,제주특별자치도 제주시 북성로 43 (삼도이동),2837996,39,indoor,indoor:시장/음식점 | outdoor:산,A05,A0502,A05020100,음식점,한식,한식,126.5201452985,33.5155924319,"말고기연구소는 제주공항 근처 제주 구도심 삼동이동에 있다. 말고기에 대한 좋은 인식을 목표로 하는 말고기전문점으로 매장에는 테이블이 없고, 도시락 테이크아웃 전문점이다.  제주 전통 로컬푸드인 말고기를 재해석하여 아침과 점심에는 초밥과 소시지 등 가벼운 도시락 메뉴와 저녁에는 술과 함께 즐길 수 있는 말고기 요리 메뉴를 제공하고 있다. 말고기 육즙 소시지, 말불고기초밥, 말육회초밥, 말고기 말샤브 등은 말고기를 처음 먹는 사람도 부담 없이 먹을 수 있도록 독자적으로 개발한 메뉴로 제주산 말고기를 사용하고 있다. 근처 함께 둘러보기 좋은 여행지로는 동문재래시장, 탑동공장, 사라봉 등이 있다."
망고하이,제주특별자치도 서귀포시 일주서로 972,2910907,39,indoor,indoor:센터/음식점/카페 | outdoor:오름/해수욕장 | mixed:관광단지,A05,A0502,A05020900,음식점,한식,카페/전통찻집,126.4068748184,33.2582551998,"망고하이는 서귀포 중문관광단지에 있다. 층고가 높은 이국적인 분위기의 망고전문점으로 저녁시간에 조명으로 눈에 띄는 곳이다. 망고 전문점인 만큼 생망고, 애플망고, 골드망고, 코코넛망고 등 다양한 망고 메뉴를 추천하고 있으며 생망고의 경우 일일 한정수량 판매하고 있다. 선물하기 좋은 포장 가공식품과 텀블러 등 굿즈도 판매하고 있으며 외부 테라스의 경우 저녁 10시까지 운영한다. 주변 여행지로 베릿네오름, 제주국제평화센터, 중문색달해수욕장 등이 있다."
맥파이 브루어리,제주특별자치도 제주시 동회천1길 23,2469467,12,indoor,indoor:시장/전시,A02,A0204,A02040600,역사관광지,발전소,식음료,126.6172288105,33.5031897997,"경리단길 골목서 동네 친구 4명이 맥주를 마시다 시작하게 된 사업이 바로 맥파이 브루잉 컴퍼니이다. 피맥집으로도 유명한 맥파이는 물 좋고 공기 좋은 제주도에 양조장을 두고 있다. 맥파이 제주 양조장투어는 예약 없이도 가능하나, 인원이 많다면 사전 예약을 추천한다. 예약은 이메일과 전화로 접수할 수 있다. 또한 시간대별로 총 4번 주말에만 투어가 가능하니 참고하자. 이곳에서는 맥주가 만들어지는 모든 과정을 처음부터 끝까지 직접 확인할 수 있으며, 투어를 위해 따로 마련된 전시장이 아니기 때문에 양조설비 사이를 직접 돌아보며 설명을 듣고 질문을 할 수 있다. 1인당 지급하는 참가비에는 투어를 포함해 맥주 한 잔 가격이 포함되어 있다. 현장결제만 가능하며, 만 8세 미만의 아동은 입장이 불가하다. 이밖에도 수제 맥주에 관한 다양한 교육 프로그램을 진행하고 있다. 맥주뿐만 아니라 맥주에 담긴 문화를 함께 나눌 수 있는 프로그램도 제공하고 있어 맥주를 좋아하는 사람들에게 인기 있는 양조장이다. 탑동에 맥파이 펍이 있으니 서귀포까지 가는 길이 멀다면 가까운 시내에서 간단하게 맥파이 맥주를 한 잔 즐겨보자.

(출처 :제주 문화관광 홈페이지)"
머문,제주특별자치도 제주시 해맞이해안로 460 2층,2877847,39,indoor,indoor:음식점/카페 | outdoor:공원/해수욕장,A05,A0502,A05020900,음식점,한식,카페/전통찻집,126.7957815474,33.5556035357,"머문은 제주 월정리해수욕장에 있다. 2층에 있으며 전면 통창 유리를 통해 월정리 바다를 볼 수 있다. 층고 또한 높아 개방감이 좋다. 바람이 불고 만조일 때는 마치 바다에 앉아 있는 듯한 느낌이 드는 카페로 다양한 좌석이 있고 복층형 구조로 되어 있다. 내부에도 조명이 많아 외부와 조도 차이가 크게 나지 않아 사진을 찍을 때 안과 밖이 비교적 모두 선명하게 나온다. 주변 여행지로 코난 해수욕장, 김녕미로공원 등이 있다."
머체왓숲길,제주특별자치도 서귀포시 남원읍 서성로 755,2662724,28,outdoor,outdoor:계곡/레포츠/산/숲길/오름,A03,A0302,A03022700,레포츠소개,수련시설,트래킹,126.6739417036,33.3305236796,"머체왓숲길은 서귀포시 한남리에 위치한 드넓은 목장 ,초원과 원시림을 동시에 즐길 수 있는 곳이다.머체는 돌이 엉기정기 쌓이고 잡목이 우거진 곳, 왓은 밭을 일컫는 제주어의 합성어로, 머체왓이라는 말은 이 일대가 돌로 이루어진 밭이라는 데서 붙여진 말이다.
머체왓숲길은  삼나무숲과 편백나무숲이 길게 형성된 숲 터널과 서중천 계곡을 따라 두 개의 탐방 코스로 나뉘는데, 소롱콧길(6.3㎞, 2시간 20분)과 머체왓숲길(6.7㎞, 2시머체왓숲길은 서귀포시 한남리에 위치한 드넓은 목장과 초원, 원시림을 동시에 즐길 수 있는 곳이다. 머체는 돌이 엉기성기 쌓이고 잡목이 우거진 곳, 왓은 밭을 일컫는 제주도 방언으로 머체왓이라는 말은 이 일대가 돌로 이루어진 밭이라는 데서 붙여진 말이다.
머체왓숲길은 삼나무숲과 편백숲이 길게 형성된 숲 터널과 서중천 계곡을 따라 두 개의 탐방 코스로 나뉘는데, 소롱콧길(6.3㎞, 2시간 20분)과 머체왓숲길(6.7㎞, 2시간 30분) 코스이다. 머체왓숲길 코스 중간쯤에는 제방 남기원 쉼터, 전망대에서는 마을을 한눈에 볼 수 있는 망원경도 있다. 소롱콧길 코스 삼나무숲에는 40~50년 전 주민들이 실제 거주했던 머쳇골 옛집 터를 볼 수 있고, 코스 초입에 펼쳐진 꽃밭에는 한라산이 보이며 커다란 느티나무 포토존은 탐방객의 발길을 멈추게 하는 절경이다. 숲길 1, 2, 3코스 체험 외에도  피크닉, 족욕체험 등 자연 치유프로그램도 있다. 근처 가 볼 만한 곳으로는 제주 동백마을과 물영아리오름이 있다. 삼나무숲에는 40~50년 전 주민들이 실제 거주했던 머쳇골 옛집 터를 볼 수 있고, 코스 초입에 펼쳐진 꽃밭에는 한라산이 보이며 커다란 느티나무 포토존은 탐방객의 발길을 멈추게하는 절경이다. 숲길 1,2,3코스체험외에도 피크닉, 족욕체험등  자연 치유프로그램도 체험할 수 있다. 근처 가 볼 만한곳으로는 제주동백마을과 물영아리 오름이 있다."
머큐어앰배서더 제주,제주특별자치도 서귀포시 안덕면 한창로 365,2852581,32,indoor,indoor:숙박/호텔 | outdoor:산/해안,B02,B0201,B02010100,숙박시설,관광호텔,관광호텔,126.3481791456,33.2926421455,"머큐어앰배서더제주는 평화로 끝에 있다. 호텔 뒤편으로 곶자왈이 있으며 인공적인 요소를 최대한 배제하고 자연 친화적으로 설계하여 제주 고유의 숲인 곶자왈에 둘러싸인 진정한 제주의 자연을 만끽할 수 있다. 제주 남쪽 바다를 바라보는 인피니티 풀이 있으며, 테디베어 레스토랑은 제주 현지 식자재와 제철 식재료를 사용하는 대한민국 10대 클럽하우스 레스토랑에 선정되었다. 바다 뷰 객실에서는 산방산과 바다가 보이고, 반대편 객실은 곶자왈 새소리를 들을 수 있다. 근처 여행지로 카멜리아힐, 산방산, 사계해안, 용머리해안 등이 있다."
먹돌 제주본점,제주특별자치도 제주시 공항로1길 14 (용담이동) 1층,2899667,39,indoor,indoor:음식점 | outdoor:산/해변/해안,A05,A0502,A05020100,음식점,한식,한식,126.4975003109,33.5038711465,"먹돌 제주본점은 제주시 용담이동, 제주공항 앞에 있다. 고기 국수 맛집으로 TV 먹방 프로그램에 소개되며 더 유명해졌다. 고기 국수 외에 갈비 뼈대가 들어있는 한방 국밥, 뿔소라 문어무침, 제주 암퇘지로 삶은 돔베 고기, 제주산 흑돼지로 부친 육전, 톳한치물회국수 등이 있다. 아침 9시부터 저녁 9시까지  오픈하여 제주공항에 일찍 도착하거나 늦게 출발하는 여행자들이 식사하기 좋다. 양이 푸짐하고 놋그릇에 담아내는 정성도 보기 좋다. 주변 여행지로 무지개해안도로, 이호태우해변 등이 있다."
메르시제주소품샵,제주특별자치도 제주시 용두암길 20 (용담이동) 1층,3545110,38,indoor,indoor:쇼핑,A04,A0401,A04011200,쇼핑,5일장,스키(보드) 렌탈샵,126.5126459739,33.5145868674,"메르시제주는 독일 레드닷 디자인 어워드를 수상한 여성 디자이너가 제주에서 선보이는 니치 퍼퓸 스토어이다. 전통 프랑스 조향 기법에 국제 인증 유기농 오일과 100% 에센셜 오일을 더해 화학 합성 향료 없이 맑고 깊은 잔향을 완성한다. 숲, 바다, 하늘 등 제주 자연에서 포착한 순간을 시트러스, 티트리, 우디 등 12개월 EDT 시리즈와 멀티 플로럴 오일을 포함한 계절별 꽃 향수등 총 30여종의 향수로 풀어내었다. 100% 유기농 오일과 에센셜오일이 블렌딩 된 퍼퓸은 아로마테라피적 효능으로 심신 안정, 스트레스완화, 기분개선, 수면 유도등 자연적 원료에서 오는 효능과 효과를 경험할 수 있다. 친환경 퍼퓸과 함께 디자이너가 셀렉한 핸드메이드 제품, 제주도 상징 동자석 오너먼트와 같은 제주만의 퍼퓸 제품도 만나볼 수 있으며 제주도의 특별한 여행 선물이 가능하다."
메리어트관 제주신화월드 호텔 앤 리조트,제주특별자치도 서귀포시 안덕면 신화역사로304번길 38,2561909,32,indoor,indoor:리조트/센터/숙박/실내/호텔 | outdoor:산/야외 | mixed:월드,B02,B0201,B02010100,숙박시설,관광호텔,관광호텔,126.3197479556,33.3072595277,"제주신화월드 호텔 앤 리조트의 중심부에 위치한 메리어트관 제주신화월드 호텔 앤 리조트는 총 527개의 객실을 보유하며, 이스트 2동과 웨스트 2동으로 구분되는 전체 객실 중에서 30%는 커넥팅룸으로 구성해서 친구들끼리 함께 여행하기에도 좋다. 6층에 위치한 객실 중 프리미어 이상의 객실에는 욕실에 히노끼탕을 설치하여 특별함을 더했다. 제주의 성산일출봉을 모티브로 한 '모실' 에는 실내외 수영장이 연결되는 25m 길이의 랩풀, 어린이 전용 수영장 및 놀이터, 야외 풀 등이 있으며 7개의 전용 트리트먼트룸을 갖춘 스파, 실용적인 크기의 피트니스 센터와 사우나로 건강과 휴식을 동시에 제공한다."
메콩스카이,제주특별자치도 제주시 연오로 35 (오라삼동),2870937,39,indoor,indoor:음식점,A05,A0502,A05020700,음식점,한식,이색음식점,126.5020363394,33.4901477379,"메콩스카이는 제주특별자치도청 인근에 위치한 베트남 음식점이다. 메콩스카이의 쌀국수 육수는 각종 야채와 한약재가 들어간다. 사골과 학본 노계는 15시간 이상을 고아내고, 그 육수에 고기를 3시간 이상 삶아 만든다. 일반 음식점에서 사용하는 농축액이나 스파이스 믹스, 미원 등을 사용하지 않고, 천연재료를 이용하여 만들기 때문에 진한 국물과 맛을 느낄 수 있다. 면은 밀가루가 전혀 들어가지 않은 쌀가루로 소화가 잘되고 국물과 잘 어울린다. 메뉴로는 진하게 우려낸 육수로 만든 소고기 쌀국수와 소꼬리쌀국수가 있으며, 비빔쌀국수와 같이 곁들여 먹기 좋은 분짜도 있다. 국물 쌀국수는 면과 육수 추가가 가능하며, 나시고랭, 튀김만두, 월남쌈, 스페셜 롤, 파인애플 볶음밥 등으로 다채롭게 베트남 음식을 즐길 수 있다. 매장에서 직접 구운 반미빵은 당일 구운 빵으로 한정 판매이다."
명랑스낵,제주특별자치도 제주시 한림읍 한림로 585,2858577,39,indoor,indoor:음식점,A05,A0502,A05020100,음식점,한식,한식,126.2587593151,33.4092250708,"제주 명랑스낵은 제주시 한림항 근처에 위치한 감성 가득한 분식 맛집으로, 바다 건너 비양도를 바라보며 떡볶이와 튀김을 즐길 수 있는 곳이다. 분식에 진심인 사장님이 직접 만든 쫄깃한 밀떡 떡볶이가 대표 메뉴이며 특히 매콤달콤한 기본 떡볶이 외에도 또 하나의 인기 메뉴인 짜장 떡볶이에는 당면 사리를 추가해 더욱 풍성하게 즐길 수 있다. 일반적인 튀김 외에도 제주에서만 맛볼 수 있는 한치튀김과 흑돼지튀김 같은 특색 있는 메뉴들이 준비되어 있어 많은 손님들이 이를 맛보기 위해 방문한다. 매장에서는 반려동물 동반이 가능해 반려견과 함께 들르기에도 좋으며, 바다를 배경으로 간편하게 포장해가는 손님들도 많다. 감성적인 분위기 속에서 간단하지만 정성 가득한 한 끼를 즐기기에 제격이다."
명문가시리식당,제주특별자치도 서귀포시 표선면 중산간동로 5218,1891955,39,indoor,indoor:식당/음식점,A05,A0502,A05020100,음식점,한식,한식,126.7707355863,33.3528672076,"명문가시리식당은 저렴한 가격에 부담 없이 식사가 가능한 곳이다. 돼지고기를 삶은 육수에 몸(모자반)이라는 바다의 해초, 메밀가루가 어우러진 몸국, 돼지 내장으로 만드는 토속순대, 흑돼지 등 다양한 메뉴를 제공하며, 비싼 흑돼지가 부담되는 경우 흑돼지와 무채, 파 등을 넣어 불판에 익혀먹는 두루치기를 저렴한 가격에 즐기는 것도 좋다. 보말미역국의 경우 해녀가 직접 채취한 보말을 사용하여 제공한다."
명월대,제주특별자치도 제주시 한림읍 명월리,127909,12,unknown,,A02,A0201,A02010700,역사관광지,고궁,유적지/사적지,126.2662091182,33.3890302004,"명월대는 조선 말기 지방 유학자들과 시인들이 어울려 풍류를 즐기던 곳이다. 1981년 제주특별자치도 기념물로 지정되었다. 대는 마을을 끼고 있는 천변 중앙의 자연암벽 위에 8각형의 석축을 3단으로 쌓고 그 위에 원형의 반석을 만들었으며, 최근에 와서 콘크리트 처리를 하였다. 그 옆에는 석비가 세워져 있는데, 앞면에 '명월대'라고 음각되어 있다. 또 명월대 주변에 1910년 경에 만들어진 돌다리가 있는데, 이는 제주도에서는 흔치 않은 석교이다. 명월대가 있는 천변은 상류에서 하류에 이르기까지 수백 그루의 팽나무 60여 본과 푸조나무가 군락을 이루고 있어 자연 경관이 수려할 뿐만 아니라 간간이 흐르는 물소리가 정결하다."
명월성지,제주특별자치도 제주시 한림읍 명월리 2236,2704407,12,unknown,,A02,A0201,A02010200,역사관광지,고궁,성,126.2604038055,33.4007843643,"제주시에 위치한 명월성지는 동쪽과 남쪽 및 서쪽에 각각 성문이 있었다. 성안에는 수량이 풍부한 샘이 있었고, 건물로는 객사, 별창, 군기고 등이 있었으나 지금은 하나도 남아 있지 않다. 명월포는 1270년에 삼별초의 별장 이문경이 고려에서 파견된 관군을 진압하고 탐라를 점령할 때 상륙한 곳이며, 김방경이 삼별초를 정벌할 때에도 그 일진이 이곳으로 상륙하였다. 더욱이 1374년 목장을 관리하기 위해 몽고에서 파견된 몽고인 목자들이 반란을 일으켰을 때, 이를 진압하기 위하여 최영 장군이 상륙한 곳도 명월포였다. 예전의 모습은 없지만 현재 복원한 남문 위의 망루에 올라가면 한림읍이 한눈에 보인다."
모구리야영장,제주특별자치도 서귀포시 성산읍 서성일로 260,3031467,28,outdoor,outdoor:레포츠/산/오름/캠핑,A03,A0302,A03021700,레포츠소개,수련시설,"야영장,오토캠핑장",126.8221715684,33.4066565392,"성산읍에 위치하고 있는 모구리야영장은 서귀포시에서 관리·운영하고 있는 캠핑장으로 산방산영지, 일출봉영지, 가족영지, 한라산영지로 나누어져 있다. 모구리야영장에 도착하여 제일 먼저 보이는 것은 손수레인데 캠핑장비와 물건을 자리로 이동할 때 손수레를 이용할 수 있고, 관리실 입구에 재활용품 분리수거와 일반 쓰레기장이 있으며 음식물 쓰레기는 T-money 교통카드를 이용해 버리면 된다. 주차장, 운동장, 놀이터, 체력단련장, 화장실, 취사장, 샤워장, 산책로 등이 있다. 모구리야영장의 장점은 사이트 옆마다 배전함이 있어 전기를 편리하게 사용할 수 있다. 또한 무료 와이파이가 가능하며 이곳의 물은 지하수여서 그냥 먹어도 좋다고 하고, 화장실도 깨끗하고 온수가 나오는 샤워장이 갖춰져 있는 아주 저렴한 야영장이어서 이용객들의 만족도가 아주 높다.
봄에는 벚꽃이 피고, 겨울에는 동백꽃이 피어 더욱 아름다운 캠핑장이 되며, 아이들과 함께 온 가족들은 부모가 텐트를 치는 동안 아이들이 놀이터에서 신나게 뛰어노는 시간을 보낼 수도 있다. 또 하나의 재미는 야영장에서 조금만 올라가면 모구리오름을 볼 수 있다는 것이다. 모구리오름은 바로 옆에 알과 비슷한 형태의 작은 오름이 있어서 마치 어미 오름이 품고 있는 모습과 같다고 한다. 그래서 한자 어미 모자를 따서 모구리오름이라 불리고 있다. 왕복 30분 정도의 아이들도 걸을 수 있는 쉬운 산책로이다. 날씨가 좋으면 오름 정상에서는 다랑쉬오름, 용눈이오름까지 보인다. 모구리오름 탐방로를 따라가다 보면 편백나무숲에서 싱그런 향기를 맡으며 힐링하는 시간을 즐겨 볼 수 있다. 관광지 성읍민속마을 바로 위쪽에 있고 백양이오름, 다랑쉬 오름이 있어 이곳에서 야영하면서 동쪽으로 여행하면 좋다."
모구리오름,제주특별자치도 서귀포시 성산읍 난산리 2960-1,1926601,12,outdoor,outdoor:공원/산/숲길/오름,A01,A0101,A01010400,자연관광지,국립공원,산,126.8290126084,33.4081287094,"모구리오름은 기생화산으로 분화구는 북쪽으로 휘어진 말굽형이다. 말굽형 경사면 안쪽에 작은 언덕이 있는데 그 모습이 어미개가 새끼를 안은 것처럼 보여 모구리라 이름을 붙였으며 한자로는 모구악이라고 한다. 어미오름 옆에 알오름을 가지고 있는 특이한 구조이며 이때의 알오름을 개 동산이라 한다. 2003년 5월 오름의 서쪽 기슭에 잔디운동장과 극기 훈련장, 인라인스케이트장 등을 갖춘 모구리야영장이 개장되었으며 산등성이를 따라 잘 정비된 산책로가 이어져 있다. 모구리오름을 오르는 이유 중 하나는 편백나무 숲길 때문인데, 편백나무의 피톤치드가 스트레스 해소, 심신 안정, 면역력 증진 등에 효과가 있어, 삼림욕과 함께 편백나무 숲을 거닐며 심신의 안정과 청량한 제주의 공기를 느낄 수 있다."
모노클제주,제주특별자치도 서귀포시 남원읍 태위로360번길 30-8,2845288,39,indoor,indoor:베이커리/음식점/카페 | outdoor:정원/해안,A05,A0502,A05020900,음식점,한식,카페/전통찻집,126.6845504210,33.2729274271,"모노클제주는 제주특별자치도 서귀포시 남원읍 위미리에 있는 베이커리 카페다. 넓은 잔디 정원에 파라솔이 있는 테이블을 설치해 어린이들이 뛰어놀기 좋고 반려견 입장도 가능하다. 카페 건물은 빨간 벽돌을 올려 빈티지한 창고형 스타일이지만 내부는 현대식 인테리어로 개성 있는 좌석을 배치했다. 포토존이 곳곳에 숨어 있어 사진찍기에도 좋다. 단호박 치즈케이크, 말차로쉐파운드, 클래식 스콘 등 다양한 디저트 메뉴들을 판매하고 있으며 홀케이크나 홀파운드도 예약 주문이 가능하다. 커피나 음료와 즐길 수 있는 곳으로 주변에 함께 둘러보기 좋은 여행지로 큰엉해안경승지가 있으며 주변 도로는 겨울철에 동백, 봄에는 벚꽃이 유명하다."
모뉴에트,제주특별자치도 제주시 종달동길 23,2851643,39,indoor,indoor:음식점/카페 | outdoor:산/해수욕장,A05,A0502,A05020900,음식점,한식,카페/전통찻집,126.9022876754,33.4914873493,"모뉴에트는 제주 구좌읍 종달리에 있다. 내부에 적힌 ‘음악을 사랑하는 아빠가 만든 공간’이라는 문구처럼 다양한 음반, CD, 카세트테이프가 있다. 대표 메뉴는 카넬레에 럼주 대신 한라산소주를 넣어 만든 한라산 카넬레로 겉은 바삭, 속은 촉촉하다. 이곳은 여행자들에게 인기가 좋아 테이블 예약제로 운영하고 있으며 준비한 카넬레 소진 시 조기 마감할 수 있다. 마감 일정은 인스타그램으로 확인할 수 있다. 근처에 지미봉, 하도 해수욕장, 두산봉 등이 있어 연계 관광이 수월하다."
모드락572,제주특별자치도 서귀포시 표선면 가시로 572,1966821,39,indoor,indoor:갤러리/음식점/카페 | outdoor:오름,A05,A0502,A05020900,음식점,한식,카페/전통찻집,126.7737630658,33.3544670791,"제주 서귀포시 표선면 가시리에 있는 갤러리 카페 모드락 572는 따라비 오름 근처에 있는 갤러리 카페이다. 여러 나라의 커피를 맛볼 수 있으며, 원두를 따로 판매한다. 카페 내부는 빈티지스러운 인테리어로 아기자기하게 꾸며져 있어 아늑한 분위기를 선사한다. 원두는 가게에서 직접 로스팅 하며 핸드드립, 에스프레소, 더치커피, 밀크티, 허브티 등 다양한 종류의 음료를 맛볼 수 있다. 음료 이외에도 파스타와 단호박 수프, 베이글 등의 음식도 준비되어 있다."
모들한상,제주특별자치도 제주시 애월읍 하가로 180,2854015,39,indoor,indoor:음식점 | outdoor:산,A05,A0502,A05020200,음식점,한식,서양식,126.3469894950,33.4553769070,"모들한상은 제주 애월읍 하가리에 위치한 감성 맛집으로, 연화지 바로 앞에 자리하고 있어 아름다운 풍경과 함께 여유로운 식사를 즐길 수 있는 곳이다. ‘늘 함께하는 행복한 한상’을 모토로, 제주의 로컬 식재료를 활용해 건강한 퓨전 양식을 선보이고 있다. 이곳의 인기 메뉴인 ‘모들돈가스’는 설탕을 넣지 않고 만든 특제 소스로 맛을 내 깔끔한 맛을 자랑하며, 재료 본연의 맛을 살린다. 또한 제주산 고사리와 보말을 넣은 오일 파스타는 제주 향토 식재료의 조화를 잘 보여주며, 새우살, 소라살, 병아리콩, 가지 등이 듬뿍 들어간 건강한 카레 역시 색다른 매력으로 방문객들의 입맛을 사로잡는다. 모든 메뉴는 자극적이지 않고 정갈한 맛으로 구성되어 있어 남녀노소 누구나 편하게 즐길 수 있다."
모래비 커피로스터스 앤 베이커리,제주특별자치도 제주시 구좌읍 해맞이해안로 462,2863660,39,indoor,indoor:베이커리/음식점/카페 | outdoor:해변/해수욕장,A05,A0502,A05020900,음식점,한식,카페/전통찻집,126.7962342877,33.5555396610,"모래비 커피로스터스 앤 베이커리 카페는 제주 제주시 구좌읍 월정해수욕장 인근에 자리한 감성적인 오션뷰 카페로 ‘모래비’라는 이름은 월정리 특유의 강한 바람이 불 때 모래가 비처럼 흩날리는 모습을 의미한다. 이곳은 특히 다양한 종류의 핸드드립 커피와 매일굽는 신선한 베이커리가 대표 메뉴로, 커피 애호가들과 빵을 좋아하는 이들에게 인기를 끌고 있다. 그 외에도 에이드, 주스, 스무디 등 다양한 음료가 준비되어 있어 기호에 따라 선택할 수 있는 폭이 넓다. 푸른 바다 풍경은 이곳의 또 다른 매력으로, 여유로운 분위기 속에서 진정한 힐링을 선사한다. 근처에는 코난 해변, 만장굴, 김녕해수욕장 등 함께 둘러보기 좋은 명소들이 위치해 있어, 여행 중에 들르기 좋은 카페이다."
모슬포중앙시장,제주특별자치도 서귀포시 대정읍 영서중로13번길 9-8,2755023,38,outdoor,indoor:쇼핑/시장/식당 | outdoor:산/해안,A04,A0401,A04010200,쇼핑,5일장,상설시장,126.2545221787,33.2220095888,모슬포 중앙시장은 서귀포시 대정읍에 위치해 있으며 최근 TV 프로그램 <바퀴 달린 집> 제주 편에서 출연진이 방문한 곳으로 유명하다. 규모가 크지 않아 작은 시골 시장 모습 그대로이다. 주로 동네 주민들이 많이 이용하고 지역 경제 활성화를 위해 깔끔하게 정비되어 이용하기 편리하다. 바닷가 동네에 위치한 만큼 신선한 수산물과 각종 생활용품을 판매하는 상점들이 골고루 분포되어 있으며 녹두빈대떡은 물론 성게 김밥을 판매하는 식당도 인기다. 하모리 오거리를 지나 모슬포항과 인접해 있어 해안 가 산책도 추천한다.
모슬포한라전복 본점,제주특별자치도 서귀포시 대정읍 대한로 33,2781324,39,indoor,indoor:음식점 | outdoor:산,A05,A0502,A05020100,음식점,한식,한식,126.2452033549,33.2305112828,"서귀포시 대정읍에 있는 전복 전문요리점이다. 생산자가 직접 판매하는 전복직매장으로 저렴한 가격에 다양한 전복 요리를 만날 수 있어 관광객들은 물론 현지인들이 즐겨 찾는다. 가장 인기 있는 메뉴는 고소한 전복을 가득 올린 전복 돌솥밥이다. 마가린과 간장 소스를 함께 비벼 먹으면 고소한 버터 향과 야들야들한 전복의 식감이 일품이다. 밥을 덜어낸 돌솥에는 뜨거운 물을 부으면 구수한 숭늉이 되어 식사 후 입가심하기 좋다. 푸짐한 해산물이 들어간 전복뚝배기와 전복물회, 전복죽 등 여러 메뉴가 있으니 입맛대로 즐기면 된다."
모이세해장국,제주특별자치도 제주시 연북로 221,1861360,39,indoor,indoor:음식점,A05,A0502,A05020100,음식점,한식,한식,126.5051390387,33.4817126104,"계란을 풀어먹으면 더 맛있는 해장국 맛집이다. 대표메뉴는 해장국이다. 제주특별자치도 제주시에 있는 한식전문점이다. 야들야들한 고기가 푸짐하게 들어가 건더기를 건져 먹는 재미가 쏠쏠한 모이세해장국은 날달걀을 터뜨려도 빨갛고 걸죽한 국물이 일품이다. 또한 이 집 내장탕에는 두부가 들어가있다는게 특징이며 느끼하지 않고 감칠맛나는 국물이 자꾸만 손이 가게 한다.

(출처 : 제주 문화관광 홈페이지)"
모지오름,제주특별자치도 서귀포시 표선면 성읍리 산22,1928045,12,outdoor,outdoor:공원/산/오름,A01,A0101,A01010400,자연관광지,국립공원,산,126.7728760781,33.3962624499,"모지오름은 서귀포시 표선면 성읍리에 있는 오름이다. 북동쪽으로 크게 벌어진 말굽형 화구 안에는 화구구가 솟아있고, 이를 에워싼 등성마루가 마치 어린애를 품은 어머니의 모습을 보여 모지오름이라 부르고 있다. 화구가 벌어진 동쪽 방향으로 고분과 같이 보이는 크고 작은 봉우리가 구릉지대를 이루고 있으며, 이중 가장 높은 언덕을 오미 동산이라 부른다. 오름 전사면은 삼나무가 조림되어 중턱까지 숲을 이루고, 화구안의 알오름과 정상부는 평평한 등성마루를 이루면서 완만한 풀밭을 이루고 있다. 어머니가 아기를 안은 형체라 하여 모지오름이라 부르고 있다."
모충사,제주특별자치도 제주시 건입동 1427-13,126459,12,outdoor,outdoor:공원/산/숲길,A02,A0201,A02010700,역사관광지,고궁,유적지/사적지,126.5455208585,33.5161427755,"제주시 건입동 사라봉 공원 안에 있는 모충사는 1977년 1월 11일 내외도민 17만 명이 성금을 모아서 세운 사당으로 일제강점기 조국의 독립을 위해 순국한 열사들의 충성스러운 마음을 사모한다는 뜻으로 모충사라 이름 지었다. 모충사에는 높은 탑이 3개가 세워져 있다. 모충사 입구 정면에 있는 의병항쟁기념탑을 중심으로 왼쪽에는 순국지사조봉호기념비, 오른쪽에는 김만덕할망기념탑이 세워져 있고, 이 탑들을 돌아볼 수 있는 숲길이 아름답게 정돈되어 있다. 마을 주민과 관광객이 제주의 역사를 돌아보며 쉬어갈 수 있는 산책코스로 추천한다."
모카다방,제주특별자치도 서귀포시 남원읍 태신해안로 125,2873708,39,indoor,indoor:음식점/카페 | outdoor:산/해변,A05,A0502,A05020900,음식점,한식,카페/전통찻집,126.7613961079,33.2921987516,"모카다방은 제주 올레길 4코스인 덕돌포구 근처에 자리한 감성 카페로 커피 광고에도 등장한 곳이다. 외관은 눈에 띄는 경쾌한 노란색으로 꾸며져 있으며, 내부는 복고풍 감성을 살린 다양한 소품들로 꾸며져 있다. 레트로한 유리컵과 음료수병, 오래된 타자기, 브라운관 텔레비전 등의 아이템들이 곳곳에 자리하고 있다. 이곳에서는 유기농 밀가루와 설탕을 사용해 직접 구운 건강한 빵과 초콜릿도 판매하며, 신선하고 산미좋은 스페셜티 커피를 함께 즐길 수 있다. 주변에는 덕돌포구와 남원큰엉해변이 가까이 있어, 커피 한잔 후 산책이나 관광 코스로도 방문할 수 있다."
모해통갈치화덕구이,제주특별자치도 서귀포시 성산읍 일출로 267,2871879,39,indoor,indoor:음식점 | outdoor:공원/산/해변,A05,A0502,A05020100,음식점,한식,한식,126.9337411898,33.4618078051,"모해통갈치화덕구이는 제주 동부에 위치한 성산일출해양도립공원 입구에 자리한 갈치구이 전문점으로, 신선한 통갈치를 화덕에 구워내는 방식으로 갈치요리를 제공하고 있다. 갈치화덕구이세트는 통갈치 화덕구이를 중심으로, 갈치조림과 제주 흑돼지 화로구이까지 곁들여져 푸짐한 구성을 자랑한다. 이 세트에는 10여 가지의 정갈한 밑반찬도 함께 한 상에 차려져 제공되어 든든한 한끼 식사가 가능하다. 또한 문어 통갈치조림은 은갈치와 문어, 전복, 꽃게를 함께 즐길 수 있다. 갈치조림은 1인분으로도 제공되어 혼자 여행하는 이들도 맛볼 수 있고, 단품 식사 메뉴도 다양하게 준비되어 있다. 식사를 마친 후에는 인근의 성산일출봉, 광치기해변 등 제주 관광지를 함께 둘러보기에 좋다."
목장카페드르쿰다,제주특별자치도 서귀포시 표선면 번영로 2454,2774895,39,indoor,indoor:실내/음식점/카페,A05,A0502,A05020900,음식점,한식,카페/전통찻집,126.7698788286,33.4088221258,"제주 속의 또 다른 제주를 느낄 수 있는 목장 카페 드르쿰다는 제주도의 넓은 들판을 바라보며 커피를 마실 수 있는 탁 트인 실내공간과 승마와 카트, 동물 먹이 주기 체험 등을 모두 한 곳에서 할 수 있는 올인원 카페이다. 실외에는 넓고 푸른 초원 위에 다양한 소품들이 있어서 구석구석이 포토존으로, 어디서 사진을 찍던 멋진 인생 사진을 찍을 수 있다. 또한 세상에 하나뿐인 자전거를 마음껏 탈 수 있는 공간도 마련되어 있다. 36개월 아이가 탈 수 있는 체험 승마부터 성인을 위한 장거리 승마까지 준비되어 있어 남녀노소 즐길 거리, 먹을거리가 가득하다."
목화휴게소,제주특별자치도 서귀포시 성산읍 해맞이해안로 2526,2845297,39,indoor,indoor:음식점 | outdoor:산/오름,A05,A0502,A05020100,음식점,한식,한식,126.9016935056,33.4818106314,"목화휴게소는 성산에서 세화방면 올레1코스 바닷가에 위치한 곳이다. 몇 년 전 예능 프로그램 출연자가 이곳에서 맥주와 오징어를 먹는 모습이 방영되면서 입소문을 타게되었다. 손님 대부분이 준치(반건조오징어)를 구워 길거리에 앉아 먹는다. 바닷가에 널어 말리던 오징어를 걷어 돌 위에서 살짝 구워주는데 우도 바다를 감상하며 먹는 맛이 있다. 추가로 반건조오징어와 어울리는 음료로 믹스커피를 비롯한 편의점 음료와 주류, 컵라면 등을 사 먹을 수도 있다. 주변에 함께 둘러보기 좋은 여행지로 세화바다, 말미오름(두산봉), 종달리, 지미봉 등이 있다."
몸과 마음을 치유하는 에코 테라피,,1855198,25,outdoor,outdoor:산/해안,C01,C0114,C01140001,가족코스,힐링코스,힐링코스,126.8088597525,33.4877168118,"회색빛 도시의 일상에 지친 이들에게 제주의 숲과 바다는 천연 치유제가 된다. 천년의 숲 비자림에 들어서면 영혼까지 맑아지는 기분이다. 평화로움 가득한 중산간 도로, 잘 가꿔진 허브동산, 망망대해가 펼쳐진 해안 절벽까지 천천히 쉬어가는 동안 스트레스로 찌들었던 몸과 마음이 한결 가벼워진다. 비워진 공간엔 맑고 따스한 기운이 가득 찬다."
몽생이,제주특별자치도 제주시 한경면 녹차분재로 628,1892305,39,indoor,indoor:식당/음식점 | outdoor:산/정원,A05,A0502,A05020100,음식점,한식,한식,126.2605082705,33.3246538979,"제주시 한경면 저지리에 위치한 말고기 전문점이다. 말고기 구이, 샤부샤부, 육회, 내장탕 등 맛있다고 소문이 자자한 곳으로 제주산 말고기를 사용해 맛이 일품이다. 그뿐만 아니라 식당 근처에 ‘생각하는 정원, 5월의 꽃, 유리의 성, 오설록 티 뮤지엄, 올레길(14-1코스)’ 이 근접해있어 관광코스로도 적합하다."
몽생이 5월 대모험,제주특별자치도 제주시 애월읍 평화로 2144 렛츠런파크 제주,3488689,15,mixed,mixed:파크,A02,A0207,A02070200,역사관광지,문화관광축제,일반축제,126.3932726013,33.4100215464,"5월 가정의 달을 맞아 렛츠런파크제주에서 '몽생이 5월 대모험' 축제가 개최된다. 이 축제는 온 가족이 함께 즐길 수 있도록 다양한 프로그램과 체험, 공연, 먹거리 등을 제공한다. 어린이부터 어른까지 모든 연령층이 참여할 수 있는 행사로 구성되어 있다.
축제 기간 동안 가족 단위 방문객을 위한 다채로운 이벤트와 놀이가 마련되어 있다. 몽생이와 함께하는 모험 체험도 포함되어 있어 즐거움과 흥미를 더한다. 이 축제는 가족 간의 유대감을 강화하고 소중한 추억을 만드는 데 목적이 있으며, 렛츠런파크제주에서 진행되는 이 행사는 5월 한 달 동안 운영된다."
몽생이 WATER WORLD,제주특별자치도 제주시 애월읍 평화로 2144 렛츠런파크 제주,3345548,15,mixed,mixed:파크,A02,A0207,A02070200,역사관광지,문화관광축제,일반축제,126.3932726013,33.4100215464,"렛츠런 파크 제주에서 시원한 물놀이와 다채로운 즐길 거리를 제공한다. 축제장에는 대형 풀과 짜릿한 워터슬라이드가 마련되어 있으며, 물속에서 스트레스를 해소하고 시원함을 만끽할 수 있다. 또한, 시원한 물대포 쇼와 함께 물총을 활용한 워터건 배틀이 진행되어 참여자들의 흥미를 유발한다. 물놀이 후에는 따끈한 라면으로 허기를 달랠 수 있으며, 제주 백년초로 만든 바삭하고 고소한 백년초 핫도그도 준비되어 있다. 이 축제는 남녀노소 모두가 즐길 수 있는 여름철 특별한 경험을 선사한다."
무거버거,제주특별자치도 제주시 조천읍 조함해안로 356,2899623,39,indoor,indoor:음식점 | outdoor:산/해수욕장,A05,A0502,A05020200,음식점,한식,서양식,126.6551050241,33.5492186441,"무거버거는 제주시 조천읍 신흥리 복지회관 근처에 있는 수제버거 전문점이다. ‘자연과 가까운 버거를 만듭니다’라는 슬로건 아래 당근이랑 시금치로 물들인 번을 사용해 경쾌한 색감을 제공한다. 냉장 등심과 목심을 매일 아침 갈아 일정 비율로 배합하고 믹싱하여 110g의 패티를 만든다. 돌담 안의 매장은 심플하고 모던하며 내부에서는 햄버거를 먹으며 바다를 즐길 수 있다. 주변 여행지로 함덕해수욕장, 서우봉, 조천만세동산 등이 있다."
무거카라반,제주특별자치도 제주시 조천읍 조함해안로 352,2748154,28,outdoor,indoor:기념관/펜션 | outdoor:레포츠/산/캠핑/해수욕장/해안,A03,A0302,A03021700,레포츠소개,수련시설,"야영장,오토캠핑장",126.6549189380,33.5488325729,"무거 카라반은 함덕 해안도로에 위치해 있는 캠핑장으로 펜션과 카라반을 함께 운영하고 있다. 캠핑장 가까이 함덕해수욕장, 제주 항일기념관, 서우봉 등 인기 많은 관광지가 있어 여행하기 좋은 위치이다. 성산 일출봉과 우도가 20분 거리에 있어 아침 일찍 일어나 다녀오기에도 좋다. 카라반 내부는 깔끔한 화이트 톤으로 TV, 냉장고, 침대, 소파, 전자레인지, 압력솥, 커피 메이커, 인덕션, 드라이기, 수건 등이 구비되어 있고 주방시설과 주방도구, 냉난방 시설까지 완벽하게 갖춰져 있다, 내부에 샤워장과 화장실이 있어 편리하게 생활할 수 있다."
무로이,제주특별자치도 서귀포시 동광본동로 21,2830204,39,indoor,indoor:미술관/음식점/카페 | outdoor:정원,A05,A0502,A05020900,음식점,한식,카페/전통찻집,126.3368020179,33.3078014028,"제주에 위치한 카페 무로이는 ‘안개가 몹시 짙게 끼거나, 오랫동안 끼는’라는 의미이다. 블랙톤의 외관은 마치 미술관에 온듯한 느낌을 준다. 카페로 들어서면 초록색의 정원을 담은 공간이 나오며, 내부는 노출콘크리트 벽으로 공간을 구분하고 전통적인 항아리 장식도 오묘한 조화를 이룬다. 모든 좌석이 창을 향해 나 있고, 창밖으로 아름다운 정원을 감상할 수 있다. 무로이의 시그니처 메뉴는 부드러운 시그니처 크림라떼, 시그니처 크림과 콜드브루의 조합인 크림브루 등의 음료가 있다. 또 미니 항아리 안에 티라미수가 담겨 있는 항아리 티라미수, 부드러운 크림치즈를 넣어 만든 시그니처 레어치즈케이크 등의 이색적인 디저트도 있다."
무수천,제주특별자치도 제주시 애월읍 무수천길 (애월읍) 일대,126467,12,outdoor,outdoor:계곡/공원/산/폭포,A01,A0101,A01010900,자연관광지,국립공원,계곡,126.4470472947,33.4627665614,"무수천은 한라산 고지대에서 발원하여 외도 앞바다로 흘러드는 약 25㎞의 긴 하천으로, 경관이 워낙 빼어나 계곡에 들어서면 모든 근심 걱정이 사라진다는 의미를 가지고 있다. 오래된 화산이 분출하면서 용암이 흘러간 자리가 그대로 협곡이 되어버린 무수천은 기묘한 여러 형상들이 눈길을 끈다. 무수천 8경을 선정할 정도로 오랜 세월 비경을 자랑하고 있으며, 계곡을 따라 하류로 내려가면 작은 폭포가 이어진다."
무인카페 산책,제주특별자치도 제주시 애월읍 고내로7길 49,1892321,39,indoor,indoor:음식점/카페 | outdoor:산,A05,A0502,A05020900,음식점,한식,카페/전통찻집,126.3369206678,33.4668838075,"애월읍 고내리 고내포구 앞에 있는 작은 무인카페이다. 카페 인근의 고내포구는 올레 15코스의 마지막 지점이자 16코스의 시작점이다. 무인카페 산책은 가게에 주인이 없는 카페로써, 자유롭게 카페를 이용하고 이용료를 지불하고 가면 된다. 이곳에 비치된 각종 차는 전부 유기농으로 준비되어 있고, 커피 또한 공정무역으로 거래된 유기농 커피만을 사용하고 있다."
문개항아리 조천본점,제주특별자치도 제주시 조천읍 조함해안로 217-1,2788882,39,indoor,indoor:음식점 | outdoor:산,A05,A0502,A05020100,음식점,한식,한식,126.6440031125,33.5535346551,"문어 해루질 달인으로 유명한 주인이 운영하는 해물라면 전문점으로 제주 문어라면, 한치라면, 한치튀김, 문어튀김이 유명하다. 제주도 문어철이 되면 주인장이 직접 매일 밤바다에 나가 직접 잡아 오는 문어로 조리를 하고 문어 철이 아닐 때는 국내산 중에서도 고품질의 문어를 사용한다. 새우 외 식사에 제공되는 모든 식재료는 제주산이다. 조천 바닷가에 위치해 풍광이 좋고 식후 디저트로 한라봉 아이스크림을 판매한다."
문서프,제주특별자치도 제주시 애월읍 곽지7길 1,2752816,28,outdoor,indoor:카페 | outdoor:레포츠/해변,A03,A0303,A03030100,레포츠소개,윈드서핑/제트스키,윈드서핑/제트스키,126.3084096373,33.4500852179,"문서프는 제주 북서부에 최초로 생긴 서핑 숍으로, 제주 애월읍 곽지리에 위치하고 있어 아름다운 에메랄드빛 바다의 곽지 과물해변과 한담해변에서 여유롭게 서핑을 즐길 수 있다. 서핑체험과 서핑 용품 렌털 및 판매, 그리고 서핑을 테마로 한 이색 카페도 운영한다. 다양한 할인 혜택과 이벤트(생일날 오시는 손님은 무료체험 등)를 진행해 보다 많은 이들이 서핑을 체험할 수 있도록 하고, 전문 포토그래퍼와의 전속계약을 통해 서핑을 체험하면서 남다른 퀄리티의 인생 샷을 찍어주는 서비스도 있다.
그 밖에도 99.1㎡(100평)이 넘는 넓은 루프탑 테라스에서 태닝과 휴식을 즐기며 커피와 제주 수제 맥주를 맛볼 수 있다. 차량이 없는 사람들을 위해 무료 픽업 서비스 제공하며, 남녀 탈의실과 샤워실, 무료 세면도구 같은 편의시설도 제공한다.

※서핑은 포인트에 따라 물때(간/만조)의 영향을 많이 받는 스포츠이므로 홈페이지에서 시간표 확인 필수"
문쏘 제주협재점,제주특별자치도 제주시 한림상로 15-5,2858612,39,indoor,indoor:식당/음식점 | outdoor:산,A05,A0502,A05020300,음식점,한식,일식,126.2569178869,33.4057282066,"문쏘는 옹포리포구 인근에 위치한 퓨전 일식당이다. 일본군관사를 개조하여 방마다 각기 다른 테마로 꾸며져 있다. 문쏘는 아시아의 미슐랭이라고 불리는 ‘미식림’ 100선에 들었으며, 제주 로컬 식재료를 이용해 차려내는 파인다이닝을 맛볼 수 있다. 제주산 황게가 통째로 올라간 황게카레가 시그니처 메뉴이며, 제주 흑돼지와 고등어로 요리한 로컬 푸드들도 맛볼 수 있다. 또 이곳은 반려동물 동반실이 따로 마련되어 있는 반려동물 동반이 가능한 식당이다."
문치비,제주특별자치도 서귀포시 신서로32번길 14 (강정동),2843867,39,indoor,indoor:식당/음식점 | mixed:월드,A05,A0502,A05020100,음식점,한식,한식,126.5060330058,33.2528934686,"문치비는 제주 서귀포버스터미널 근처 강정지구 아파트 단지 내에 위치한 고기구이 전문점으로, 우수한 품질의 고기로 현지 주민은 물론 관광객들에게도 소문난 맛집이다. 이곳의 고기는 선별한 돼지고기를 사용하며, 숯불에 직접 구워 더욱 깊고 풍부한 풍미를 자랑한다. 특히 고기를 찍어 먹는 양념장이 이곳만의 특별한 매력을 더해준다. 제주 향토 양념인 멜젓을 기본으로, 소금과 고추냉이도 함께 제공되어 취향에 따라 다양하게 즐길 수 있다. 사이드 메뉴로 제공되는 김치찌개에도 큼직하게 썬 고기가 푸짐하게 들어 있어 고기구이와 함께 든든한 한 끼 식사를 완성해준다. 식당 내부는 넓고 여유 있어 쾌적하게 식사할 수 있다. 가족 단위나 단체 손님도 편안하게 이용할 수 있다. 주변에는 제주월드컵경기장, 법환포구 등 함께 들러보기 좋은 관광지가 있어 여행 중 식사 장소로도 좋다."
문화의 달 행사,제주특별자치도 서귀포시 남성중로 2-9 (서홍동),3014969,15,outdoor,outdoor:폭포,A02,A0207,A02070200,역사관광지,문화관광축제,일반축제,126.5598424335,33.2438675382,"문화체육관광부와 제주특별자치도 서귀포시가 주최하는 2025 문화의 달 행사 가 오는 10월 17일(금)부터 19일(일)까지 3일간, 천지연폭포 일원과 서귀포 원도심에서 개최된다. 1990년부터 이어져 온 ‘문화의 달 행사’는 매년 10월 셋째 주를 중심으로, 한 지역의 고유한 문화와 매력을 소개하는 국가 지정 문화축제이다. 신화와 전통, 공동체 문화를 간직한 제주 서귀포 제31회 서귀포칠십리축제와 동시 개최하여 시민과 방문객 모두가 함께 즐기고 공감하는 더욱 특별한 문화의 장을 마련하고자 국내외 유명 뮤지션 공연 · 미식 · 마켓 · 체험 그리고 설문대할망의 이야기가 담긴 기념식 주제 공연까지. 올 가을, 서귀포가 무대되는 3일간 가장 제주스러운 축제가 펼쳐진다."
물결그림,제주특별자치도 제주시 함덕5길 8-7,2991120,32,indoor,indoor:숙박/펜션/호텔,B02,B0201,B02010700,숙박시설,관광호텔,펜션,126.6595658566,33.5444525773,"2022년 제주에서 가장 아름다운집(곱들락한집)을 수상하였다. 제주 함덕리 마을 안 아늑한 집에 물의 마당을 품은 숙소다. 물의 마당은 한 폭의 캔버스가 되어 자연과 집, 그리고 사람의 모습을 담아낸다. 고요한 시선으로 햇빛과 달빛에 반짝이는 은결을 느낄 수 있는 시간을 보낼 수 있다. 제주의 바다, 햇살, 달빛, 바람의 결을 온전히 담아내는 공간이다. 전통과 현대적인 요소가 조화를 이루며 지루하지 않은 다채로운 집으로 창밖을 바라보며 마음의 여유를 느끼며 온전한 쉼에 다다를 수 있다. 옛 공간의 결을 살린 툇마루와 한지 조명의 아늑한 속에서 따뜻한 티를 마시며 도란도란 이야기를 나누기 좋다. 청안한 밤과 예쁜 꿈을 이룰 수 있는 특별한 공간에 초대한다."
물드리네,제주특별자치도 제주시 한경면 낙산로 4-28,879633,12,outdoor,indoor:전시 | outdoor:산,A02,A0203,A02030200,역사관광지,농.산.어촌 체험,전통체험,126.2269445635,33.3227424721,"제주 한경면에 위치한 물드리네는 천연염색 체험장이다. 2010년 신라대학교 전통염색연구소 제주교육장으로 인증받은 우수한 염색교육장으로 알려져 있다. 500여 평의 규모에 전시실, 염색체험장이 있으며 근처에 염료식물을 재배하고 있다. 물드리네는 체험학습자의 연령별, 인지 정도에 따른 염색체험과 염색에 관심이 있는 사람들을 위한 천연염색교실을 운영하고 있다. 염색 재료는 제주풋감, 억새, 귤, 찻잎, 동배잎, 쪽, 홍화, 자근, 치자 등 제주지역의 나무와 풀 그리고 각종 한약재를 사용한다."
물뫼힐링팜,제주특별자치도 제주시 애월읍 예원로 51,2705296,12,outdoor,outdoor:계곡/산/트레킹,A02,A0203,A02030400,역사관광지,농.산.어촌 체험,이색체험,126.3965683162,33.4642655959,"물뫼힐링팜은 자연, 농업과 함께 상생하며 다양한 치유 프로그램을 운영하고 있는 치유 농장이다. 밭담트레킹, 명상, 작물재배, 힐링 푸드 등 다양한 치유 프로그램을 통해 내 몸 안의 자연치유 기능을 깨우고 몸과 마음의 자유를 찾는 것을 목표하고 있다. 계곡 트레킹, 계곡 명상, 트레킹, 치유농장 등 다양한 체험을 하며 몸과 마음을 치유하는 여행을 경험해 볼 수 있다."
물영아리오름,제주특별자치도 서귀포시 남원읍 태수로 552,2433925,12,outdoor,outdoor:공원/산/숲길/오름,A01,A0101,A01010400,자연관광지,국립공원,산,126.7169963890,33.3268525509,"물영아리는 신령스러운 산이란 뜻이다. 또한  ‘수령산’, ‘수령악’으로 불리며, ‘물의 수호신’이 산다는 말이 전해져 내려오는 곳이다. 이름 앞에 ‘물’은 분화구에 고인 습지를 품고 있어 붙은 접두어이다. 분화구의 깊이는 40여 m로 2100~2800년 전에 퇴적되었으며, 퇴적층의 깊이가 최대 10m에 이르는 습지오름이다. 
물영아리오름 람사르 습지 탐방은 여러 갈래의 숲길로 무더운 여름 날씨에도 뜨거운 태양을 피해 시원한 바람을 맞으며 탐방할 수 있으며, 비가 오는 날씨에도 몽환적인 분위기를 자아내어 찾는 이들의 감탄을 자아낸다.
물영아리오름은 수망리 중잣성 생태 탐방로와 연계되어 있다.  잣성은 제주도의 전통적인 목축 문화 유물로 목초지에 쌓아 올린 경계용 돌담을 뜻한다. 물영아리오름 주변에 주민들이 산지 축산을 하고 있어 오름 주변은 목가적인 풍경을 이룬다. 오름 탐방은 소 떼가 유유히 노니는 목장 둘레를 따라 반 바퀴를 돌고 나서야 본격적으로 시작된다. 
2006년 세계적인 습지 보호 단체에서 지정한 람사르습지로 지정된 보호 구역이기도 하다. 다양한 동식물의 서식지로 야생동물과 멸종위기종이 서식하고 있어 자연생태에 대한 보존가치가 매우 높다."
미깡창고,제주특별자치도 제주시 애월읍 중산간서로 6710-1,3037417,12,outdoor,indoor:카페 | outdoor:산/야외/오름/정원,A02,A0203,A02030100,역사관광지,농.산.어촌 체험,농.산.어촌 체험,126.4452558345,33.4605140048,"애월읍 광령리에 위치한 감성카페이다. 가게 외관은 귤 창고를 개조한 건물에 빈티지한 감성을 더한 모습이다. 가게 뒤편에 주차장이 있어 편리하다. 야외에 돌이 많고 위험해 케어키즈존을 강조하고 있다. 10월 중순 귤 수확 철에는 감귤 따기 체험이 가능하므로 인스타그램을 참조해서 방문해 보는 것도 좋겠다. 입구 길 양옆 억새길을 지나 테이블이 놓인 야외 정원에 들어오면 박공지붕의 카페건물이 눈에 들어온다. 카페 내부는 나무 천장이 드러나고 거친 시멘트벽이 우드톤의 가구들과 어우러져 편안하고 이국적인 느낌이다. 미깡창고에는 곳곳에 거울 셀카존을 마련하여 목가적인 분위기를 배경으로 제주도에서의 잊지 못할 인생샷을 남길 수 있다. 감성카페인 미깡창고에서 맛볼 수 있는 대표메뉴들은 모두 제주를 대표하는 단어들이다. 미깡주스, 돌담, 오름, 밭길 등이 그것이다."
미쁜제과,제주특별자치도 서귀포시 도원남로 16,2831622,39,indoor,indoor:베이커리/음식점/카페 | outdoor:정원,A05,A0502,A05020900,음식점,한식,카페/전통찻집,126.1801414853,33.2691643300,"제주도 서귀포 신도포구 근처에 있는 미쁜제과는 '믿음직스럽다'는 뜻의 순우리말 '미쁘다'에서 이름을 따온 한옥 베이커리 카페이다. 소금빵, 옛날팥방, 마약빵이 대표 메뉴이며 음료와 케이크류도 다양하다. 카페 뒤편은 작은 연못, 분수, 정자, 소철, 배롱나무 등으로 정원을 꾸몄고, 그네와 널뛰기 같은 놀이도 있는 자연과 전통이 어우러진 독특한 분위기를 자랑한다. 레트로한 감성과 볼거리, 즐길 거리를 제공하며 좌식, 의자 등 기호에 따라 자리 선택도 가능하다. 미쁜제과는 제주 여행 중 자연과 전통, 맛있는 빵과 음료를 동시에 즐길 수 있는 장소로, 가족 단위 관광객부터 연인까지 모두에게 추천할 만한 명소이다."
미스칠,제주특별자치도 제주시 일주서로 7831 (연동),2758924,39,indoor,indoor:실내/음식점,A05,A0502,A05020100,음식점,한식,한식,126.4833684316,33.4939470207,"돔베고기와 전복요리를 전문으로 하는 미스칠은 조림, 솥밥, 구이를 포함하여 다양하고 신선한 요리를 제공해 제주만의 특색 있는 향토의 맛을 느낄 수 있다. 메뉴 구성에 따라 미스칠 특선, 한상차림, 뚝배기 정식으로 선택할 수 있다. 아늑하고 깔끔한 실내 분위기는 제주를 느끼기에 더할 나위 없이 편안한 느낌을 준다. 한상차림 메뉴는 제주에서 꼭 먹어야 하는 것들로만 구성되어 있어 퀄리티 높은 제주 음식을 다양하게 맛보기에 안성맞춤이다. 공항에서도 가까워 접근성도 좋은 이곳은 관광객뿐만 아니라 현지 도민들에게도 이미 잘 알려져 있는 제주시 연동을 대표하는 맛집이다."
미스틱3도,제주특별자치도 제주시 1100로 2894-49 (노형동),2836873,39,indoor,indoor:베이커리/음식점/카페 | outdoor:산/정원,A05,A0502,A05020900,음식점,한식,카페/전통찻집,126.4873801880,33.4500241681,"미스틱3도는 제주시 노형동 신비의 도로 옆에 있다. 한라산이 보이는 가드닝 카페로 겨울 동백, 봄 벚꽃, 가을 핑크뮬리 등 다양한 꽃과 나무를 감상할 수 있다. 계절별로 시즌 음료를 선보이며, 제주 제철 식재료들을 이용해 더욱 신선하고 특별한 고 퀄리티 베이커리들과 음료들은 방문객들에게 만족감을 준다. 카페 내부는 세련된 디자인과 아늑한 분위기로 꾸며져 있어 편안한 휴식을 취하기에 안성맞춤이다. 정원 곳곳에는 동물친구들도 있어 교감을 위한 당근주기 체험도 준비되어 있어 아이와 함께 방문해도 좋다. 1월, 2월에는 동백꽃이 만개해 정원을 산책하며 제주의 겨울을 즐길 수 도 있다."
미악산,제주특별자치도 서귀포시 인정오름로 387-63,2765223,12,outdoor,outdoor:계곡/공원/산/오름/폭포,A01,A0101,A01010400,자연관광지,국립공원,산,126.5542194241,33.3005945221,"미악산은 한라산과 서귀포 시내권을 함께 조망할 수 있는 제주오름이다. 전사면으로 해송과 삼나무가 조림되어 있고, 북동사면 일부에 상록수가 우거진 숲을 이루고 있으나, 예전에는 풀밭오름이었다고 한다. 미악산 북쪽에서 동쪽으로 흐르는 효돈천계곡은 난대림이 우거지고 물이 맑으며 폭포가 있고, 돈내코유원지가 있어 절승의 계곡미를 이루고 있으며, 미악산 북쪽 난대림은 우리나라의 극상(極相)상태 보유림으로 알려져 있다. 서귀포 중앙부에 위치해 시내권과도 가까워 서귀포 시민들의 산책코스이며, 편백숲과 한라산 조망이 근사해서 관광객들도 찾는 오름이다.

(출처: 비짓제주 홈페이지)"
미엘드세화,제주특별자치도 제주시 구좌읍 해맞이해안로 1464,2838059,39,indoor,indoor:박물관/음식점/카페 | outdoor:해수욕장,A05,A0502,A05020900,음식점,한식,카페/전통찻집,126.8618543076,33.5245497062,"미엘드세화는 제주특별자치도 제주시 구좌읍 세화리의 조용한 시골 마을, 바닷가 근처에 자리 잡은 감성적인 디저트 카페이다. 세화 항구와 세화해수욕장 바로 앞에 위치해 있어, 푸른 바다를 바라보며 여유롭게 커피와 디저트를 즐길 수 있는 것이 큰 매력이다. 이곳의 대표 메뉴는 꿀을 넣고 부드러운 생크림을 올린 미엘 커피로 특유의 달콤하고 고소한 맛이 인기를 끌고 있다. 또한 신선한 당근을 활용한 당근 주스와 당근 케이크도 건강한 맛으로 많은 사랑을 받고 있다. 계절마다 제철 과일로 만든 디저트와 케이크 메뉴가 바뀌는데, 여름에는 망고 케이크와 수박 주스, 가을에는 무화과 케이크, 초당 옥수수를 활용한 다채로운 메뉴가 준비된다. 인근에는 해녀박물관, 숨비소리길, 비자림 같은 관광 명소도 가까워 연계 코스로 방문하기에 좋다."
미천굴,제주특별자치도 서귀포시 성산읍 중산간동로 4150-30,2738721,12,outdoor,indoor:몰 | outdoor:공원/오름,A01,A0101,A01011900,자연관광지,국립공원,동굴,126.8415509789,33.3833177616,"미천굴은 학술적, 관광적, 문화적 가치를 간직한 중요한 자원이며, 주변의 맑은 공기와 깨끗한 물, 푸른 들판, 오름 등을 간직하고 있다. 특히 원초적인 암흑의 지하 공간은 인간의 본질과 미래에 대해 사색하고 추상하는 창조의 공간이 된다. 도시에서는 쉽게 경험할 수 없는 절대 자연미를 느낄 수 있는 공간으로, 총 1,700m 중 365m 구간을 개방하고 있다. 미천굴의 입구는 천정함몰에 의해 형성되었으며 천정 두께는 비교적 얕은 편이다. 동굴을 형성한 현무암류에서는 동굴 지표면상의 유동 방향을 나타내는 로피 구조를 엿볼 수 있다."
미친부엌,제주특별자치도 제주시 탑동로 15 (삼도이동),2840469,39,indoor,indoor:음식점,A05,A0502,A05020300,음식점,한식,일식,126.5231672257,33.5170284317,"미친부엌은 제주특별자치도 제주시 탑동사거리에 위치한 감각적인 일식 주점이다. 사시미, 튀김, 짬뽕 나베, 숯불구이, 짚불구이 등 다양한 일식 메뉴를 선보이며, 전통과 퓨전이 어우러진 독특한 맛으로 많은 이들의 사랑을 받고 있다. 모든 요리는 수제로 정성스럽게 준비되며, 주문과 동시에 조리에 들어가는 시스템으로 신선한 맛을 자랑한다. 특히 실시간으로 조리 과정을 볼 수 있는 오픈형 주방은 보는 재미까지 더해준다. 다양한 퓨전 스타일의 일식 메뉴는 술과 함께 즐기기에 제격이다. 인근에는 탑동광장, 관덕정, 제주 원도심, 칠성로 등 여행지가 가까이 있어, 식사 전후로 둘러보기에도 좋다."
바그다드,제주특별자치도 제주시 관덕로8길 34,1404293,39,indoor,indoor:음식점,A05,A0502,A05020700,음식점,한식,이색음식점,126.5232423720,33.5103069552,"제주시 이도2동 시청 근처에 위치한 인도요리 레스토랑이다. 정통 인도요리 경력을 가지고 있는 요리사가 있어 현지에서 맛볼 수 있는 최상의 음식들을 제공하며, 한국인들의 입맛에도 잘 맞아 많은 이들의 발길이 끊이지 않고 있다. 특히 인기 있는 메뉴로는 전통 빵인 난, 신선한 토마토와 크림, 치즈로 만든 연한 치킨 마크니, 탄두리치킨 등이 있다. 카레와 함께 인도 전통빵인 난과 힘께 곁들여 먹는 것을 추천한다."
바늘오름,제주특별자치도 제주시 조천읍 교래리 산 108,1933217,12,outdoor,outdoor:공원/산/오름,A01,A0101,A01010400,자연관광지,국립공원,산,126.6540100777,33.4537041957,"제주시 조천읍 교래리에 위치한 이 오름은 주변에 가시덤불이 많아 바늘오름 또는 제주 사투리로 바늘을 이르는 바농오름이라고도 한다. 오름은 삼나무로 뒤덮여 숲을 이루고 있고, 삼나무를 벗어나면 해송과 낙엽수림, 잡목이 우거져 숲을 이루고 있다. 원형 화구 안에는 풀밭을 이루고 있는 가운데 해송, 쥐똥나무, 찔레나무, 청미래덩굴, 윤노리나무 등이 식생하고, 말굽형 화구 안에는 보리수나무와 잡목 등이 우거져 자연림의 숲을 이루고 있다. 동쪽에 북동쪽으로 깊은 골이 패어 있는 곳에 상록수림이 형성되어 있다. 오름의 남동쪽에는 주로 해송이 있다. 정상에서는 억새가 피는 계절이면 억새가 정상을 뒤덮을 정도로 가득하다. 날이 좋을 때는 바늘 오름 정상에서 한라산의 모습이 아주 가깝게 보이기도 한다. 또한 남쪽에는 돌문화공원이 보이는데, 바늘 오름 인근에는 돌문화공원, 에코랜드 등 가볼 만한 곳이 많아 위치적으로도 좋다."
바다다,제주특별자치도 서귀포시 대포로 148-15,2843885,39,indoor,indoor:박물관/센터/음식점/카페 | outdoor:야외,A05,A0502,A05020900,음식점,한식,카페/전통찻집,126.4366310264,33.2378551429,"바다다는 서귀포시 중문관광지 근처 대포로에 있는 카페이다. 중문 바다를 한눈에 볼 수 있으며 바다를 향해 앉아 논알콜 라임 모히또, 한라 스프링 등 에이드와 아메리카노, 바닐라라떼 등 다양한 종류의 커피와 블루문, 제주위트에일 맥주, 스텔라, 하이네켄 생맥주를 즐길 수 있다. 카페 건물은 노출 콘크리트와 통유리 문으로 개방감이 좋아 야외공간과 자연스럽게 연결되며 해송이 그늘을 만들어 준다. 근처 여행지로 대포주상절리, ICC 제주국제컨벤션센터 면세점, 아프리카박물관 등이 있다."
바다다이브,제주특별자치도 서귀포시 동홍로12번길 5,2820293,28,indoor,indoor:센터/숙박/호텔 | outdoor:레포츠,A03,A0303,A03030400,레포츠소개,윈드서핑/제트스키,스노쿨링/스킨스쿠버다이빙,126.5684943279,33.2498392394,바닷속 세상을 처음 접하는 초심자들을 위한 체험프로그램이 준비되어 있다. 보다 나아가 더 다양한 경험을 위해 스쿠버다이빙 입문 단계인 오픈워터 및 여러 자격증을 취득할 수 있도록 여러 스킨스쿠버 프로그램을 운영하는 바다다이브다. 늘 위생과 안전을 신경 쓰며 관리하고 있으며 청결한 센터 시설과 연계호텔을 통한 저렴한 가격에 숙박도 제공하고 있다. 우수한 강사진과 함께 체계적인 커리큘럼을 통한 소수인원 강습으로 고품질의 교육과정을 준비하며 항상 PADI의 규정에 모든 프로그램을 진행한다. 또한 매월 체험다이버 및 펀다이버를 위한 다양한 이벤트를 진행하여 재미있고 유익한 시간을 보낼 수 있다. 외국인 여행객 문의 상담과 모든 프로그램을 진행할 수 있는 담당 강사가 상주하고 있다.
바다를본돼지,제주특별자치도 제주시 한경면 판포1길 16,2763767,39,indoor,indoor:식당/음식점 | outdoor:산,A05,A0502,A05020100,음식점,한식,한식,126.1979322434,33.3656706031,비양도가 보이는 바다 경치를 감상하며 제주 흑돼지와 해산물을 함께 먹을 수 있는 바다를본돼지는 판포포구 근처에 위치해 있다. 식당 내부는 넓고 바다를 향해 폴딩도어가 있어 시원한 개방감을 준다. 대표 메뉴인 흑돼지구이를 고사리에 싸서 멜젓에 콕 찍어 먹으면 맛이 일품이다. 또한 돌솥밥에는 비벼 먹을 수 있는 전복 내장 소스가 함께 나와 인기가 좋다. 가성비 좋은 점심특선을 선호하는 손님도 많지만 저녁에 방문하여 붉은 석양을 보며 먹어도 좋다.
바다보는날,제주특별자치도 제주시 애월해안로 722,2861425,39,indoor,indoor:음식점 | outdoor:해안,A05,A0502,A05020100,음식점,한식,한식,126.3780111538,33.4839603437,"조각가 해물라면 바다보는날 애월해안도로점은 구엄포구 근처에 있다. 유명 셰프가 인정한 맛집으로 알려져 있으며 해물듬뿍라면, 통문어와 전복이 들어있는 문어전복라면, 한치 한 마리가 들어 있는 통한치해물라면 등 푸짐한 해물이 가득하여 여행자들의 인증샷 맛집이기도 하다. 이 밖에 수제 돈가스와 추억의 도시락, 한치튀김도 맛볼 수 있다. 매장 내부에 소품샵도 운영하고 있으며 한라봉 아이스크림도 판매하고 있다."
바다속고등어쌈밥,제주특별자치도 제주시 애월읍 일주서로 7089,2763771,39,indoor,indoor:음식점 | outdoor:산,A05,A0502,A05020100,음식점,한식,한식,126.4067836428,33.4842996510,"바다속고등어쌈밥은 든든하고 맛있는 식사를 할 수 있는 제주 애월에 위치한 고등어 쌈밥 맛집이다. 넓은 주차장을 갖추고 있어 편안하게 주차할 수 있고, 아침 일찍부터 밤 늦게까지 브레이크 타임 없이 운영해 언제든지 찾아가도 식사를 할 수 있는 곳이다. 잘 익은 묵은지와 어우러져 깊고 진한 맛을 머금은 고등어를 신선한 쌈에 싸 먹으면 밥도둑이 따로 없다. 제주도와 인근 지역의 특산 막걸리와 기념품도 함께 판매하고 있으며 바다속고등어쌈밥에서 직접 담그는 간장게장도 따로 구입이 가능하다."
바다에누워 펜션,제주특별자치도 서귀포시 남원읍 위미해안로 60,733516,32,indoor,indoor:숙박/펜션/호텔 | outdoor:산/해안 | mixed:파크,B02,B0201,B02010700,숙박시설,관광호텔,펜션,126.6578361411,33.2696884696,"바다에누워 펜션은 제주 서귀포시 남원읍 위미해안로에 위치해 있으며 한라산과 바다가 한눈에 보인다. 객실은 크기별로 3타입이 있고 객실 안에는 소파, TV, 전화, 헤어드라이어, 비누, 타월, 생수, 치약, 샴푸, 린스, 바디클렌져, 에어컨, 냉장고, 싱크대, 식탁, 각종 주방용품 등이 있다. 욕실은 깔끔한 화이트 톤의 타일로 꾸며져 있고 매일 청소해 깨끗한 공간에서 샤워할 수 있다. 제주도지사 선정 우수 관광사업체로 안심하고 숙박할 수 있다. 펜션이 위치한 남원읍 위미리는 감귤 농사를 많이 하는 농어촌 마을로 농장과 해양레저를 체험하기 좋은 여건을 갖추고 있다. 주변 가볼 만한 곳으로는 쇠소깍, 남원큰엉해안, 제주코코몽에코파크가 있다."
"바다와 풀밭이 맞닿은 푸른 세상 속으로, 제주 온평~표선 올레",,2381552,25,outdoor,indoor:갤러리 | outdoor:오름/해변,C01,C0115,C01150001,가족코스,도보코스,도보코스,126.9035617954,33.4042636720,"걸으면서 제주도의 아름다운 풍경과 문화를 접하는 데 올레만큼 좋은 건 없다. 3코스 온평~표선 올레는 오름을 넘고 바다와 벗하며 걷는 길이다. 통오름과 독자봉에서 제주 오름이 지닌 고유의 멋을 느끼고, 김영갑 갤러리에서 사진에 담긴 제주의 하늘과 바다, 오름, 바람을 감상한다. 신풍신천 바다목장의 너른 초원과 눈이 부시게 파란 표선해비치해변의 바다는 감탄을 자아내는 풍경이다."
바다위에코끼리,제주특별자치도 제주시 한림읍 협재1길 27-6,2755870,39,indoor,indoor:음식점/카페 | outdoor:해수욕장,A05,A0502,A05020900,음식점,한식,카페/전통찻집,126.2429414999,33.3978677462,"코끼리를 닮은 비양도가 보여 ‘바다 위에 코끼리’라는 이름을 가진 카페이다. 푸르고 푸른 협재 바다를 바라보며 생각 정리를 하기 좋은 곳이다. 크로플에 아이스크림 또는 제주말차라테와 당근케이크를 주문하고 창 넓은 곳에 앉아서 지금까지 내가 걸어온 길, 앞으로 내가 나아가야 할 길 등 잔잔한 바다가 전해주는 마음의 소리를 듣기 좋은 곳이다. 제주에서만 살 수 있는 기프트 샵도 같이 있어서 귀엽고 아기자기한 물품들을 사기 좋다. 협재 해수욕장 근처 한적하면서도 감성적인 카페를 찾는다면 적극적으로 추천한다."
바다제비,제주특별자치도 제주시 한림읍 한림로 640,2858631,39,indoor,indoor:센터/식당/음식점 | outdoor:산,A05,A0502,A05020100,음식점,한식,한식,126.2620867111,33.4133496661,"바다제비는 제주 한림읍 주민자치센터 바로 옆에 자리한 아담하고 따뜻한 분위기의 한식당이다. 이곳은 바다의 신선한 재료를 활용한 다양한 메뉴들을 판매하고 있다. 대표 메뉴로는 제주산 딱새우와 꽃게가 푸짐하게 들어간 얼큰한 수제비와 칼국수가 있으며, 또 하나의 인기 메뉴인 몸칼국수는 제주 전통 음식인 몸국을 현대적으로 재해석한 메뉴로, 사골 베이스로 우려낸 국물의 구수함과 진한 풍미가 일품이다. 그 외에도 제주산 한치를 아낌없이 넣은 고소하고 쫀득한 한치파전, 탱글탱글한 새우가 듬뿍 들어간 바삭한 새우부추전은 사이드 메뉴로 곁들이기 좋다. 또한 반려동물 동반이 가능해 애완동물과 함께 식사할 수 있는 점도 큰 장점 중 하나다."
바다하우스,제주특별자치도 제주시 애월읍 애월해안로 218,1853848,32,indoor,indoor:숙박/음식점/펜션/호텔 | outdoor:산/정원/해안,B02,B0201,B02010700,숙박시설,관광호텔,펜션,126.3356596732,33.4665921534,"제주도 애월에 위치한 바다하우스 펜션은 파도 물결 소리가 찰랑찰랑 귓가에 들리고 거실에 앉아 있으면 바다 위에 떠 있는 듯한 설렘을 느끼게 하는 곳이다. 제주공항에서 서쪽으로 20분 거리에 애월 해안도로에 있다. 
바다하우스는 어느 곳 보다 깨끗하고 노을 빛이 환상적으로 아름다운 곳이다. 넓은 정원과 바다향기를 맡으면서 바비큐 파티를 즐길 수 있는 시설이 갖추어져 있고, 주변에는 자연산을 고집하는 횟집, 24시 편의점 등 다양한 먹거리를 즐길 수 있는 음식점이 있다."
바다해호텔,제주특별자치도 서귀포시 천지연로 3-1 (서귀동),2621955,32,indoor,indoor:숙박/호텔 | mixed:관광단지,B02,B0201,B02011100,숙박시설,관광호텔,게스트하우스,126.5656503182,33.2414512305,"바다 해 호텔은 서귀포 항에 위치한 신축 호텔로 부담 없는 가격과 양질의 객실 서비스, 청결한 객실 관리를 하고 있다. 관광단지에 인접하여 있고 시내권에 위치하여 관광 및 비즈니스 차 제주를 방문한 고객들에게 부담 없는 숙박 시설이다."
바당수산,제주특별자치도 제주시 임항로 49,1863246,38,outdoor,indoor:쇼핑/시장 | outdoor:산,A04,A0401,A04010600,쇼핑,5일장,전문매장/상가,126.5300249638,33.5169924336,"제주특별자치도 제주시 서부두수산시장에 위치한 제주 바당수산은 신선한 해산물을 판매하는 수산가게이다. 이곳은 제주 바다에서 직접 잡은 다양한 생선과 해산물을 제공하며, 최고 품질의 신선한 해산물을 손쉽게 구매할 수 있는 장소이다. 제주 바당수산은 생선, 오징어 등 다양한 해산물을 판매하며, 온라인 주문 후 택배로도 수령이 가능하다. 이를 통해 제주에 직접 방문하지 않아도 신선한 해산물을 집에서 편리하게 받아볼 수 있다."
바당한그릇,제주특별자치도 제주시 애월읍 애월해안로 552-3,2870619,39,indoor,indoor:음식점 | outdoor:산/전망대/해안,A05,A0502,A05020100,음식점,한식,한식,126.3624376332,33.4784329318,"바당한그릇은 애월해안도로를 달리다 만나는 애월 돌고래전망대 인근에 위치한 해산물 요리 전문점이다. 애월해안로에 위치해 있어 전망 좋으며, 바다를 보며 해산물 요리를 맛볼 수 있다. 수족관이 있어서 싱싱한 활어와 전복, 해물을 관리하며, 제주도 특산물과 제주도 채소를 사용하여 음식을 만든다. 바당한그릇의 대표메뉴는 제철활어와 활전복, 돌문어, 딱새우가 있는 바당 특 물회이다. 제주해녀가 잡은 제주성게와 톳이 들어간 미역국도 인기가 많으며, 성게비빔밥도 맛있다. 또, 사시미해물모둠과 특물회, 새우튀김을 먹을 수 있는 세트와 매콤한 제주해물볶음과 특물회, 새우튀김을 먹을 수 있는 세트 메뉴도 준비되어 있어 든든한 한끼 식사가 가능하다."
바람,제주특별자치도 제주시 구좌읍 월정1길 46-9,2789355,38,outdoor,indoor:쇼핑/카페 | outdoor:산,A04,A0401,A04010900,쇼핑,5일장,특산물판매점,126.7927818175,33.5551951990,"제주 월정리에 자리한 소품 숍 겸 카페다. 마치 휴양지의 소품가게를 떠올리게 할 만큼 이국적인 분위기로 꾸며진 이곳은 브런치와 가벼운 음료를 마실 수 있는 카페도 겸하고 있다. 연두색 지붕과 감각적으로 꾸며진 앞마당이 눈길을 사로잡는 바람은 주택을 리모델링해 신발을 벗고 들어서는 구조이다. 가게 내부에는 화려한 색감의 옷이나 독특한 디자인의 모자, 개성 넘치는 소품들로 가득 채워져 있다. 곳곳에 초록색 식물들을 배치해 싱그러운 활기가 넘친다."
바람벽에흰당나귀,제주특별자치도 제주시 구좌읍 동복로 11,2836891,39,indoor,indoor:음식점/카페 | outdoor:산,A05,A0502,A05020900,음식점,한식,카페/전통찻집,126.7076142444,33.5538828606,"바람벽에 흰당나귀는 제주특별자치도 제주시 구좌읍에 위치한 독특한 감성 카페이다. 이곳은 제주도의 자연과 예술이 어우러진 공간으로, 바람벽을 따라 흰당나귀 조형물이 설치되어 있어 방문객들에게 신비로운 분위기를 선사한다. 카페 내부는 따뜻한 조명과 아기자기한 소품들로 꾸며져 있어 편안하고 아늑한 분위기를 자아낸다. 다양한 음료와 디저트 메뉴는 이곳의 대표적인 매력 중 하나로, 방문객들에게 특별한 경험을 제공한다. 카페 주변에는 제주도의 아름다운 자연 경관이 펼쳐져 있어 산책이나 사진 촬영을 즐기기에 좋다. 바람벽에 흰당나귀는 예술과 자연이 어우러진 공간으로, 제주 여행 중 여유로운 시간을 보내기에 좋은 장소이다."
바램목장&카페,제주특별자치도 서귀포시 신화역사로 611,2851007,39,indoor,indoor:음식점/카페 | outdoor:정원 | mixed:월드,A05,A0502,A05020900,음식점,한식,카페/전통찻집,126.3525866828,33.3111818331,"바람목장&카페는 서귀포 동광육거리 근처 양잠단지 방향에 있다. 양목장 테마 카페로 어린이와 함께 가기 좋다. 창문을 통해 넓은 정원에 놀고 있는 양들을 볼 수 있고, 양 먹이를 따로 구매해 먹이 주기 체험도 할 수 있다. 양목장인 만큼 비가 오면 휴무이며 인스타그램을 통해 공지한다. 한라봉차, 청귤차 등 제주 식재료를 이용한 음료가 있으며, 사이드메뉴로 베이글과 쿠키세트 등을 판매한다. 근처 여행지로 헬로키티아일랜드, 제주신화월드 등이 있다.  
※ 반려동물 동반 불가"
바리메오름,제주특별자치도 제주시 애월읍 어음리 산1,2765227,12,outdoor,outdoor:공원/둘레길/산/오름,A01,A0101,A01010400,자연관광지,국립공원,산,126.3752995443,33.3930648051,"바리메 오름은 제주시 애월읍 어음리에 있는 오름으로 오름 중 높고 경사가 가파른 오름에 속한다. 오름 정상 분화구 모양이 절에서 쓰는 승려들의 공양 그릇 바리를 닮았다고 하여 바리메 오름으로 불리게 되었다. 오름의 서쪽으로는 목장이 들어서 있고, 나머지 경사면은 소나무가 무성히 자라고 있다. 경사가 있는 오름으로 둘레길처럼 운동화 차림보다는 등산화 차림이 편할 수 있다. 등산로를 따라 다양한 야생화와 피어있고 정상에는 다래 오름, 폭낭오름, 괴오름, 북돌아진 오름 등이 있어 크고 작은 오름들이 어울려 있는 진풍경을 만날 수 있다."
바움하우스,제주특별자치도 제주시 서해안로 448 1층,2902737,39,indoor,indoor:음식점/카페 | outdoor:공원/산/해안,A05,A0502,A05020100,음식점,한식,한식,126.4875064221,33.5177194543,"바움 하우스는 제주시 용담해안도로 어영공원 앞에 있는 디저트 카페다. 글루텐 프리 100% 우리쌀과 제주 감귤란을 사용하여 직접 생산하는 수제 디저트 맛집으로 다양한 바움쿠헨이 대표 메뉴 이다. 이와함께 타르트, 케이크류가 있으며 대귤대귤라떼, 제주녹차라떼 한라봉요거트 등 제주 식재료를 사용한 음료도 맛볼 수 있다. 통창을 통해 제주 북쪽 바다와 해안도로 풍경을 볼 수 있고 주변 여행지로 용연, 무지개 해안도로, 도두봉 등이 있다."
바이나흐튼 크리스마스박물관,제주특별자치도 서귀포시 안덕면 평화로 654,2751836,14,indoor,indoor:박물관/전시,A02,A0206,A02060100,역사관광지,박물관,박물관,126.3278198313,33.2913419690,"서귀포시 안덕면에 위치한 바이나흐튼 크리스마스 박물관은 주인 부부가 여행하며 모은 크리스마스 장식과 관련 물품이 전시되어 있다. 독일어로 크리스마스를 뜻하는 ‘바이나흐튼’과 독일의 건축물을 참고해 만들어 유럽의 크리스마스 느낌이 물씬 나는 공간이다. 개인 박물관치곤 전시물의 종류도 다양하고 소장 가치가 뛰어난 것도 많은 편이다. 일 년 내내 크리스마스 분위기를 느낄 수 있는 곳이지만 이곳의 12월은 조금 더 특별하다. 크리스마스를 맞기 전, 한 달간 크리스마스 마켓 때문이다. 매년 수많은 셀러들이 참여, 크리스마스와 관련된 다양한 라이프스타일 제품들을 판매하며, 유명 셰프들이 만드는 다채로운 요리와 관람객 누구나 참여할 수 있는 다양한 체험 프로그램들이 마련된다."
바이제주,제주특별자치도 제주시 서해안로 626 (용담삼동) A동~B동,2752730,38,outdoor,indoor:쇼핑/시장 | outdoor:산,A04,A0401,A04010900,쇼핑,5일장,특산물판매점,126.5040466723,33.5167476030,"300인의 핸드메이드 작가와 협업을 추구하는 바이제주는 제주 소품 시장의 트렌드를 이끌어가고 있다. 작가와 제작 회의를 통해 만들어진 수공예품들로 가득하다. 고객의 니즈에 부응하는 소품은 물론이고 쉽게 흉내 낼 수 없는 디테일과 창의적인 아이디어가 빛나는 독보적인 아이템이 다양하다. 무엇보다 아기자기한 내부 인테리어와 바다를 전망할 수 있는 2층 휴게시설, 그리고 넓은 주차장이 있어 쇼핑의 편의성을 높였다."
바타타식탁,제주특별자치도 서귀포시 표선면 표선동서로264번길 22,2876488,39,indoor,indoor:음식점 | outdoor:산/해수욕장,A05,A0502,A05020100,음식점,한식,한식,126.8359360817,33.3271655353,"바타타식탁은 제주도 표선해수욕장 앞에 위치한 해산물 요리 전문 음식점으로, 제주산 해산물을 활용한 다양한 메뉴가 있다. 오랜 경력을 지닌 셰프가 직접 운영하며,  제주산 자연산 딱새우를 주재료로 한 다양한 요리를 선보인다. 대표 메뉴인 ‘바타타 회 세트’는 제주 자연산 딱새우회를 기본으로, 딱새우 회 초밥 또는 순살 제주 은갈치, 순살 딱새우조림과 머리라면 중에서 선택할 수 있는 구성으로 되어 있어 취향에 따라 다양한 조합이 가능하다. 이 외에도 매콤한 맛이 특징인 마라 딱새우, 제주 자연산 딱새우 찜 등 딱새우를 활용한 다채로운 요리가 준비되어 있다. 소규모 모임이나 단체 예약도 가능하고 간단한 식사를 하기에도 좋다."
박물관은살아있다 제주,제주특별자치도 서귀포시 중문관광로 42,1883815,14,mixed,indoor:미술관/박물관/전시 | mixed:테마파크/파크,A02,A0206,A02060100,역사관광지,박물관,박물관,126.4092858005,33.2546667452,"여러 가지 테마로 구성된 체험형 아트 뮤지엄으로, 다양한 방식으로 참여하고 사진을 찍으며 즐기는 테마파크이자 미술관이다. 이상한 백작의 집, 블랙원더랜드등 다양한 테마로 구성되어 있어 인생 사진을 남길 수 있다. 그리고 착시테마공간이 있는데 이곳은 평면과 입체 섞인 오브제아트에 재미있는 포즈로 작품을 완성시키는 참여형 공간이다. 이번에 새롭게 선보이는 블랙원더랜드 에피소드 2 전시는 남녀노소 연령에 상관없이 즐길 수 있다."
박수기정,제주특별자치도 서귀포시 안덕면 난드르로 90-25,2738763,12,outdoor,indoor:몰/카페 | outdoor:공원/등대/산/해안,A01,A0101,A01011100,자연관광지,국립공원,해안절경,126.3587516855,33.2371845468,"대평리에 위치한 박수기정은 중문의 주상절리나 애월 해안도로의 해안 절벽 같은 멋진 풍경을 지닌 곳이다. 샘물을 뜻하는 ‘박수’와 절벽을 뜻하는 ‘기정’이 합쳐져 ‘바가지로 마실 수 있는 깨끗한 샘물이 솟아나는 절벽’이라는 의미를 가지고 있다. 제주 올레 9코스의 시작점이기도 하며 올레길은 박수기정의 윗길로 오르게 되어있다. 소나무가 무성한 산길을 오르면 소녀 등대가 서 있는 한적한 대평포구가 한눈에 내려다보인다. 박수기정 위쪽 평야 지대에서는 밭농사가 이루어지는 것도 볼 수 있다. 박수기정의 절벽을 한눈에 보려면 박수기정 위보다는 대평포구 근처에서 보는 것이 좋으며, 포구 아래의 자갈 해안에서 보면 병풍같이 쭉 펼쳐진 박수기정의 절경을 감상할 수 있다. 인근에 박수기정과 바다를 함께 볼 수 있는 카페들이 있으므로, 여유 있게 앉아 박수기정의 시원한 풍경을 바라볼 수 있다. 박수기정은 일몰이 아름답기로 유명하다. 깎아지른 듯한 절벽 너머 주홍빛으로 하늘을 물들이며 천천히 해가 넘어가는 모습을 보고 있으면, 그 웅장한 절경에 압도당하는 기분마저 든다. 제주 자연이 그려낸 한 폭의 수채화 같은 풍경을 보고 싶다면, 저녁 시간 박수기정에 방문해 멋진 일몰을 즐기는 것을 추천한다.

(출처 : 비짓제주)

◎ 한류의 매력을 만나는 여행 정보 - 예능 <환승연애3>
주원, 유정이 낭만적인 데이트를 즐기던 곳이다. 두 사람은 노을을 배경으로 사진을 찍거나, 박수기정이 한눈에 보이는 대평포구에서 산책을 했는데, 유정은 이 시간을 “15시간이나 같이 있었지만 전혀 지루하지 않았다”고 회상했다."
반양,제주특별자치도 서귀포시 대정읍 중산간서로 2985,2863775,39,indoor,indoor:식당/음식점,A05,A0502,A05020700,음식점,한식,이색음식점,126.2261788847,33.2812303818,"제주 서귀포시에 위치한 ‘반양’은 정통 태국 음식을 선보이는 태국 음식 전문점으로, 이름부터 따뜻한 의미를 담고 있다. ‘반’은 태국어로 ‘집’을 뜻하며, ‘양’은 이 식당의 주인 성씨를 더해 만든 이름이다. 매장은 넓고 쾌적하며, 전반적인 인테리어는 붉은 벽돌 벽과 싱그러운 식물, 유니크한 타일 장식, 라탄 소재의 의자와 조명 등으로 꾸며져 있어 태국 현지 음식점에 와 있는 듯한 느낌을 준다. 노점 수레 모양의 셀프바는 현지의 노점 문화를 떠올리게 해 이국적인 분위기를 한층 더해준다. 테이블마다 땅콩, 태국식 향신료, 다양한 양념들이 비치되어 있어 개인의 취향에 따라 맛을 조절할 수 있다. 메뉴는 팟타이, 똠얌꿍, 그리고 텃만꿍 등 다양하며, 현지의 맛을 느낄 수 있다."
발자국화석공원,제주특별자치도 서귀포시 대정읍 형제해안로 192,2715648,12,outdoor,outdoor:공원/산/섬/해안,A01,A0102,A01020200,자연관광지,희귀동.식물,기암괴석,126.2931467063,33.2173857035,"발자국화석공원은 제주 서귀포시 대정읍에 위치한 상모리 해안에서 안덕면 사계리 해안에 걸쳐 분포하는 사람 및 동물발자국 화석산지로, 2005년 9월 8일 천연기념물로 지정됐다. 2004년 사계-송악 해안도로 일대에서 사람, 사슴, 새, 코끼리 등 발자국 화석과 식물 화석이 발견됐다. 이 화석들은 중기 구석기 시대에 생성된 것으로 추정되며, 수중화산 분화활동으로 형성된 응회암 퇴적층에서 발견됐다. 제주 사람발자국과 동물발자국 화석산지는 아시아 지역에서 유일하게 인류발자국이 발견된 곳이다. 이 발자국은 길이 약 21~25cm로 발뒤꿈치 중간호, 앞꿈치 등의 구분이 뚜렷해 학술적으로도 가치가 크다. 화석이 발견된 사계해안 왼쪽으로는 산방산이, 오른쪽으로는 형제섬이 보이고 제주 올레 10코스인 화순-모슬포 올레의 중간지점에 위치해 있어 탐방객이 많다."
발트하우스,제주특별자치도 서귀포시 표선면 번영로 3361-26,3082119,32,indoor,indoor:리조트/숙박/카페/펜션/호텔 | outdoor:산/오름/정원/해수욕장,B02,B0201,B02010700,숙박시설,관광호텔,펜션,126.8279307185,33.3491324273,"‘건축이 하나의 작품으로 탄생하다’ 발트하우스(Waldhaus)는 마치 유럽의 한가운데로 들어와 있는 듯 작은 숲속 마을을 느낄 수 있다. 언제, 어디서, 누구와 함께 보아도 한 폭의 명화 같은 동화마을이다. 3동의 독채 모두 각각의 특징과 멋이 살아있어 방문할 때마다 새로움과 신비함을 느껴볼 수 있다. 발트하우스는 일반 펜션이 아닌 조각가의 열정과 고풍스러운 창작 세계를 빗대어 만든 하나의 예술 작품으로 이전까지 한번도 보지 못한 감동을 느껴볼 수 있다. 펜션 이용객은 푸른 정원에 있는 에메랄드 워터풀 및 실개천과 바로 앞에 위치한 고품격 엔티크 카페 ‘이오스’를 마음껏 누릴 수 있다. 숙소 주변에는 제주의 유명 관광지인 허브농원, 해비치 호텔&골프 리조트, 제석오름, 표선 해수욕장, 성산일출봉, 섭지코지, 성산포항(우도)등이 10분 거리 이내에 위치해 있다."
밤수지맨드라미 북스토어,제주특별자치도 제주시 우도면 우도해안길 530,2778939,14,outdoor,indoor:박물관/카페 | outdoor:산/섬,A02,A0206,A02061000,역사관광지,박물관,대형서점,126.9484913275,33.5207431980,"비행기를 타고 제주에 가서, 또 배를 타고 섬에서 섬으로 들어가면 만날 수 있는 책방. 제주 우도의 유일한 독립서점인 밤수지맨드라미책방이다. 전형적인 제주 돌담으로 둘러싸인 건물 입구엔 ‘책’이라고 적힌 간판이 이곳이 책방이라는 걸 알려준다. 밤수지맨드라미는 제주 바닷속에 사는 멸종 위기 산호로, 책이 사라져 가는 현실이 산호꽃과 닮은 것 같다고 생각해 책방 이름을 밤수지맨드라미라고 지었다고 한다. 책방 내부엔 독립 서적이나 드로잉북, 채식 관련 책들이 구비되어 있다, 책방 창문 너머로는 햇살이 쏟아지는 바다도 눈에 들어온다. 이곳 책방만의 개성을 담은 굿즈들도 판매하고 있으며, 공간 한쪽은 카페처럼 운영돼 구매한 책을 여유롭게 읽어볼 수도 있다."
방사탑(제주),제주특별자치도 제주시 조천읍 신흥로1길 25,129402,12,outdoor,outdoor:전망대,A02,A0205,A02050200,역사관광지,다리/대교,기념탑/기념비/전망대,126.6505304610,33.5474965400,"방사탑은 부정과 악의 출입을 막아 마을을 편안하게 하고자 하는 신앙 대상물이다. 마을의 어느 한 방위에 불길한 징조가 보인다거나 어느 한 지형의 기가 허한 곳에 마을 공동으로 쌓아 올린 돌탑으로, 제주도 조천읍 신흥리 방사탑은 포구의 방파제 부근에 1기, 북서쪽 바닷가에 1기가 있다. 그중 방파제 부근인 남쪽 포구에 있는 탑(신흥리 1호탑)은 큰개에 있는 탑이라는 뜻으로 ‘큰개탑’, 새들이 움푹 파인 상부에 날아와 새끼를 부화하는 곳으로 이용하면서 ‘생이탑’이라고도 부른다.
또한, 북서쪽 바닷가인 ‘새백개’쪽에 자리한 탑(신흥리 2호탑)은 오다리 코지에 있는 탑이라 하여 ‘오다리탑’ 또는 상부에 세워 놓은 양근같은 석상 때문에 신흥리 1호탑인 ‘큰개탑’과 대비하여 ‘양탑’이라고 부른다."
방선문,제주특별자치도 제주시 오라이동 39-1,126468,12,outdoor,outdoor:계곡/공원/산,A01,A0101,A01010900,자연관광지,국립공원,계곡,126.5169053039,33.4542936092,"제주시를 관통하는 한천 상류 약 6km 지점에 효성이 지극한 나무꾼이 신선을 만났다는 전설을 가진 방선문(訪仙門)이 있다. 전설에 의하면 방선문은 신선 세계로 통하는 문으로 신선 세계와 인간 세계의 경계이다. 옛날 백록담에서는 매년 복날이면 하늘에서 선녀들이 내려와 목욕했는데 이때마다 한라산 산신은 방선문 밖 인간세계로 나와 선녀들이 하늘로 돌아갈 때까지 머물러 있어야만 했었다. 그런데 어느 복날 미처 방선문으로 내려오지 못한 한라산 산신이 선녀들이 목욕하는 모습을 훔쳐보고 말았고, 이에 격노한 옥황상제가 한라산 산신을 하얀 사슴으로 만들어 버렸다고 한다. 그 뒤 한라산 산신은 매년 복날이면 백록담에 올라가 슬피 울었고, 하얀 사슴의 연못이라는 백록담의 이름은 이 전설에서 유래한 것이다.
또한, 방선문 일대는 한국 고전문학 중 해학소설의 백미이자 판소리 열두 마당의 하나인 ‘배비장전’의 무대이기도 하다. 예부터 제주에 부임한 목사를 비롯한 지방 관리뿐만 아니라 유배인까지 많은 선인들이 이곳에서 풍류를 즐겼고, 방선문 곳곳에는 그들이 남긴 마애명이 많이 남아 있는데 ‘訪仙門’ , ‘登瀛丘’등을 비롯해 50여 개의 마애명이 남아있다. 
철 따라 아름다운 경치를 자아내지만, 특히 봄철의 진달래꽃은 영주 12경의 하나로 꼽힐 만큼 아름답다. 부근에는 높이 10m, 너비 30~50m의 오등동계곡이 있어 한결 운치를 더해준다."
방주교회,제주특별자치도 서귀포시 안덕면 산록남로762번길 113,2663244,12,unknown,,A02,A0201,A02010900,역사관광지,고궁,종교성지,126.3877920933,33.3051886051,"재일 교포 건축가로 일본과 한국에서 주로 활동하면서 건축물이 세워질 장소의 고유한 풍토, 지역성을 살려 인간의 삶에 어우러지는 건축을 추구하는 이타미 준(유동룡)이 노아의 방주를 모티브로 설계한 교회로, 아름다운 건축물로 유명하다. 
나무와 징크 소재의 메탈로 2009년 3월 16일 건립되었다. 인공 수조를 조성해 건물이 물 위에 떠 있는 듯한 느낌을 주며, 그 모습이 푸른 잔디밭, 파란 하늘과 잘 어울려 건축물과 자연의 조화로움을 뽐낸다. 2010년에 건축물 대상을 수상하였고 사진 촬영 명소로 알려져 많은 사람이 찾고 있다. 예배를 드리는 교회이고 종교적인 장소인 만큼 예배 시간 관람은 허용하지 않으니 관람 시 주의가 필요하다."
배셰프,제주특별자치도 제주시 구산로 3 (아라일동),2871934,39,indoor,indoor:식당/음식점 | outdoor:산/수목원/오름,A05,A0502,A05020400,음식점,한식,중식,126.5362973823,33.4843433703,"배셰프는 제주시 아라일동에 위치한 중식당이다. 관광지 짬뽕집이 아닌 정통 중화요리 전문점으로 도민들이 자주 찾는 곳이다. 대표 메뉴는 깐풍새우와 유산슬로 깐풍새우는 새콤달콤한 마을소스로 버무리고 겉바속촉하여 인기있는 메뉴이다. 유산슬은 해삼채와 야채를 굴소스로 맛을 내 담백하게 즐길 수 있다. 이외에도 양장피, 짜장면, 짬뽕 등 다양한 중화요리가 준비되어 있어 취향에 맞게 선택하여 먹을 수 있다. 유산슬과 중새우 고추잡채와 짜장면이 함께 나오는 런치세트도 있어 가성비 좋게 점심을 즐길 수 있다. 주변에 함께 둘러보기 좋은 여행지로 민오름, 한라수목원 등이 있다."
백가네제주한상 함덕본점,"제주특별자치도 제주시 조천읍 함덕로 40 1층 102호, 103호",3546746,39,indoor,indoor:음식점 | outdoor:섬,A05,A0502,A05020100,음식점,한식,한식,126.6711454526,33.5424252095,"제주시 함덕리에 위치한 백가네제주한상 함덕본점은 갈치를 이용한 요리가 메인이다. 수많은 갈치 중에서도 가장 신선하고 살이 오른 최상급 갈치만을 고집한다. 백가네의 대표 메뉴인 통갈치구이는 섬세한 불 조절로 겉은 바삭하고 속은 촉촉하게 구워진 갈치는 고소한 풍미를 자랑하며, 손님들이 편하게 드실 수 있도록 능숙하게 뼈를 발라주는 서비스도 있다. 또한, 진하고 칼칼한 양념이 갈치살 깊숙이 스며든 갈치조림은 부드러운 식감과 매콤 달콤한 맛을 잘 느낄 수 있다."
백기해녀의집,제주특별자치도 서귀포시 성산읍 일출로 88-19,1984236,39,indoor,indoor:음식점 | outdoor:산/해변,A05,A0502,A05020100,음식점,한식,한식,126.9223591149,33.4499867050,"백기해녀의 집은 광치기해변과 성산일출봉을 바라보며 맛있는 식사가 가능한 해산물 요리 전문점이다. 섭지코지에서 성산일출봉 가는 길가에 위치하고 있으며, 어촌계 직영으로 해녀분이 당번제로 운영하고 있는 곳이다. 성게, 해삼 등 해산물과 성게해삼물회, 성게칼국수 등 식사류를 제공한다. 가장 인기 있는 메뉴는 해산물 모둠이다. 전복, 소라, 멍게 가 한 접시에 나오는데 해녀분이 당일날 잡은 해산물들이어서 더욱 신선하다. 그리고 해산물만 주문해도 김치, 단호박, 나물무침 등의 밑반찬도 같이 나와 든든하게 식사를 할 수 있다."
백록집,제주특별자치도 제주시 조천읍 함덕로 24,2805415,39,indoor,indoor:음식점 | outdoor:산/야외,A05,A0502,A05020100,음식점,한식,한식,126.6727147762,33.5417447548,"제주의 노포로 알려진 백록집은 신선하고 질 좋은 해산물을 식사로도, 가벼운 반주와 함께 즐기기에도 좋은 곳이다. 해산물의 신선도가 뛰어나 현지인뿐 아니라 관광객들에게도 꾸준히 방문하고 있다. 대표 메뉴인 고등어회, 딱새우회, 모둠회는 재료 본연의 맛을 가장 잘 느낄 수 있으며, 이 외에도 색다른 별미로 한치떡볶이, 뼈없는 갈치튀김 등이 있어 해산물을 다양하게 맛보려는 이들에게 좋은 선택이 된다. 가게는 전체적으로 레트로한 감성이 물씬 풍겨 옛 정취를 느끼게 해주며, 야외석에서 식사할 경우 더 탁 트인 개방감과 제주 분위기를 함께 즐길 수 있다."
백약이오름,제주특별자치도 서귀포시 표선면 성읍리 산1,2731801,12,outdoor,outdoor:공원/산/오름,A01,A0101,A01010400,자연관광지,국립공원,산,126.7901986394,33.4372359797,"백약이오름은 서귀포시 표선면에 위치한 오름으로, 예로부터 약초가 많이 자생하고 있다고 하여 백약이(百藥岳) 오름이라 불리고 있다. 둥글넓적한 분화구(굼부리) 형태를 띠고 있으며, 안에는 층층이꽃, 향유, 쑥, 방아풀, 꿀풀, 쇠무릎 등 약초가 자생하고 있다. 
성읍목장 안을 지나 길을 따라 들어오면 목부들의 쉼터인 독립가옥에 이르게 되는데, 그 집 너머의 오름이 백약이오름이다. 안쪽에 위치한 방목 소들의 음수대 옆으로 30분 정도 오르면 산꼭대기에 도달할 수 있으며, 원형 경기장을 연상케 하는 움푹 파인 굼부리가 눈앞에 나타난다.
정상에서는 트랙 모양의 산꼭대기를 따라 주변의 다양한 오름을 조망할 수 있는데 동쪽에 좌보미와 그 앞에 암설류의 언덕들, 동북쪽으로 동거미오름 그 옆으로 이어진 문석이오름, 그 뒤편에서 위용을 자랑하는 높은 오름, 북쪽으로 넓게 패인 굼부리인 아부오름, 서쪽에 민오름, 비치미, 남서쪽에 개오름, 남쪽에 멀리 보이는 영주산 등을 감상할 수 있다."
백제사,제주특별자치도 제주시 애월읍 광령남6길 54 (애월읍),2027203,12,unknown,,A02,A0201,A02010800,역사관광지,고궁,사찰,126.4243079199,33.4488149673,"백제사는 1,700여 년의 한국불교의 정통 법맥을 이어온 석가세존 태고보우국사를 종조로 모신 한국불교태고종 사찰이다. 불교의 생명 존중 사상과 자연 친화적인 한국의 사찰문화를 체험할 수 있도록 사부대중 누구에게나 열려 있는 도량이다. 백제사는 부처님의 가르침인 지혜와 자비를 바탕으로 불자 양성과 포교 및 청소년 교육을 위한 수행도량으로 설립되었다. 아름다운 제주의 청정한 자연과 수려한 경관을 느끼며 사찰에서의 고요한 휴식을 취할 수 있는 곳으로, 한국불교의 전통문화, 수행정신을 통해 참 존재를 찾아갈 수 있도록 템플스테이 등의 프로그램을 운영하고 있다."
백패커스홈,제주특별자치도 서귀포시 중정로 24-7 (서귀동),2623005,32,indoor,indoor:센터/숙박/시장/실내/호텔 | outdoor:폭포,B02,B0201,B02011100,숙박시설,관광호텔,게스트하우스,126.5589896584,33.2470449521,"동남아에 여행 온 듯한 분위기로 신관 16대, 본관 11대 CCTV 24시간 운용 중이다.
서귀포 시내에 위치. 도보 10분 이내 먹자골목, 올레 시장 등 다양한 먹거리 올레길 코스 중 6코스, 7코스 근접(올래 여행자센터 근방 위치)해 있으며 주변 관광지로 천지연폭포, 새연교, 이중섭 거리, 매일 올래 시장, 정방폭포, 쇠소깍, 외돌개, 서귀포 아랑조을거리, 올레 6코스 종점)이 있다.

1인실부터 4인 가족실까지 호텔과 같은 편안한 개인실 다량 보유하고 있으며 도미토리 남/여 객실 층 분리 운영, 모든 객실 내 화장실/샤워실 보유(샴푸, 린스, 보디클렌저, 치약, 비누 등 비치), 넓은 주차공간 보유 (최대 20대), 스쿠터/오토바이 주차장 개별 보유, 실내/외 취식 가능한 휴게공간 보유하고 있다.
외국인들이 많이 찾는 제주 최대 게스트하우스로 외국어가 능통한 직원이 근무하고 있다."
뱅듸승마클럽,제주특별자치도 제주시 조천읍 번영로 1118-33,3067072,28,mixed,outdoor:공원/레포츠/오름 | mixed:테마파크/파크,A03,A0302,A03021100,레포츠소개,수련시설,승마,126.6535042704,33.4666805305,"뱅듸승마클럽은 넓은 초원을 갖춘 승마장으로, 아름다운 자연 속에서 승마를 체험할 수 있다. 승마복과 안전 장구를 착용하고, 간단한 승마 교육을 받은 후 승마를 즐기면 된다. 푸른 초원에서 즐기는 승마와 숲속 길을 따라 즐기는 승마, 두 가지 코스를 운영하며, 한꺼번에 두 가지 코스를 모두 체험할 수도 있다. 예쁜 오름과 편백나무 숲 등 자연경관을 보면서 하는 승마체험을 통해 힐링할 수 있다. 제주 시내에서 차로 30분 거리에 있으며 주변 관광지로는 세미오름, 제주돌문화공원, 에코랜드테마파크 등이 있다. 예약을 하지 않으면 타지 못하기 때문에 예약이 필수인 곳이다."
뱅인타코 제주본점,제주특별자치도 서귀포시 대정읍 에듀시티로 74 (라온프라이빗에듀),2871897,39,indoor,indoor:몰/식당/음식점 | outdoor:공원/산,A05,A0502,A05020200,음식점,한식,서양식,126.2826099295,33.2886026732,"서귀포시 안덕면 구억리에 위치한 뱅인타코는 제주 영어교육도시 아파트 단지 내에 자리한 멕시코 음식 전문점이다. 깔끔하고 캐주얼한 분위기를 갖춘 이곳은 도민들이 자주 찾는 곳이다. 이 식당의 대표 메뉴는 타코와 퀘사디아이다. 타코는 손바닥만 한 크기의 또띠아 두 개로 제공된다. 새우 타코에는 새우와 함께 과카몰리가 기본으로 들어가 있다. 주요 메뉴 외에도 뱅인나초, 볼, 부리또, 다양한 종류의 칩스 메뉴 등 다양한 사이드와 식사 메뉴가 준비되어 있어 취향에 따라 선택할 수 있다. 음료 메뉴 또한 다양하게 구성되어 있다. 탄산음료, 주스, 티 종류는 물론 맥주와 와인도 구비되어 있어 식사와 함께 가볍게 곁들이기에 좋다. 식당 주변에 오설록 티뮤지엄과 제주곶자왈도립공원 등의 관광지가 있어 함께 둘러보기 좋다."
버드나무집,제주특별자치도 제주시 조천읍 신북로 540,2792533,39,indoor,indoor:음식점 | outdoor:해수욕장,A05,A0502,A05020100,음식점,한식,한식,126.6673958034,33.5413197163,"함덕해수욕장 근처에 있는 버드나무집은 손칼국수로 유명한 맛집이다. 메뉴는 해물손칼국수, 매생이손칼국수, 들깨칼국수가 있으며, 한 테이블당 한 메뉴로 통일하여 주문을 받고 있다. 이곳의 특징은 손으로 반죽한 얇고 넓은 칼국수 면과 싱싱한 해물로 우려낸 육수다. 시원하고 깔끔한 국물 덕분에 해장하기 위해 찾아오는 단골들이 많다. 청양고추가 들어간 다진 양념으로 맵기도 조절할 수 있어 얼큰하게 즐기고 싶다면 요청하면 된다. 브레이크 타임은 3시부터 5시다."
범섬앞어촌계횟집,제주특별자치도 서귀포시 막숙포로 61 (법환동),1896087,39,indoor,indoor:식당/음식점 | outdoor:산/섬,A05,A0502,A05020100,음식점,한식,한식,126.5150881596,33.2358010530,"범섬앞어촌계횟집은 어촌계에서 운영하는 횟집이다. 해녀들이 직접 잡은 해산물과 서귀포 앞바다에서 잡은 자연산 활어를 저렴한 가격에 제공한다. 제주도에 가면 맛봐야 할 모든 음식을 풀코스로 제공하고 있다. 모든 회 메뉴 주문 시 제주산 통갈치구이, 전복죽, 뿔소라, 전복회, 딱새우, 멍게, 메인회, 매운탕 등 20가지 이상이 나온다. 매장 내부에 탁 트인 오션뷰를 바라보며 식사를 할 수 있으며, 식당 전용 넓은 주차장을 보유하고 있어 편리하게 이용할 수 있다."
법화사,제주특별자치도 서귀포시 하원북로35번길 15-28 법화사,309943,12,indoor,indoor:박물관,A02,A0201,A02010800,역사관광지,고궁,사찰,126.4580035612,33.2652385684,"법화사는 수정사와 함께 제주의 비보사찰(裨補寺刹)로써, 대한불교조계종 제23교구 본사 관음사의 말사이다. 건립 시기에 대해서는 고려 시대, 길게는 통일신라 시대까지도 올라간다는 주장이 있다. 고려 후기 몽골의 제주 지배기에 법화사는 더 중시되었다. 
제주대학교 박물관 주도로 1992년부터 이루어진 발굴 조사에서 발굴된 기와에는 법화사가 원의지원 6년(1269년)에 처음 중창을 시작해 16년(1279년)에 중창을 마쳤다는 것을 확인할 수 있었다. 충혜왕 때 제주로 유배된 승려 혜일이 법화사를 들러 시를 지었으며 조선 초기까지 법화사에 배속된 노비가 280명이었을 정도로 큰 절이었으나 조선 후기 이후 법화사는 폐사되었다. 
법화사는 천년 사찰의 역사적 가치와 더불어 사찰 경내가 아름다워 제주 도민들에게서 입소문이 나면서 타지에서 온 관광객들도 사찰 내의 구품연지에 우아한 연꽃과 더불어 배롱나무의 아름다운 자태와 더불어 부석사 무량수전 양식의 구화루가 이루어 내는 풍경은 불자가 아니라도 절집의 아름다움에 동의한다니 제주에서 이색 체험지로 추천한다. 법화사는 제주특별자치도 기념물로 지정 보호되고 있다."
법환포구,제주특별자치도 서귀포시 법환동,2738728,12,outdoor,indoor:식당/카페 | outdoor:공원/섬,A01,A0101,A01011400,자연관광지,국립공원,항구/포구,126.5157102960,33.2372286829,"법환포구는 ‘막숙개’라고도 불리는데 ‘막숙’은 고려 말 최영 장군이 이곳에 막사를 치고 군사들의 숙소로 사용하여 적군을 물리쳤다는 데에서 유래했다. 제주 올레 7코스에 속해 있어 도보 여행객들이 주변의 경치를 감상하기에 좋다. 이곳에서 바다 위에 범섬, 섶섬, 문섬, 새섬을 한눈에 볼 수 있다. 해녀 조각상이 설치된 ‘잠녀 광장’이 조성되어 있고, 낚시를 즐기는 사람들의 모습도 볼 수 있어 바다와 자연스럽게 조화된 제주만의 아름다운 분위기를 느낄 수 있다. 제주도의 다른 포구들과 마찬가지로 용천수가 남아 있는데, 깨끗하고 맑은 물을 보는 것만으로도 시원함을 선사한다. 주변에는 게스트하우스나 카페, 식당 등 다양한 편의시설이 있어, 여행객들이 더욱 여유롭고 편하게 서귀포 바다의 경치를 만끽할 수 있다."
벙커하우스,제주특별자치도 서귀포시 막숙포로41번길 66 (법환동),2859187,39,indoor,indoor:실내/음식점/카페 | outdoor:섬,A05,A0502,A05020900,음식점,한식,카페/전통찻집,126.5192349174,33.2404894900,"벙커하우스는 제주 서귀포시 법환포구 인근, 범섬이 한눈에 내려다보이는 바닷가에 위치한 감성적인 카페이다. 벙커하우스는 이름 그대로 전체 건물이 반원형 벙커 형태로 독특하게 설계되어 있으며, 외관부터 내부까지 시선을 사로잡는 독특한 분위기를 자랑한다. 넓고 탁 트인 실내 공간은 유리창을 통해 제주의 푸른 바다를 마주하며 여유로운 시간을 보낼 수 있도록 구성되어 있다. 이곳의 인기 메뉴로는 고소하고 달콤한 풍미가 일품인 벙커 크림 땅콩라떼, 부드럽고 진한 크림 바닐라라떼, 상큼함이 살아있는 수제 블루베리라떼 등이 있으며, 그 외에도 다양한 커피와 음료 메뉴가 준비되어 있다. 카페 외부와 내부 모두 바다를 배경으로 한 멋진 풍경이 펼쳐지기 때문에 사진을 남기는 사람들이 많다. 바다와 어우러진 독특한 공간과 분위기, 감성적인 메뉴가 어우러진 벙커하우스는 쉼과 감성을 함께 선사하는 카페이다."
베릿네오름,제주특별자치도 서귀포시 중문동 2314-2,2796715,12,mixed,outdoor:계곡/공원/산/섬/오름 | mixed:관광단지,A01,A0101,A01010400,자연관광지,국립공원,산,126.4220098576,33.2474788502,"베릿네 오름은 중문 관광단지의 천제연 계곡 동쪽에 있는 언덕 일대를 말하는 오름이다. 세 봉우리로 이루어져 각각 동오름, 섯오름, 만지섬오름으로 나누어 불린다. 울창한 숲이 있어 식물학적 측면에서도 귀중한 가치를 지니는 오름이다. 이곳은 특정 야생동물·식물로 지정된 솔잎난과 담팔수 등 희귀 식물이 살고 있다. 천연기념물 제182-7호로 지정되어 보호받고 있는 이유이다. 올레길 8코스가 지나가는 길이어서 관광객의 발길이 이어지고 있으며, 빼어난 경치를 감상하며 가볍게 걷기에 좋은 산책로다."
베메로 (BAKE MAKE ROAST),제주특별자치도 서귀포시 중문관광로72번길 29-9 신우성타운 라동,2860731,39,indoor,indoor:베이커리/숙박/음식점/카페/호텔 | mixed:관광단지,A05,A0502,A05020900,음식점,한식,카페/전통찻집,126.4111246414,33.2496534392,베메로는 중문관광단지 내 롯데호텔 버스정류장 옆에 있다. 카페세렌디에서 베이크(Bake) 메이크(Make) 로스트(Roast) 라는 의미를 담아 새롭게 베메로로 바뀌었으며 이름에 나와 있는 것처럼 베이커리 카페이자 로스터리 카페이다. 커피는 매장에서 직접 로스팅하며 핸드드립과 에스프레소를 즐길 수 있고 베이커리 파트에서는 베이글이 주메뉴다. 이른 시간에 오픈하므로 관광단지 내 숙박하는 여행자들이 아침 식사하기 좋다.
베이힐풀앤빌라,제주특별자치도 서귀포시 예래로 424 (하예동),2755497,32,indoor,indoor:숙박/카페/호텔 | outdoor:산/야외 | mixed:복합,B02,B0201,B02010500,숙박시설,관광호텔,콘도미니엄,126.3727699336,33.2362876436,"베이힐풀앤빌라는 제주 서귀포시 하예동 남쪽에 위치한 고급 풀 빌라다. 호텔동 한 동과 9개의 빌라동이 있으며 각각의 객실은 독특한 콘셉트로 디자인되어 있다. 전 객실은 바다 전망으로, 넓은 창을 통해 제주도 남쪽의 푸른 바다를 조망할 수 있는 것이 베이힐의 가장 큰 매력이다. 특히 객실 내 전용 자쿠지와 야외 공용 수영장은 일상의 긴장과 여행의 피로를 풀 수 있는 최적의 휴식 공간이다. 또한 제주 남쪽 마라도, 가파도 그리고 송악산을 아우르는 뛰어난 바다 전망과 함께 제주에서 가장 아름다운 석양을 품은 곳에 자리 잡은 아름다운 건축물 나니아는, 레스토랑 & 카페, 와인, 스파, 야외웨딩을 한 건물에서 즐길 수 있는 복합 힐링 공간이다."
베카신,제주특별자치도 제주시 우진오름길 144 1층,2899599,39,indoor,indoor:베이커리/음식점/카페 | outdoor:산/오름/휴양림,A05,A0502,A05020900,음식점,한식,카페/전통찻집,126.7102243865,33.4649816279,"베카신은 제주시 조천읍 선흘리, 우진제비오름 산책로 입구에 있는 베이커리 전문점이다. 케이크 맛집으로 유명하며 구움 과자, 빵, 파이 등 모양새도 예쁜 빵들을 판매한다. 이와 함께 아트북, 와인, 수입 식료품, 그로서리, 그릇, 인센스 등을 판매하고 가끔 원데이 클래스도 운영한다. 빵지 순례 맛집으로 소문이 나서 일찍 소진되는 편으로 오픈런을 추천한다. 주변 여행지로 거문오름, 제주교래자연휴양림, 에코랜드 등이 있다."
베케,제주특별자치도 서귀포시 효돈로 54 (신효동),2850113,39,indoor,indoor:음식점/카페 | outdoor:산/정원,A05,A0502,A05020900,음식점,한식,카페/전통찻집,126.6049853373,33.2619829233,"베케는 서귀포 효돈동 월라봉 아래에 있다. 회색빛 노출 콘크리트 건물과 초록의 정원이 조화를 이루는 카페로 전면 유리창을 통해 정원을 감상하게 꾸며져 있다. 외부 공간에는 군데군데 커피를 마실 수 있는 테이블이 마련되어 있고, 산책하며 사진 찍을 만한 포토존도 잘 꾸며져 있다.
베케는 쟁기로 농사짓던 시절 밭을 일구다 나온 돌을 쌓아놓은 돌무더기를 뜻하는 제주어이다. 주차장이 넓어 자동차 이용 시 주차가 편하다. 근처 여행지로 쇠소깍이 있다."
벤티모 호텔 앤 레지던스 제주,제주특별자치도 제주시 연삼로 14 (연동),2718006,32,indoor,indoor:센터/숙박/호텔 | outdoor:야외,B02,B0201,B02010100,숙박시설,관광호텔,관광호텔,126.4937564282,33.4934583510,"바람의 이동, 바람처럼 자유로운 여행을 함축하는 벤티모는 친환경 스마트 호텔로 예약, 체크인 아웃 등의 서비스를 자동객실관리시스템을 통해 보다 편리하게 이용이 가능하다. 또한 모든 호텔 객실은 친환경 어메니티와 구스다운 침구를 포함한 객실 환경으로 조성되었으며 , 제주도의 아름다운 바다와 공항 전망을 갖춘 오션뷰 객실 또한 보유하고 있다. 최신장비로 구성된 피트니스센터 , 워시룸 , 미팅룸을 보유하고 있어 편하게 이용이 가능하다. 제주공항에서 가까운 거리에 위치하고 있어 접근도 용이하다. 또한, 기계식 주차장과 야외주차장을 보유하고 있으며, 호텔 방문 시 주차 직원이 안내를 돕고 있다."
벵가스테이,제주특별자치도 서귀포시 성산읍 일주동로4120번길 23-20,1882274,12,mixed,indoor:리조트/숙박/식당/실내/카페 | outdoor:산/전망대/정원/해변 | mixed:관광단지,A02,A0202,A02020200,역사관광지,관광단지,관광단지,126.9100849593,33.4594882342,"제주 서귀포시 성산읍 일주동로에 위치한 벵가스테이는 성산일출봉을 배경으로 한 아름다운 숙박시설이다. 다양한 타입의 150개 객실과 정원, 수영장을 비롯해 실내어린이놀이터, 세미나실, 미팅룸, 식당 및 카페 등의 부대시설을 갖췄다. 본관 4층에는 일출전망대가 있어 투숙객 모두가 이곳에서 바다일출을 감사할 수 있다. 리조트는 본관과 별관, 신관의 세 동으로 구성되며 총 10가지 유형의 객실을 보유하고 있다. 객실에 따라 최소 2인부터 최대 6인까지 지낼 수 있으며 양실과 한실 중 선택이 가능하다. 전 객실에서 취사는 금지되어 있지만 냉장고, 전기포트, 전자레인지가 구비되어 있다. 주변 관광지로는 성산일출봉, 섭지코지, 아쿠아플라넷, 우도, 종달리해변, 광치기해변, 성읍민속마을 등이 있으며 공항으로부터 승용차로 약 50분이 소요된다."
별도봉,제주특별자치도 제주시 화북일동,1069292,12,outdoor,indoor:박물관 | outdoor:공원/산/오름/해수욕장/해안,A01,A0101,A01010400,자연관광지,국립공원,산,126.5531117946,33.5192286663,"별도봉은 화북악이라고 부르는 곳으로 제주항과 제주 앞바다가 한눈에 내려다보이는 오름이다. 별도봉은 화산 쇄설성(碎屑性) 퇴적암과 용암으로 이루어진 기생화산으로 화북일동의 동쪽 해안에 자리하고 있다. 정상봉에서 북측 사면의 등성이가 바다 쪽으로 뻗은 벼랑이 있다. 벼랑 밑 해안단에는 고래굴과 아기 업은 돌이라 불리는 기암이 있다. 낮은 산이지만 해안 절벽을 끼고 조성된 장수산책로가 있으며 연인과 가족들이 많이 찾는다. 주변에 국립제주박물관, 민속자연사박물관 등 제주의 역사와 문화를 소개한 박물관들이 있으며, 삼양해수욕장, 용담포구 등 제주의 푸른 바다를 즐길 수 있는 관광지들이 있어 연계관광으로도 좋다."
별돈별 정원본점,제주특별자치도 제주시 한경면 고산로8길 21-15,2854041,39,indoor,indoor:식당/음식점 | outdoor:산/정원/해안,A05,A0502,A05020100,음식점,한식,한식,126.1800961663,33.3088766061,"별돈별은 제주 한경면 고산초등학교 근처에 자리 잡은 매력적인 흑돼지 전문 식당으로, 신선한 재료와 아름다운 풍경이 조화를 이루는 곳이다. 이곳의 대표 메뉴는 ‘물결 흑돼지 오겹살’로, 제주산 흑돼지를 연탄불에 은은하게 구워내 육즙을 가득 머금은 부드럽고 깊은 맛이 일품이다. 적당한 두께감과 촉촉한 식감이 조화를 이루어 많은 미식가들의 사랑을 받고 있다. 넓고 아늑한 정원이 마련되어 있어 식사 전후로 산책을 즐기기에도 좋고, 특히 해 질 무렵 붉게 물드는 노을 풍경은 사진 찍기 좋은 명소로 유명하다. 인근에는 당산봉, 자구내포구, 수월봉, 엉알해안 같은 아름다운 제주 명소들이 위치해 있어 식사 전후로 여행 코스로 연계하기에도 안성맞춤이다."
별방진,제주특별자치도 제주시 구좌읍 하도리 3354 (구좌읍),128796,12,unknown,,A02,A0201,A02010200,역사관광지,고궁,성,126.8843912035,33.5262082208,"별방성은 1973년 4월 13일에 제주도 기념물로 지정되어 보호되고 있다. 별방성에 대해 '신증동국여지승람' 제주목 관방조에는 ‘별방성은 돌로 쌓았는데 둘레가 2,390자이고 높이는 7자이다. 중종 5년(1510)에 장림 목사가 이 땅이 우도(牛島)로 왜선이 가까이 댈 수 있는 곳이라 하여 성을 쌓고 김녕방호소를 이곳으로 옮기어 별방(別防)이라 이름하였다.’라고 하였고, 김상헌의 '남사록'에는 ‘별방성은 동·서·남에 세문이 있고 성 안에는 우물이 있으나 맛이 짜다. 지명은 옛날에 하도의탄리라 하였다.’라고 하였으며 ‘탐라지'에는 ‘북성에 대변청이 있고 중앙에는 객사(客舍), 별창(別倉), 군기고(軍器庫)가 있다.’라고 하였다. 박천형의 서계(書啓) 내용에는 ‘동쪽과 북쪽이 바다에 임하였고 성 안은 화북이나 조천에 비해 조금 넓으며 동·서·남에 세문과 성안에 두 우물이 있으나 포구의 공간이 몹시 좁고 뾰족 나온 돌모서리가 창 같이 날카로워 배를 정박할 수가 없다. 횃불을 비치해 경보하는 것이 좋을 듯하며 성을 설치하여 방어하는 데에는 적합한 곳이 아닌 듯하다.’라고 하였다. 헌종 14년(1848)에 장인식 목사가 이를 중수하였다.

◎ 한류의 매력을 만나는 여행 정보 - <부라보콘CF>
조선시대의 성곽에  ‘부’씨로 구성된 밴드와 함께 부승관이 올랐다. 제주를 개국했다는 고 씨, 양 씨, 부 씨 세 성씨 중 하나인 부 씨이다. 별방진이 위치한 제주도 구좌읍 하도리는 부 씨의 집성촌이다. 승관의 고향 제주에서도 의미 있는 지역이다. 별방진은 유채꽃 명소로, 이른 봄 노란 유채꽃과 어우러지는 검은 돌의 성곽이 매력적이다."
별헤는밤글램핑,제주특별자치도 제주시 애월읍 광상로 348,2752761,28,outdoor,outdoor:레포츠/캠핑/해변/해안,A03,A0302,A03021700,레포츠소개,수련시설,"야영장,오토캠핑장",126.3965576779,33.4433012497,"별헤는밤글램핑은 애월읍 유수암리 해발 200m에 위치해 있다. 5개 동의 글램핑과, 2개 동의 카라반 구성으로 되어 있으며 가까운 곳에 제주공항, 곽지해변, 협재해변, 이호테우 해변이 있고 해안도로를 따라 대형마트도 이용할 수 있다. 제주 서부권의 유명 여행지를 잇는 교통요지에 위치해 있어 캠핑과 관광을 동시에 즐길 수 있다. 카라반 내부는 침대를 비롯해 TV, 에어컨, 냉장고, 테이블, 소파가 있고 주방용품도 잘 갖춰 놓았다. 화장실과 샤워실도 내부에 있으며 넓은 공간을 자랑하는 돔 형태의 글램핑에는 침대, 에어컨, TV, 화장실, 샤워실 등이 있다. 아침이면 캠핑장 내 휴게실에서 조식을 무료로 제공해 주는 것도 장점이다. 밤이면 별이 쏟아지는 광경을 육안으로 감상할 수 있고 한치 잡이 배의 불빛과 밤바다를 마음껏 즐길 수 있다."
볕이드는곳벧디,제주특별자치도 제주시 은수길 65,2892239,39,indoor,indoor:시장/실내/음식점/카페 | outdoor:수목원/정원/해안,A05,A0502,A05020900,음식점,한식,카페/전통찻집,126.4871991809,33.4706857673,"볕이드는곳벧디는 제주시 한라수목원 근처에 있다. '벧디'는 볕이 잘 드는 곳이라는 뜻의 제주말로 오후 3시에서 5시 사이에 볕이 잘 드는 카페이다. 반려견 벧디와 버터가 있으며 정원에는 나무와 포토존이 있고 이를 실내에서 바라볼 수 있다. 다양한 브런치 메뉴와 케이크류, 커피, 에이드를 판매하며 반려견 동반이 가능하고 수목원길야시장을 함께 운영하고 있다. 주변 여행지로 한라수목원, 무지개 해안도로, 도두봉 등이 있다."
보덕사(제주),제주특별자치도 제주시 독짓골8길 26,315926,12,unknown,,A02,A0201,A02010800,역사관광지,고궁,사찰,126.5324919902,33.4917036061,"보덕사는 대한불교조계종 제23교구 본사 관음사의 말사로, 1943년 초가에 18평의 법당을 지음으로써 창건되었다. 보덕사 대웅전에는 창건 당시 안봉려관이 해남 대흥사에서 모셔온 17세기의 목조여래좌상이 안치되어 있다. 이 불상은 문화재 자료로 가치를 인정받아 제주특별자치도 문화재자료로 지정되었고 전체 높이가 66cm로 큰 규모에 속한다. 근대 제주불교 중흥기에 선봉 스님이 각 사찰마다 모시고 다니면서 그곳 불사에 힘을 실어주었다는 일화로 유명하다. 보덕사 경내에는 1992년에 석조 지장보살상을 봉안하였는데, 이로써 지장도량으로 거듭나며 중생제도에 앞장서고 있다. 제주 불교 중흥의 맥을 면면히 이어오고 있는 보덕사는 현재에도 소원성취를 기원하는 많은 불자들의 귀의처로 끊임없는 발길이 이어지고 있다."
보롬왓,제주특별자치도 서귀포시 번영로 2350-104,2714659,12,indoor,indoor:카페,A02,A0204,A02040800,역사관광지,발전소,기타,126.7525080052,33.4135241052,"보롬왓은 서귀포 표선면에 위치한 농장으로, 바람이 부는 밭이라는 뜻의 제주 방언이다. 밭이라는 명칭이 있는 만큼 청보리, 메밀 등 밭작물을 만날 수 있으며, 튤립, 유채꽃, 수국, 라벤더 등 아름다운 꽃들도 만나볼 수 있다. 꽃뿐만 아니라 닭, 소, 양, 염소 등 다양한 동물도 볼 수 있어 아이들과 함께 방문하기에도 좋다. 보롬왓 농장 내부에 있는 카페는 식물들을 감상하며 차를 마시며 여유를 즐길 수 있다."
보림사(제주),제주특별자치도 제주시 사라봉동길 61,316058,12,outdoor,indoor:박물관 | outdoor:산/오름,A02,A0201,A02010800,역사관광지,고궁,사찰,126.5462929822,33.5175093027,"보림사는 1957년에 창건되었으며 제주 사라봉 입구에 자리 잡고 있다. 절에는 대웅전, 법당, 천왕문, 보림사 부도, 보림사 탑 등이 있다. 특히 2002년 5월 15일 제주도 유형문화유산으로 지정된 목조관음보살좌상이 보림사 본존불로 봉안되어 있는데, 전라남도 순천 선암사에서 조선 후기에 제작된 불상으로 보림사 창건 당시 제주로 옮겨 온 것이다. 보림사는 제주 오름인 사라봉 초입에 있어서 불교 신자뿐만 아니라 제주도민과 관광객이 자주 찾는 곳이다. 보림사 사찰 주변에는 칠머리당영등굿 전수관, 모충사, 우당도서관, 국립제주박물관 등이 있어 제주도 여행길에 함께 둘러보는 것도 좋다."
보목포구,제주특별자치도 서귀포시 보목포로 46 (보목동),2738742,12,outdoor,indoor:몰 | outdoor:공원/산/섬,A01,A0101,A01011400,자연관광지,국립공원,항구/포구,126.6067745830,33.2392465705,"보목포구는 제주의 유명한 계절 음식인 자리물회가 유명한 곳이다. 자리돔이 제철인 매년 5월이 되면 보목포구에서 자리돔 축제가 열리기도 한다. 포구의 뒤쪽으로는 제주의 상징인 한라산이 병풍처럼 든든히 서있고, 앞바다에는 문섬과 섶섬이 떠있어 해가 질 때는 바다 위로 떨어지는 아름다운 일몰을 볼 수 있기도 하다. 보목포구는 계단길 포토존으로 유명하다. 보목포구 내에 위치한 보목해녀의 집에서 우측으로 가다 보면 작은 틈 사이가 있는데, 이곳에 바다로 향하는 계단길이 있다. 이곳이 SNS에서 유명세를 타고 있는 포토스폿이다. 푸른 바다와 하늘을 배경으로 사진을 찍을 수 있다. 다만, 만조 시간을 잘 확인하고 가야 한다."
보물섬펜션,제주특별자치도 서귀포시 성산읍 한도로242번길 10-11,733540,32,indoor,indoor:숙박/펜션/호텔 | outdoor:산/섬/야외,B02,B0201,B02010700,숙박시설,관광호텔,펜션,126.9317051480,33.4664517038,"제주도 서귀포에 있는 보물섬펜션은 제주올레길 1코스 성산일출봉에 위치한 아름다운 펜션이다. 여름이면 보물섬 내 해수풀장에서 일출봉과 바다를 배경으로 물놀이를 즐길 수 있다. 하얀색 비치 테이블과 비치 벤치 등이 서로 어우러져 남국의 이색적인 정취를 만끽할 수 있다. 8평, 10평, 17평, 19평형 객실 총 20개가 있고 부대 시설로 야외 바비큐장이 있다. SBS 드라마 <올인> 촬영지인 섭지코지가 근처에 있으며 차량으로 약 10분 거리에 제주아쿠아플라넷이 있다. 주변 가볼 만한 곳은 성산일출봉, 우도항, 제주올레길 1코스, 오조마을이 있다."
보성시장,제주특별자치도 제주시 동광로1길 32,992309,38,outdoor,indoor:쇼핑/시장/식당 | outdoor:산,A04,A0401,A04010200,쇼핑,5일장,상설시장,126.5279698982,33.5032716982,"제주 원도심 속에 있는 보성시장은 1972년에 개설되어, 50여 년 동안 자리를 지켜온 전통시장이다. 특유의 정감 가는 분위기로 제주시 상인들의 삶을 엿볼 수 있는 곳이다. 보성시장은 식당가와 정육, 수산물, 건어물, 빵집, 떡집, 수선집 등 다양한 종류의 점포가 들어서 있다. 장터에서 빠질 수 없는 먹거리도 풍성하다. 보성시장 최고의 먹거리는 제주식 전통 순대이다. 식당이 밀집해 있는 상가 내에는 대부분 순대를 전문으로 하는 식당이 주를 이루어 자연스레 순대 골목이 형성되었다. 제주식 전통 순대로, 식당 모두 각자 다른 특색을 보유하였으며 순대국밥, 모둠 순대, 순대 국수 등 다양한 순대 요리를 맛볼 수 있다."
복신미륵,제주특별자치도 제주시 동한두기길 7-6 (용담일동),129403,12,unknown,,A02,A0201,A02010700,역사관광지,고궁,유적지/사적지,126.5154401529,33.5155645816,"제주의 복신미륵은 한 쌍의 미륵으로 조선시대에 쌓은 제주성을 중심으로 동쪽에 있는 것은 동자복, 서쪽에 있는 것은 서자복이라고 한다.
동자복은 만수사 옛터인 민가 안에 자리하고 있으며, 마을의 평안과 여러 활동의 안전을 기원하는 석불로, 집안의 제액, 육아에 효험이 있다고 하여 제를 올렸으며, 제주성의 동쪽에서 성안을 수호하는 기능도 하였다.
서자복은 용화사 안에 자리하고 있으며 옛날 제주성의 서쪽에서 성 안을 수호하는 기능을 하였다 한다. 돌모자를 쓰고 있으며, 인자하게 내려다보는 눈, 우뚝한 코, 지그시 다문 입, 커다란 귀 등에서 자비로운 모습을 보여준다. 곁에는 남근을 상징하는 동자상이 서 있는데, 여기에 걸터앉아 치성을 드리면 아들을 낳는다고 믿고 있다. 매년 음력 2월 15일과 11월 15일이면 미륵을 위한 불공이 법당 안에서 행하여진다. 정확한 제작 시기는 알 수 없지만 고려시대로 추정하며, 고을을 수호하고 아들 낳기를 바라는 민간신앙과 불교의 결합을 보여주는 예이다."
복자씨연탄구이,제주특별자치도 서귀포시 성산읍 해맞이해안로 2764,2758837,39,indoor,indoor:식당/음식점/카페 | outdoor:산,A05,A0502,A05020100,음식점,한식,한식,126.9197672298,33.4692039841,복자씨 연탄구이는 탁 트인 제주 바다를 감상하며 제주 근고기를 맛볼 수 있는 식당이다. 대표 메뉴인 흑돼지 근고기는 목살과 오겹살을 섞어 600g 기준으로 제공되며 직원들이 연탄불에 직접 구워주니 어떻게 구우면 맛있을지 고민할 필요가 없다. 육즙 가득 쫀득쫀득 탱탱하게 구워진 고기를 다 먹을 즈음 입가심으로 먹을 수 있는 김치찌개에도 돼지고기가 듬뿍 들어간다. 새콤하고 시원한 열무김치 국수는 입안의 기름기를 산뜻하게 씻어준다. 2층의 고객 전용 무료카페에서는 식사 후 커피 한잔 마시기에도 좋고 웨이팅이 있을 때 편하게 앉아서 기다리기에도 좋은 공간이다.
본카페,제주특별자치도 제주시 애월읍 애월해안로 179,3065203,39,indoor,indoor:음식점/카페 | outdoor:공원/해변/해수욕장/해안,A05,A0502,A05020900,음식점,한식,카페/전통찻집,126.3320877343,33.4678141833,"애월항 인근 애월해안로에 있는 본 카페는 바다가 보이는 자리에서 커피를 마시며 여유를 즐길 수 있는 카페이다. 반려동물과 함께 바다를 배경으로 사진을 찍을 수 있는 포토존이 있다. 2층 건물의 내부는 편안한 좌석과 인테리어로 구성되어 있고, 주전부리와 기념품, 장난감 등을 진열하여 판매하고 있다. 대표메뉴는 눈과 입을 즐겁게 해주는 더블망고스무디이고 우도땅콩라떼와 청귤에이드도 인기 있다. 또, 다쿠아즈, 스콘 조각 케이크 등 다양한 디저트가 준비되어 있다. 카페 주변에는 애월항, 애월방파제, 애월한담공원, 한담해변, 곽지해수욕장, 제주올레길16코스 등 많은 관광지가 있다."
본태박물관,제주특별자치도 서귀포시 안덕면 산록남로762번길 69 (안덕면),1798082,14,mixed,indoor:박물관/전시 | mixed:복합,A02,A0206,A02060100,역사관광지,박물관,박물관,126.3919251089,33.3033416520,"본태박물관은 ‘본래의 모습’이라는 의미를 담고 있다. 이름의 뜻 그대로 오랜 세월의 흔적에 가려져 있던 문화 본연의 모습을 탐색하는 아름다운 문화 공간이 되고자 설립되었다. 건축계의 노벨상인 프리츠커상을 수상한 건축가 안도 다다오가 설계한 본태박물관은 그의 트레이드마크인 노출콘크리트에 빛과 물을 건축 요소로 끌어들여 건축과 주변과의 조화를 고려하는 안도 다다오의 건축 철학이 담겨 있다. ‘제주도 대지에 순응하는 전통과 현대’를 컨셉으로 설계를 진행하였으며, 박물관을 두 개의 공간으로 나누어 전통공예품과 현대 미술품을 위한 전시 공간으로 구성했다. 또한, 본태박물관은 아름다운 우리의 전통 공예품과 피카소, 쿠사마 야요이, 백남준, 로버트 인디애나 등 세계적인 작가들의 현대 미술품을 통해 새로운 미래가치를 탐색하고자 하며, 전시뿐 아니라 자선사업, 교육, 세미나, 강연 등 다양한 활동을 펼치고 있는 복합문화공간이다. 사람과 사람, 자연과 건축, 전통과 현대, 세계와 한국이 서로 만나 아름다움으로 한국문화 정체성을 정립하고 세계인의 감성을 움직여, 보다 윤택하고 풍요로운 우리의 미래를 가꾸어 보고자 한다."
볼스카페,제주특별자치도 서귀포시 일주서로 626 (회수동),2851090,39,indoor,indoor:실내/음식점/카페,A05,A0502,A05020900,음식점,한식,카페/전통찻집,126.4424940592,33.2534285165,"볼스카페는 제주 서귀포시 중문동, 중문고등학교 근처에 위치한 감성적인 카페로, 제주도의 오래된 귤 창고를 개조해 만든 독특한 공간이다. 겉에서 보면 빈티지한 외관이 눈길을 끌고, 카페 앞쪽에는 넓은 공터가 펼쳐져 있어 탁 트인 개방감을 느낄 수 있다. 내부로 들어서면 높은 천장에서 자연광이 부드럽게 쏟아져 들어오며, 실내 곳곳에 배치된 다양한 식물들과 플랜테리어 요소들이 어우러져 따뜻하고 생기 있는 분위기를 자아낸다.  이색적인 분위기의 인테리어와 조화로운 색감 덕분에 사진 찍기에도 좋다. 볼스카페의 메뉴는 하늘색 민트라떼 위에 크림이 올라간 볼스라떼와 그 외에도 진한 풍미의 제주 그린티 라떼, 향긋한 얼그레이 밀크티, 제주 제철 과일로 만든 생과일 주스, 무더운 날씨에 잘 어울리는 빙수 등 다양한 음료와 디저트가 준비되어 있어 입맛에 따라 골라 즐길 수 있다."
봉성식당,제주특별자치도 제주시 봉성로 66,2852023,39,indoor,indoor:식당/음식점 | outdoor:산/해수욕장,A05,A0502,A05020100,음식점,한식,한식,126.3126266402,33.4187193119,"봉성식당은 제주시 애월읍 봉성리 어도초등학교 근처에 있는 돼지고기 구이집이다. 수많은 연예인들이 다녀갔고 축구 스타 손흥민 선수도 먹고 갈 만큼 유명한 맛집이다, 고기는 흑돼지와 백돼지의 목살과 오겹살을 판매하고 제주산 생고사리와 함께 구워 먹는 것이 별미다. 고사리는 추가 시 별도의 요금을 받는다. 얼음 띄워 나오는 열무국수와 얼큰한 김치찌개도 맛있다. 근처 여행지로 곽지해수욕장이 있다."
봉순이네흑돼지,제주특별자치도 서귀포시 대정읍 영어도시로 64,2756099,39,indoor,indoor:음식점 | outdoor:야외/정원,A05,A0502,A05020100,음식점,한식,한식,126.2795632114,33.2778093738,"제주 서귀포에 위치한 봉순이네 흑돼지는 개방된 넓은 정원의 야외 테이블들 옆으로 싱그러운 귤나무들이 있어 초록 가득한 분위기에서 식사를 즐길 수 있는 것이 특징이다. 맛은 물론 친절한 서비스에 분위기까지 삼박자 모두 갖춘 봉순이네 흑돼지구이는 실제 맛본 후  고개가 절로 끄덕여지는 맛 덕분에 재방문하는 손님들이 많으며 찌개 맛도 훌륭해 함께 사랑받는 메뉴이다. 나영석 PD의 단골 음식점으로 유명해 대기시간이 긴 편이니 예약하고 방문하는 것을 추천한다. 주변 관광지로는 제주 곶자왈과 카멜리아힐, 오설록티뮤지엄 등이 있다."
봉주르마담,제주특별자치도 서귀포시 대청로 33 (강정동),2871913,39,indoor,indoor:베이커리/음식점/카페 | mixed:월드,A05,A0502,A05020900,음식점,한식,카페/전통찻집,126.5033360199,33.2527962138,"봉주르마담은 제주 월드컵경기장 근처 주택가에 자리 잡고 있는 프랑스 스타일의 베이커리다. 유기농 밀가루, 유기농 생크림, 유기농 버터 등의 재료만을 사용해 건강하고 깊은 풍미의 빵을 만든다. 이곳의 대표 메뉴로는 밀푀유 앙버터, 앙버터 프레즐, 빵스위스, 그리고 촉촉한 포르투갈식 에그타르트가 있다. 다양한 빵 외에도 마담치즈케이크, 당근케이크와 같은 디저트류도 준비되어 있다. 또한 카페라떼, 바닐라빈 라떼 등 커피 음료도 함께 판매하고 있어 빵과 디저트, 음료를 한 번에 즐길 수 있는 점이 큰 매력이다. 워낙 종류가 다양해 개인의 취향에 맞게 골라 즐길 수 있다."
부두식당 / (주)부두식당,제주특별자치도 서귀포시 대정읍 하모항구로 62,2758848,39,indoor,indoor:식당/음식점 | outdoor:산,A05,A0502,A05020100,음식점,한식,한식,126.2510586602,33.2188543277,"식당 대표가 직접 운영하는 배에서 잡아 올린 싱싱한 생선회와 해산물들을 푸짐하게 먹을 수 있는 모슬포항의 대표 향토 음식 전문점이다. 45년 전통의 대물림 맛집으로 현지에서도 유명하고, 각종 전파를 타 유명인들에게도 인기가 있다. 주메뉴는 대방어 회이며 고등어, 다금바리, 줄돔, 참돔, 잡어 등을 회로 즐길 수 있다. 그 외에도 여러 스페셜과 세트 메뉴는 회뿐만 아니라 튀김, 구이, 탕 등 바다를 느낄 수 있는 다양한 맛을 즐길 수 있어 제주를 맛보고 싶은 관광객에게 손꼽히는 식당 중 한 곳이다. 점심에는 미역국, 갈칫국, 회덮밥 등의 단품 메뉴도 맛볼 수 있어 가벼운 식사를 즐기고 싶은 사람들이 찾기에도 좋다."
부부요리단,제주특별자치도 서귀포시 월드컵로 63 (법환동) 1층,3444948,39,indoor,indoor:식당/음식점/호텔 | mixed:월드,A05,A0502,A05020100,음식점,한식,한식,126.5059832166,33.2437000371,"부부요리단은 제주특별자치도 서귀포시 월드컵로 63에 위치한 일식 전문점이다. 
이곳은 롯데호텔 일식당 출신의 셰프 부부가 운영하는 곳으로, 일본 가정식 요리를 선보인다. 
대표 메뉴로는 삼단 정식과 장어덮밥이 있으며, 삼단 정식은 다양한 반찬과 일본식 영양밥인 고모쿠고항으로 구성되어 있다. 
또한, 부드러운 차완무시와 꽃게 된장국 등도 제공되어 정갈한 일본 가정식의 맛을 느낄 수 있다. 
예약제로 운영되므로 방문 전 예약이 필요하다."
부온,제주특별자치도 제주시 구남동2길 26,2899586,39,indoor,indoor:식당/음식점 | outdoor:산,A05,A0502,A05020300,음식점,한식,일식,126.5352862427,33.4894650097,"부온은 소바, 연어, 튀김을 메인으로 하는 일식당이다. 가쓰오부시와 간장류들로 48시간 동안 끓여내는 육수와 매일 아침 작업하는 생연어, 그리고 주문과 동시에 바로 조리된다. 슬로우 푸드를 지향하여 20분쯤 느긋하게 기다리는 것을 각오해야 하지만 맛집으로 소문나 있다. 튀김류는 주문이 밀릴 시 20~30분 정도 소요된다. 겨울의 대표메뉴는 싱상한 국내산 굴이 들어간 굴이 들어간 온소바이다. 기본 냉소바 위에 연어 5점이 올라간 연어 소바, 유부가 올려진 깔끔한 유부 소바, 항정살 돼지고기와 대파, 마늘을 특제 소스에 볶아내 불맛이 가득한 대파항성살소바, 부온의 노하우로 싱싱하고 야들야들한 연어가 올려진 연어덮밥 등의 다양한 메뉴가 있다."
부촌,제주특별자치도 서귀포시 동류암로 33,2847894,39,indoor,indoor:식당/음식점 | outdoor:산/해변,A05,A0502,A05020100,음식점,한식,한식,126.9169512735,33.4489783952,"부촌 식당은 제주 성산 광치기해변 근처에 있다. 구옥을 개조하여 운영하는 식당으로 갈치조림이나 고등어구이를 1인 메뉴로 주문할 수 있어 올레꾼이나 혼자 여행자들에게 인기가 많으며, 6~8가지 가정식 밑반찬과 함께 상차림이 푸짐하여 가족 여행자들도 많이 찾는 가성비 식당이다. 근처 여행지로 성산일출봉 광치기해변, 섭지코지 등이 있다."
북촌리 4·3길,제주특별자치도 제주시 조천읍 북촌3길 3,2661523,12,outdoor,indoor:기념관 | outdoor:공원/해변,A01,A0101,A01010500,자연관광지,국립공원,자연생태관광지,126.6886966222,33.5460528680,북촌리는 조천읍 동쪽 끝에 자리 잡은 해변마을이다. 이 마을은 일제강점기에는 항일운동이 많았고 해방 후에는 자치 조직이 매우 활성화되었던 곳이다. 1949년 1월 17일 세계사적으로 유래를 찾아볼 수 없는 대규모 민간인학살이 북촌리에서 자행됐다. 북촌마을은 주민 3백여명이 희생당하는 등 제주 4·3사건 최대의 피해마을 중 하나이다. 마을에서는 4·3사건 당시 제주도민이 겪은 통한의 역사에 공감하고 인권과 평화의 소중함을 알리고자 역사 교육 현장으로서 북촌리 4·3길을 조성했다. 북촌리 4·3길의 출발·도착지점인 너븐숭이 4·3기념관에서 4·3길 무료 해설을 신청할 수 있다.
불란지야시장,제주특별자치도 서귀포시 중문상로17번길 4 (중문동),2791430,38,indoor,indoor:쇼핑/시장/식당/실내 | outdoor:야외,A04,A0401,A04010200,쇼핑,5일장,상설시장,126.4240207301,33.2503257899,"불란지 야시장은 중문 오일장 초입에 자리하고 있는 곳이다. 불란지는 반딧불이의 제주 사투리로, 중문에 어둠이 깔릴 때 불이 켜진다. 싱싱한 활어회부터 파전, 토스트, 두루치기에 고기 국수까지, 가격과 입맛에 따라 음식을 골라 먹을 수 있는 재미가 있는 곳이다. 야시장에는 8개 정도의 식당이 모여 있는데, 실내보다는 야외 공간이 특히 인기 있다. 마음에 드는 야외 테이블에 자리 잡고 먹고 싶은 음식들을 각 식당에 주문한 뒤 먹으면 된다."
불탑사(제주),제주특별자치도 제주시 원당로16길 41 (삼양일동),317558,12,unknown,,A02,A0201,A02010800,역사관광지,고궁,사찰,126.5978743444,33.5291588377,"불탑사는 제주시 삼양동에 위치한 사찰로 대한불교조계종 제23교구 관음사의 말사이다. 불탑사는 원당봉 기슭에 자리하고 있다. 불탑사의 원찰인 원당사는 고려 말 제주도의 3대 사찰 중 하나였다. 1948년에 발생한 제주 4.3 사건 당시 사찰 대부분이 파손되었으며 1953년에 재건했다. 이후 여러 차례의 보수와 확장 작업을 거쳐 오늘에 이른다. 현재 경내에는 대웅전, 요사채, 종각, 천왕문 등이 있으며 특히 이곳에 보존된 오층석탑은 제주도 유일의 고려시대 석탑으로 1993년 11월 보물로 지정되었다."
붉은오름자연휴양림,제주특별자치도 서귀포시 표선면 남조로 1487-73,1898484,12,outdoor,indoor:센터/숙박 | outdoor:공원/산/숲길/오름/캠핑,A01,A0101,A01010600,자연관광지,국립공원,자연휴양림,126.6742707606,33.3952748674,"붉은오름자연휴양림은 자연을 전혀 훼손하지 않은 자연 그대로의 휴양림이다. 제주시와 서귀포시를 잇는 남조로에 접해 있어 대중교통으로 접근하기 쉽고, 휴양림 내부 대부분이 경사가 완만한 평지라서 남녀노소 모두 안전하게 자연을 느낄 수 있다. 주변에 붉은오름, 물찻오름, 가문이오름이 자리 잡고 있어 다양한 생태계를 보여준다. 온대, 난대, 한 대수종등 식물군을 다양하게 보유하고 있고, 수령 50년 이상의 삼나무림과 해송림, 천연림이 분포하고 있어 산림욕을 즐기기 좋은 장소이다. 봄에는 철쭉, 여름에는 시원한 녹음의 숲, 가을에는 아름다운 단풍, 겨울에는 설경을 볼 수 있는 자연휴양림이라 할 수 있다. 붉은오름자연휴양림 탐방코스는 붉은오름 정상으로 가는 붉은오름 등산로, 말찾오름과 이어지는 해맞이 숲길, 제주 상잣성을 감상할 수 있는 상잣성 숲길 그리고 노인, 어린이 등 남녀노소 모두가 안전하게 숲체험 할 수 있는 무장애 나눔 숲길이 있다. 휴양림 내에는 숙박시설인 숲 속의 집, 오토캠핑장을 비롯해 산림문화휴양관, 생태연못, 산림욕장, 잔디광장, 세미나실, 방문자센터, 다양한 산책로 등의 다양한 시설이 있다."
뷰 제주하늘,제주특별자치도 서귀포시 성산읍 서성일로 397,3031492,28,outdoor,outdoor:레포츠/산/오름/해변,A03,A0302,A03021100,레포츠소개,수련시설,승마,126.8328232752,33.4131171085,"제주도 성산읍에 위치한 뷰제주하늘 승마장은 승마와 오름트래킹을 동시에 즐길 수 있는 곳이다. 제주도 하면 빼놓을 수 없는 곳이 바로 오름인데 경쾌한 말발굽 소리, 바람을 가르며 나시리오름을 끼고 정상까지 오르막과 내리막을 즐기며 승마할 수 있다는 점이 큰 매력이다. 높이 164m의 작은 오름이지만 정상에서 우도와 지미봉, 성산일출봉, 서쪽에는 한라산과 영주산도 보인다. 따라서 저 멀리 풍력발전소가 돌아가고 우도와 성산일출봉까지 볼 수 있는 감탄이 절로 나오는 멋진 풍경을 오름승마체험을 하며 감상할 수 있다. 전문적인 강사와 잘 교육된 말과 함께 무료로 대여해 주는 조끼, 장갑, 모자를 착용하고 안전교육을 받고 승마체험을 할 수 있기 때문에 초보자도 부담 없이 체험 가능하다. 주변 관광지로는 성읍랜드, 성산 일출봉, 지미봉, 종달리 해변, 광치기 해변, 섭지코지, 우도, 아쿠아 플래넷 등이 있어서 서귀포 쪽 여행 일정을 짤 때 뷰제주하늘 승마장과 함께 방문을 고려하면 좋겠다."
뷰스트,제주특별자치도 서귀포시 안덕면 형제해안로 30,2859090,39,indoor,indoor:음식점/카페 | outdoor:산/섬/해변/해안,A05,A0502,A05020900,음식점,한식,카페/전통찻집,126.3034900221,33.2278069374,"뷰스트는 형제 해안도로 사계 해변 앞에 위치해 있다. 바다 쪽 액자창이 유명한 오션뷰 카페로 View the Best를 축약한 말 뜻처럼 아름다운 전망을 자랑한다. 바다가 보이는 창문은 곧 포토존이고, 이를 통해 제주 남쪽 바다, 형제섬이 보인다. 뷰스트의 대표 메뉴는 화산송이 라떼로 제주산 무농약 딸기로 만든 수제 딸기청과 크림이 듬뿍 들어가 고소하고 달콤하가. 이외에도 커피와 에이드 등 다양한 음료가 준비되어 있어 취향에 따라 고를 수 있다. 내부에는 편리한 좌석 제공을 위해 단체석의 예약도 받고 있다. 주변에 함께 둘러보기 좋은 여행지로는 산방산, 송악산, 사계해변, 용머리해안 등이 있다."
브릭216,제주특별자치도 서귀포시 이어도로 216 (대포동),2623014,32,indoor,indoor:숙박/호텔 | mixed:관광단지,B02,B0201,B02011100,숙박시설,관광호텔,게스트하우스,126.4434470348,33.2408771391,"BRICK 216은 중문 관광단지와 강정마을 사이에 위치한 전 객실 푸른 바다 전경을 즐길 수 있는 숙박업소다. 저렴한 가격으로 부담없이 휴식할 수 있으며, 깨끗하고 편안한 객실, 친절하고 완벽한 서비스를 제공한다."
블루마운틴4255,제주특별자치도 서귀포시 중산간동로 4255,2847876,39,indoor,indoor:음식점/카페/펜션 | outdoor:캠핑 | mixed:복합,A05,A0502,A05020900,음식점,한식,카페/전통찻집,126.8371930884,33.3804763385,"블루마운틴 4255는 제주 삼달리에 위치하고 있다. 넓은 좌석과 다양한 원두, 체험 프로그램이 있는 카페로 커피비누 체험, 바리스타 체험, 족욕 체험 등을 할 수 있다. 복합문화공간을 표방하여 캠핑장, 펜션, 음식점이 함께 있으며 발레교육과 같은 클래스도 운영 중이다. 카페 내부에는 다양한 그라인더, 커피 기구를 둘러볼 수 있고 동쪽 루프탑에서는 동쪽 바다의 풍광을 볼 수 있다."
블루메베이글,제주특별자치도 제주시 가령로4길 3,2899568,39,indoor,indoor:박물관/음식점/카페 | outdoor:산,A05,A0502,A05020900,음식점,한식,카페/전통찻집,126.5331112664,33.4967419470,"블루메베이글은 제주시 이도이동 주택가에 있는 베이글 전문점이다. 계란, 오일, 버터를 넣지 않고 베이글을 만들어 소화가 잘 되고 알레르기가 있는 사람, 칼로리가 걱정인 사람들이 부담 없이 즐기기 좋다. 제주산 우유를 매일 직접 끓여 수제 크림치즈를 만들고 다양한 베이글 샌드위치도 판매한다. 식약처 인증 위생등급 ‘매우 우수’ 음식점으로 베이글은 인터넷을 통해 주문할 수도 있다. 주변 여행지로 제주도 민속 자연사 박물관 등이 있다."
블루사이공,제주특별자치도 제주시 애월읍 중산간서로 6333,2852038,39,indoor,indoor:음식점,A05,A0502,A05020700,음식점,한식,이색음식점,126.4080008181,33.4570443540,"블루사이공은 제주 애월에 위치한 감각적인 베트남 음식 전문점으로, 현지의 생동감 넘치는 길거리 음식을 모티브로 삼아 독창적인 베트남 퓨전 요리를 선보이는 곳이다. 제주 바다와 어우러진 이국적인 분위기 속에서 다양한 베트남 음식을 맛볼 수 있어, 현지인뿐만 아니라 관광객들에게도 꾸준한 인기를 끌고 있다. 대표 인기 메뉴는 '반미'로, 바삭한 바게트 안에 신선한 재료를 풍성하게 채운 이 메뉴는 다시 찾게 될 만큼 매력적이다. 포크반미, 구운야채반미, 치킨반미 등 다양한 종류가 있어 개인의 취향에 맞게 선택할 수 있으며, 각각 특색 있는 소스와 풍미로 차별화된 맛을 자랑한다. 이 외에도 베트남식 쌀국수와 숯불에 구운 돼지고기를 곁들인 베트남식 밥 요리도 인기 있는 메뉴 중 하나이다."
블리스풀,제주특별자치도 제주시 애월읍 산록서로 383 1층,2892256,39,indoor,indoor:음식점/카페 | outdoor:오름/캠핑,A05,A0502,A05020900,음식점,한식,카페/전통찻집,126.4081908825,33.4040863279,"블리스풀은 유수암리 궷물오름 근처에 있다. 반려견 놀이터가 있는 카페로 놀이터의 경우 15㎏기준으로 중소형 견과 대형견 존이 나누어져 있다. 반려견 전용 의자가 있고 견주들을 위한 캠핑 의자, 나무의자, 소파 등 다양한 의자와 테이블과 식음료가 있다. 입장 수칙이 있어 이를 반드시 숙지해야 하며 반려견 목욕실, 비비레이광치료실도 예약하여 이용할 수 있다. 주변 여행지로 궷물오름, 큰녹고메오름, 족은녹고메오름 등이 있다."
비마이게스트,제주특별자치도 제주시 한림읍 한림로 406,2838079,39,indoor,indoor:음식점/카페 | outdoor:산/해변/해수욕장,A05,A0502,A05020900,음식점,한식,카페/전통찻집,126.2454968306,33.3979927727,"비마이게스트는 제주도 제주시 한림읍 협재 우체국 인근에 위치한 감성적인 카페 겸 브런치 레스토랑이다. 이곳은 여행자들에게 편리한 위치와 함께 맛있는 커피와 브런치 메뉴로 인기를 끌고 있다. 여름철 대표 메뉴로는 제주산 애플망고를 듬뿍 올린 애플망고빙수와 바삭한 크로플이 있으며, 시원한 디저트로 많은 사랑을 받고 있다. 브런치 메뉴로는 제주 흑돼지를 이용한 폴드포크 샌드위치와 하몽과 까망베르 치즈, 먹물빵이 어우러진 파니니 등 다양한 식사 대용 메뉴를 즐길 수 있다. 특히 디저트로는 부드럽고 폭신한 수플레 팬케이크와 달콤한 프렌치 토스트가 인기 있으며, 커피와 함께 즐기기 좋다. 가게 내부는 화이트와 우드 톤이 조화를 이루는 깔끔하고 따뜻한 분위기로, 아늑한 시간을 보내기에 알맞다. 근처에는 협재해수욕장과 금능해수욕장 같은 아름다운 해변이 있어 식사 후 여유롭게 산책하거나 여행 일정을 함께 구성하기에 좋은 장소이다."
비밀의 숲,제주특별자치도 제주시 구좌읍 송당리 2173,2779449,12,outdoor,outdoor:공원/산/숲길/오름,A01,A0101,A01010400,자연관광지,국립공원,산,126.7552818445,33.4537780343,"제주시 구좌읍에 있는 비밀의 숲은 SNS에서 포토존으로 유명해진 자연 숲길 명소다. 제주도의 유명 숲인 비자림, 사려니숲길과는 또 다른 매력을 지녔다. 희귀 편백나무 숲부터 넓은 초원, 돌담과 오두막 등 다채로운 구성과 제주도만의 감성을 담은 포토 스폿들이 있다. 특히 유채꽃과 핑크뮬리 등 사계절 아름다운 자연을 구경할 수 있다. 다만 사유지라 입장 전 촬영은 어려우며, 포장도로로 가기 위해서는 홈페이지에 안내된 주소를 참고해야 한다.

◎ 한류의 매력을 만나는 여행 정보 - <부라보콘CF> 
<부라보콘CF> 풀버전 첫 장면으로 부승관이 초록 숲을 느끼며 눈을 감았으며 앉아 있는 승관의 뒤로 밴드 멤버들이 폴짝 뛰어오르는 꽃밭도, 함께 산책하는 숲도 청량하다. 안돌오름 비밀의 숲은 이름 그대로 비밀스럽게 숨겨진 곳이다. 자연적인 숲엔 화장실조차 없지만 스냅사진을 찍으러 오는 사람들로 가득하다. 울창한 숲은 초지와 편백나무 숲으로 이어지며 곳곳엔 포토존이 있다. 특히 민트색 트레일러 앞은 촬영 필수 코스이니 사진을 찍어보길 추천한다."
비스타리조트,제주특별자치도 제주시 서해안로 74 (이호일동),2766781,12,mixed,indoor:리조트/센터/카페 | outdoor:정원/해수욕장/해안 | mixed:관광단지,A02,A0202,A02020200,역사관광지,관광단지,관광단지,126.4575954660,33.5030761554,"비스타 리조트는 이태리어원의 전망과 비전을 뜻하는 명사로 미래지향적 가치와 비전을 담은 설계와 건축물로 주변 환경과 조화를 이루며 모든 객실에서 통유리를 통하여 환상적인 제주 바다를 볼 수 있는 큰 장점이 있다. 제주공항 10분 거리에 있으며 이호테우 해수욕장, 도두동 무지개 해안도로와 가까워 여행하기 편리하다. 리조트 내 카페, 비즈니스 센터를 이용할 수 있으며 리조트 옥상에 하늘정원이 있어 바다 뷰를 바라보며 한가로운 풍경을 즐길 수 있다."
비양놀,제주특별자치도 제주시 한림읍 한림해안로 311,2862068,39,indoor,indoor:몰/음식점/카페 | outdoor:해수욕장/해안,A05,A0502,A05020900,음식점,한식,카페/전통찻집,126.2635167927,33.4290090665,"비양놀은 제주시 한림읍 해안로, 평수포구에 자리 잡은 감성적인 오션뷰 카페이다. 일몰 시간에는 붉게 물든 노을이 비양도 너머로 천천히 떨어지며 아름다운 모습으로 이 순간을 사진에 담기 위해 찾는 일몰 명소로도 유명하다. 카페 내부는 모던한 테이블과 의자, 그리고 엔틱한 가구와 그림들이 믹스매치되어 있어 독특한 분위기를 자아낸다. 시원하게 뚫린 중정은 높은 천장과 함께 탁 트인 개방감을 더해주며, 노출 콘크리트와 벽돌로 마감된 벽면, 그리고 나무 데크 바닥이 조화를 이루어 감각적인 인테리어를 완성한다. 카페 주변에는 제주체험마을, 한림항, 비양도, 협재해수욕장 등 제주의 대표 관광지들이 가까이 있어 여행 중 들르기에 좋은 위치에 있다."
비양도,제주특별자치도 제주시 한림읍 협재리,127529,12,outdoor,outdoor:공원/등대/산/섬/전망대,A01,A0101,A01011300,자연관광지,국립공원,섬,126.2257094042,33.4096328399,"비양도는 제주도 서쪽 한림읍에 위치한 섬이다. 제주의 화산체 중 가장 나중에 생긴 막내 섬으로, 면적은 0.5㎞으로 작으며, 2~3시간 정도이면 충분히 둘러볼 수 있다. 비양도 섬 중앙 비양봉 일대에 2개의 분석구가 있고, 섬의 북서쪽 해안에는 오래전에 사라진 분석구의 일부가 남아있다. 비양도의 해안은 대부분 용암으로 구성되어 있으며, 대형 화산탄과 애기업은돌이 대표적인 지질명소이다. 특히 화산탄은 10톤 규모의 초거대 크기로 직경이 5m에 달하며, 현재까지 제주도에서 발견된 화산탄 중에 가장 큰 규모이다. 
섬 안의 해안 도로를 따라 걷다 보면 기암괴석을 볼 수 있는데, ‘애기업은돌’과 ‘코끼리 바위’가 대표적이다. 또 뭍에서는 보기 드문, 바닷물로 된 염습지 ‘필랑못’이 있다. 바닷물이 드나들어 염분 변화가 큰 습지이다. 비양봉 전망대는 조금 더 오르면 하얀 등대가 있는데, 이곳에서 제주도 본 섬의 모습을 한눈에 볼 수 있다. 비양도에는 여러 포토 스폿이 있다. 쌓인 돌틈 사이의 비치는 바다나 길가의 뿔소라 껍데기가 예쁘게 칠해진 돌담길이나 비양도 여행길의 즐거움을 남길 곳이 다양하다. 
한림항에서 비양도를 들어가는 배를 탈 수 있는데, 현재는 하루에 4번 정도 들어오고 나가는 배편이 있고, 한림항에서 15분 정도면 비양도에 들어갈 수 있다. 자세한 시간표와 기상에 따른 스케줄이 다를 수 있기 때문에 방문 전 유선으로 확인하는 편이 좋다."
비양도선착장,제주특별자치도 제주시 한림읍 한림해안로 192,2799740,12,outdoor,outdoor:공원/등대/섬,A01,A0101,A01011400,자연관광지,국립공원,항구/포구,126.2625726517,33.4190907055,"제주의 또 다른 섬으로 불리는 비양도는 날아온 섬이라는 뜻을 가지고 있다. 우리나라에서 유일하게 탄생에 대한 역사적 문헌이 남아있다. 천년의 섬이라 불리는 비양도는 아름다운 자연경관과 무한한 관광자원을 가지고 있다. 비양도를 방문하기 위해서는 한림항에서 운행하는 천년호와 비양도호를 타야 한다. 2대의 배편이 오전 9시부터 약 오후 15시 30분까지 교대 운행 중이다. 한림항에서 배를 타고 15분 정도 타고 오면 비양도 선착장에 도착한다. 비양도에는 천연기념물로 지정된 호니토(천연기념물 제439호), 펄랑못 습지, 비양나무 자생지(제주도 기념물 제48호), 비양도 등대 등 다양한 관광명소를 둘러볼 수 있다."
비양봉,제주특별자치도 제주시 한림읍 협재리,1895633,12,outdoor,outdoor:공원/등대/산/섬/오름,A01,A0101,A01010400,자연관광지,국립공원,산,126.2271120833,33.4085746459,"비양봉은 한림읍 협재리 앞바다 비양도에 있는 기생화산이다. 비양도는 제주의 화산체 중 가장 나중에 생긴 막내 섬으로, 작은 섬이고 3시간 정도면 충분히 둘러볼 수 있는 규모다. 서기 1002년 6월에 산이 바다 한가운데에서 솟아 나왔는데, 산꼭대기에서 네 개의 구멍이 뚫리고 붉은 물이 닷새 만에 그쳐 그 물이 엉겨 모두 돌이 되었다고 기록한 것으로 보아, 이 시기 비양봉에서 어떤 화산활동이 있었던 것으로 추정한다. 섬 중앙에는 대형 분화구와 소형 분화구가 있으며, 대형 분화구 사면에 낮고 작은 2개의 분화구가 딸려 있다. 오름 주변 해안에서는 대형의 굴뚝형 분기공인 애기 업은 돌과 초대형 화산탄 모양의 베개용암 등의 수중용암들을 볼 수 있다. 보통 비양봉으로 통하나 주민들 사이에서 암메라고 불리기도 한다. 비양봉 정상을 향해 계단을 오르다 보면 비양봉 전망대가 나오며, 이곳에서는 제주의 푸른 바다와 시내를 한눈에 볼 수 있다. 또, 등대에서 보는 제주의 노을은 장관을 연출하며 사진 명소로도 유명하다."
비지곶식당,제주특별자치도 제주시 구좌읍 일주동로 3002,1861333,39,indoor,indoor:식당/음식점,A05,A0502,A05020100,음식점,한식,한식,126.8420753877,33.5280378892,"‘비지곶식당’은 평대리 사무소 앞에 있으며, 뼈다귀 해장국을 전문으로 하는 음식점이다. 단일 메뉴로 뼈다귀 해장국을 제공하며, 포장도 가능하다. 밑반찬은 콩나물무침과 깍두기, 절임마늘과 고추가 준비된다. 뼈다귀 해장국은 큼직한 뼈에 붙은 살코기의 양이 많고 부드러운 식감을 가졌다. 많은 양의 시래기가 들어 있어 국물은 진하고 시원하면서 담백한 맛이 일품이며, 지역주민뿐만 아니라 관광객들도 줄지어 방문하는 곳이다."
비체올린,제주특별자치도 제주시 한경면 판조로 253-6,2674014,12,mixed,outdoor:계곡/공원/산/정원 | mixed:복합/파크,A02,A0203,A02030400,역사관광지,농.산.어촌 체험,이색체험,126.2182391712,33.3494560488,"자연 위에 조성했다는 의미의 ‘햇빛에 올려 놓은’ 이란 뜻인 비체올린은 제주시 서쪽 중산간에 위치한 가족 놀이공원이다. 카약 뿐만 아니라 전국 최초의 드리프트 전용 카트를 체험할 수 있는 ‘트라익 파크’ 뿐만 아니라 5월에서 7월 사이에는 능소화, 수국, 버베나로 대표되는 여름꽃&능소화 축제가 열리고  겨울에는 애기동백과 홍매화가 시선을 강탈한다. 소소한 재미가 있는 미로 공원 및 곶자왈 숲속 산책 등 여유로움과 액티비티를 동시에 즐길 수 있는 복합적인 테마공원이다.
비체올린의 또 다른 자랑인 공원은 1㎞에 이르는 넉넉한 능소화 정원을 자랑하며 초여름에는 능소화 축제와 함께 수국, 버베나 등 다양한 꽃들이 아름다운 풍경을 연출한다. 여름 꽃들이 제공하는 아름다움은 말로 표현하기 어려울 정도이다. 바다나 계곡이 아닌 제주의 자연에서 느낄 수 있는 힐링 체험은 동행자와 함께 정글을 걷다 강을 건넌 듯한 기분을 느낄 수 있으며 공원 산책은 더욱 특별한 경험을 선사한다. 항상 새로움을 추구하는 비체올린은 자주 변화를 주기 때문에 방문객들은 매년 이곳을 찾아 기대와 궁금증을 가지며 새로운 경험을 누릴 수 있다.

(출처 : 비짓제주)"
비치스토리호텔,제주특별자치도 제주시 조천읍 조함해안로 492-5,139008,32,indoor,indoor:숙박/카페/호텔 | outdoor:산/해수욕장/해안,B02,B0201,B02010100,숙박시설,관광호텔,관광호텔,126.6654098459,33.5421529255,"비치스토리호텔은 함덕해수욕장 앞에 위치하여 제주의 바다를 매순간 누릴 수 있다. 객실은 트윈, 더블, 온돌로 구성되었고 깔끔하게 관리된다. 호텔 앞 조함해안로에서 해안 경치를 감상하며 드라이브를 즐기기에 좋고, 서우봉과 제주올레길 19코스를 산책하기에도 좋다. 근처에 유명한 카페델문도가 있다."
비케이브,제주특별자치도 제주시 동백로 122,2829786,39,indoor,indoor:음식점/카페,A05,A0502,A05020900,음식점,한식,카페/전통찻집,126.7200169877,33.5083825400,"제주시 선흘리에 위치한 비케이브는 다양한 아이돌의 뮤직비디오와 드라마, 영화 등의 촬영장소가 되었던 카페이다. 7천여 평의 시즌별 넓은 꽃밭과 숲 속의 오두막 아지트, 그네 등으로 예쁜 사진 찍을 수 있는 포토존이 가득한 카페이다. 스냅촬영과 웨딩촬영 장소로도 알려져있다. 손님들의 예쁜사진, 인생사진을 위해 바람개비와 풍선, 화관, 삼각대 등도 준비되어 있다. 메뉴는 직접 양봉한 벌꿀과 꽃가루화분, 상하목장 아이스크림등 건강한 재료로 만드는 아이스크림 라떼와 수제요구르트 등 꿀을 이용한 음료 메뉴가 있어 취향에 맞게 선택해 즐길 수 있다."
빛의 벙커,제주특별자치도 서귀포시 성산읍 서성일로1168번길 89-17,2931892,14,indoor,indoor:몰/박물관/시장/전시/전시관,A02,A0206,A02060300,역사관광지,박물관,전시관,117.9925662504,19.6944274800,"옛 국가 기간통신시설이던 오래된 벙커가 2012년 민간에 매각돼 ‘빛의 벙커’로 태어났다. 빛의 벙커는 예술과 기술, 미술과 음악이 융합된 문화 재생 콘셉트의 몰입형 미디어아트 프로젝트다. 구스타프 클림트, 빈센트 반 고흐 같은 거장의 작품을 프로젝션 매핑 기술로 구현하여 관람객에게 예술에 대한 새로운 접근과 감상 방식을 제시한다. 몰입형 미디어아트는 시각을 넘어 공감각적으로 예술에 몰입하는 경험을 제공함으로써 다양한 예술작품을 쉽게 이해하고 감상할 수 있도록 돕는다. 속도감 있게 전개되는 영상에 더해지는 웅장한 음악도 몰입형 미디어아트에 없어서는 안 될 존재다. 버려진 공간을 전시장으로 꾸며 도시재생의 기능도 수행한다. 한 편의 영화 같은 영상에서 작가의 삶과 작품 세계를 찬찬히 읽어내는 재미가 있다."
빛의 섬 루미버스,제주특별자치도 서귀포시 표선면 민속해안로 631-34,3491457,12,mixed,indoor:몰 | outdoor:공원/섬 | mixed:관광단지/민속촌/테마파크/파크,A02,A0202,A02020600,역사관광지,관광단지,테마공원,126.8431022619,33.3213162956,"빛의섬 루미버스(Lumiverse: Island of Light)는 제주 민속촌을 배경으로 탄생한 로컬힙(Local-Hip) 컬쳐테인먼트 야간테마파크로, 제주 창조신화와 설화 속 인물들을 모티브로 한 캐릭터들과 퍼레이드, 대형 멀티미디어쇼가 어우러진 환상적인 야간 콘텐츠이다. 루미버스는 빛(Lumi)과 우주(Universe)의 합성어로, 신비로운 신화의 세계를 빛과 예술로 재해석한 브랜드이다. 관람객들은 제주도 전설의 수호신 슈퍼할망 마고를 중심으로, 7명의 제주 수호자 캐릭터들과 함께 이야기가 살아 숨 쉬는 테마존을 여행하게 된다. 이번 테마파크는 총 7개의 ‘빛의 테마존’으로 구성되어 있으며, 각 존은 캐릭터의 상징성과 제주 신화의 세계관을 바탕으로 조성되었다. 각 공간은 조명 예술, 사운드, 스토리텔링이 결합된 몰입형 야간 콘텐츠로, 관람객은 루미버스 속 신화적 여정을 직접 체험하며 감각적으로 즐길 수 있다."
빠우사 (PAUSA),제주특별자치도 제주시 선교로 539,2902750,39,indoor,indoor:센터/음식점/카페 | outdoor:산,A05,A0502,A05020900,음식점,한식,카페/전통찻집,126.7115883188,33.4578990991,빠우사는 제주시 조천읍 제주 세계 자연유산센터 근처에 있는 요가 카페이다. 그림을 그리는 만다라 명상과 요가를 함께 진행하는 컬러 요가 클래스를 하는 공간이며 카페를 함께 운영하고 있다. 카페와 요가 공간은 분리되어 있고 모든 식음료는 비건 메뉴이고 요가 클래스를 체험할 경우 1잔의 음료를 제공한다. 빠우사(PAUSA)는 이탈리아어로 나의 몸과 마음을 위한 일시정지라는 뜻을 가지고 있다.
뿌리와열매,제주특별자치도 제주시 중산간동로 2255,2902758,39,indoor,indoor:음식점/카페 | outdoor:산/오름,A05,A0502,A05020200,음식점,한식,서양식,126.7838706179,33.4718264992,"뿌리와 열매는 제주시 구좌읍 송당 사거리 버스정류장 옆에 있는 브런치 카페이다. 제주산 농산물을 사용한 메뉴를 제공하며 밀가루가 전혀 들어가지 않는 감자 피자와 무농약 당근 100% 착즙 주스와 저온 무압력 추출 더덕 주스 등이 대표 메뉴이다. 신선하고 건강한  비건 브런치 레스토랑으로 알려져 있으며 더덕 효소액, 감귤꽃귤, 귤말랭이 등 친환경 가공식품도 판매한다. 제주 텀블러 대여 프로그램 푸른 컵 제휴업체이며 주변 여행지로 비자림, 아부오름, 안돌오름 등이 있다."
쁠랑뜨,제주특별자치도 제주시 1100로 2977-15,2902776,39,indoor,indoor:미술관/음식점/카페,A05,A0502,A05020900,음식점,한식,카페/전통찻집,126.4855025099,33.4528293831,"쁠랑뜨는 제주시 노형동 1100 도로 도립미술관 앞에 있는 브런치 카페이다. 쁠랑뜨는 불어로 ‘화초, 식물’이란 뜻으로 이름처럼 플랜트 & 플라워 카페를 겸하고 있다. 따스한 인테리어와 자연친화적인 분위기의 카페로 대표 메뉴는 스무디로 쁠랑뜨 클렌즈 스무디, 스무디 보울 등 메뉴가 있다. 그릴 샌드위치 수프 세트, 샐러드 수프세트 등 건강한 브런치를 제공하고 쁠랑뜨 클렌즈 스무디는 구매도 가능하다."
사계의시간,제주특별자치도 서귀포시 사계남로 214,2847791,39,indoor,indoor:음식점,A05,A0502,A05020300,음식점,한식,일식,126.3089977789,33.2322454224,"사계의시간은 제주 사계항 인근에 위치한 장어덮밥 전문점이다. 하루 50인분만 판매하는 장어덮밥 맛집으로 재료 소진 시에는 영업을 마친다. 메뉴는 장어덮밥과 장어구이, 이 두 가지만 판매한다. 흰밥 위에 달짝지근하게 카라멜 라이징된 양파, 그 위에 부드러운 장어구이가 도시락에 담겨 나오는 메뉴로 여행자에게 인기가 많다."
사계해변,제주특별자치도 서귀포시 안덕면 사계리 2147-35,2715650,12,outdoor,indoor:카페 | outdoor:공원/산/섬/해변/해수욕장,A01,A0101,A01011200,자연관광지,국립공원,해수욕장,126.3084395842,33.2282014158,"사계란 해안변을 따라 형성된 깨끗한 모래와 푸른 물이 어우러지는 명사 벽계를 일컫는 말이다. 사계해변은 산방산 바로 아래쪽에 위치한 작고 한적한 해변으로 해수욕은 할 수 없다. 올레길 10코스 구간을 따라 걷다 보면 사계해변에서 산방산과 한라산, 그리고 용머리해안까지 한눈에 담아 볼 수 있다. 사계해변은 그 특유한 한적한 분위기뿐만 아니라, 주변의 유명한 관광지가 많아 이름이 더 널리 알려졌다. 사계해변은 우리나라에서 가장 남쪽에 위치한 해변이기도 하며 간조 때만 볼 수 있는 독특한  화산석과 바위층들이 눈길을 끈다. 이런 바위들에 생긴 독특한 구멍들을 마린 포트홀이라 하는데 마치 외계행성이나 달의 분화구처럼 생겼다고 표현하기도 한다. 이 바위 지형은 화산폭발로 형성된 장소이며 바람과 파도에 의해 만들어진 크고 작은 구멍이 제주를 찾는 관광객들에게 매우 이국적이고 인상적인 곳으로 소문이 나 있다. 낚시꾼들 사이에서는 제주 남서부 연안의 감성돔 낚시터로 손꼽히는 곳으로 사계해변 인근 사계포구에서 어선을 빌려 형제섬으로 출조하는 낚시꾼들이 많다. 인근 마을은 한적한 곳이긴 하나 곳곳에 작은 카페들이 있어 잠시 머물러 가기에도 좋다."
사라봉,제주특별자치도 제주시 사라봉동길 61 (건입동),1069144,12,outdoor,outdoor:공원/산/오름,A01,A0101,A01010400,자연관광지,국립공원,산,126.5461513246,33.5176259547,"사라봉은 제주항 동쪽으로 바닷가를 접해 위치한 오름이다. 고운 비단을 뜻하는 사라봉은 제주에서 가장 아름다운 열 곳을 선정한 영주십경 중 사봉낙조에 해당하는 오름이다. 사봉낙조는 사라봉에서 지는 붉은 노을을 의미하며, 사라봉 정상에 올라 노을로 붉게 물든 바다를 볼 수 있다. 정상에 오르면 북쪽으로는 파란 바다, 남쪽으로는 웅장한 한라산을 볼 수 있고 발아래로 제주 시내의 모습이 보여 막힘없이 펼쳐진 낮의 풍경도 아름답다. 오름의 형태는 북서쪽으로 벌어진 말굽형 화구로서 붉은 송이로 구성된 기생 화산이고 전체적으로 소나무가 가득하다. 사라봉 남쪽에는 모충사가 있고 동쪽에는 별도봉이 연봉을 이루고 있으며, 산 일대는 공원으로 지정되어 있다. 공원 내에는 팔각정과 의병 항쟁 기념탑이 있고 체력단련시설과 음수대, 화장실 등의 편의시설이 잘 갖추어져 있어 관광객뿐만 아니라 도민들도 자주 방문하는 오름이다."
사라봉(모충사) 의병항쟁기념탑,제주특별자치도 제주시 사라봉길 75,127055,12,outdoor,outdoor:공원/산/전망대,A02,A0205,A02050200,역사관광지,다리/대교,기념탑/기념비/전망대,126.5470457247,33.5161733522,"제주항 위로 보이는 사라봉에 오르면 제주성내를 한눈에 굽어볼 수 있다. 남으로 한라산, 북으로 끝없이 펼쳐진 푸른빛 제주바다, 어느 방향으로나 조망이 아름다운 이 봉우리 아래에 제주 의병 항쟁 기념탑이 서 있다. 1909년 2월 25일 의병장 고사훈 등 10 명의 구국지사들이 발의하여, 1909년 3월 3일을 기해 관덕정 광장에 집결, 일본 관리를 축출하고 국권을 회복하고자 했으나 비밀이 탄로 나 실패로 끝나버린 제주 의병 운동을 기념하기 위해 세워졌다. 모충사 내에 하늘을 찌를 듯 우뚝 솟은 의병항쟁탑 앞에 서면, 일본 침략에 항거한 제주도민의 주체적 항쟁의지가 가슴에 와닿는다. 아래에 2기의 탑이 더 있는데, 하나는 1919년 7월 독립군 군자금 모금사건으로 체포되어 1920년 4월 대구형무소에서 옥사한 조봉호 순국 지사의 기념비이고, 또 하나는 1700년대 말, 제주도 구휼에 앞장섰던 김만덕 할머니의 추모비이다.

김만덕 할머니 (1739 ∼1812)는 가난한 선비의 딸로 태어나 40대에 이르러 큰 부자가 되었다. 1792년경 제주도에 큰 흉년이 들어 약 18,000명이 굶어 죽었는데 김만덕 할머니는 그때까지 번 돈으로 육지에서 식량을 사 와 사람들에게 나눠주었다. 할머니가 자식도 없이 74세로 죽자 나라에서는 벼슬을 내렸다. 추사 김정희는 그녀의 묘비에 찬양하는 글을 남겼으며, 당시 영의정 채제공은 전기를 기록하였다. 사라봉 공원 내에는 그의 묘비와 만덕관이 있다. 매년 한라문화제 때에는 모충사에서 의녀 김만덕 할머니를 기리는 ‘만덕제’가 거행되며 이때 제주도 일원에서 사회봉사에 공헌한 여성을 선정해 만덕봉사상을 수여하고 있다. 세 개의 탑 주위는 향나무, 소나무, 동백나무, 종려나무 등, 다양한 수종으로 아름답게 꾸며져 있어 사라봉과 함께 제주 시민의 소중한 휴식 공간으로 이용되고 있다."
사라봉공원,제주특별자치도 제주시 사라봉길 75 (건입동),126454,12,mixed,indoor:몰 | outdoor:공원/산/오름 | mixed:관광단지,A02,A0202,A02020700,역사관광지,관광단지,공원,126.5462013564,33.5160372422,"사라봉 공원은 제주시 동문로터리에서 있는 낮은 동산이다. 사라봉 전체를 공원으로 조성하여 제주 시민들의 산책이나 운동 장소로 이용될 뿐만 아니라, 사라봉을 오르는 관광객들에게도 오름을 오르는 즐거움을 더하고 있다.  사봉낙조는 사라봉에서 바라보는 해넘이를 말하는데, 이곳에서 볼 수 있는 사봉낙조는 영주(제주도의 옛 명칭) 12경의 하나로 성산일출과 대조가 될만하다. 북쪽으로는 바다를 끼고 남쪽으로는 한라산을 바라보고 있는 이곳은 제주시민은 물론 관광객도 즐겨 찾는다. 사라봉입구 버스 정류장에서 공원으로 가는 길에 모충사가 있고 사라봉 동쪽에는 패러글라이딩 활공장이 있는 별도봉이 들어앉았다. 기슭에 우당도서관이 있는데 이곳에서 부터 사라봉 뒤편을 돌아 제주항을 거친 다음 탑동까지 가는 코스는 이름난 드라이브 코스이다.  오후에 운동 겸 산책겸 사라봉을 오르면서 바다로 지는 일몰도 감상하고, 시내에 하나 둘 들어오는 불빛을 바라보면, 자연과 도시의 아름다움을 한번에 느낄 수 있다. 도시의 불빛 뿐만 아니라, 항구 쪽에서 밝혀지는 불빛들은 바닷가에서만 만날 수 있는 또 다른 아름다움을 선사한다."
사라오름,제주특별자치도 서귀포시 남원읍 신례리 산 2-1,1215292,12,outdoor,outdoor:공원/산/오름,A01,A0101,A01010400,자연관광지,국립공원,산,126.6050441353,33.3642521899,"한라산 고지대의 백록담 성판악 등반코스 남측에 자리한 오름으로, 서귀포시 남원읍과 제주시 조천읍의 군계에 걸쳐져 있다. 오름분화구에 물이 고여있는 몇 안 되는 산정 화구호를 갖고 있는 오름이다. 제일 높은 표고에 위치한 산정화구호이며 화구호는 접시 모양으로 그리 깊지는 않다. 장마철에 이곳을 찾으면 분화구 가득 물을 품고 있는 신비로운 사라오름을 만나볼 수 있다. 물이 많이 차올라 데크가 잠기면 신발을 벗고 바지를 걷어 올려 건너야 할 정도다. 고지 1300m의 꽁꽁 언 호수와 설록의 모습 또한 장관이어서 많은 등산 마니아들이 찾는다. 이 산정 화구호 주변은 2011년 10월 13일 명승으로 지정받았다."
사랑분식,제주특별자치도 제주시 동문로4길 12 (일도일동),2870910,39,indoor,indoor:시장/음식점,A05,A0502,A05020100,음식점,한식,한식,126.5278585879,33.5124928981,"사랑분식은 동문공설시장 내에 자리잡은 분식점이다. 주민 맛집이지만 항상 대기가 있을 정도로 인기있는 곳이다. 대표 메뉴는 사랑식으로 떡볶이 안에 김밥이 들어있는 메뉴이다. 가성비 좋은 맛집으로도 유명하여, 다양하게 주문해 든든하게 먹을 수 있다. 월요일부터 수요일까지는 휴무이고 목요일부터 일요일까지만 영업한다. 재료 소신 시에 조기 마감할 수 있다. 음식에 특별히 멋을 내지 않은 학교 앞 분식집, 시장 음식 맛을 느낄 수 있어 옛날 분식맛을 느끼고 싶은 사람들이 찾는 곳이다. 주변에 함께 둘러보기 좋은 여행지로 관덕정, 제주 원도심 등이 있다."
사려니숲길,제주특별자치도 서귀포시 표선면 가시리 붉은오름 입구,2414827,28,outdoor,outdoor:레포츠/숲길/오름,A03,A0302,A03022700,레포츠소개,수련시설,트래킹,126.6792869086,33.3989689837,"사려니숲길은 제주의 숨은 비경 31곳 중 하나로, 비자림로를 시작으로 물찻오름과 사려니 오름을 거쳐가는 삼나무가 우거진 숲길이다. 사려니오름까지 이어지는 숲길이기 때문에 사려니숲길이라고 불린다. ‘사려니’는 신성한 숲 혹은 ‘실 따위를 흩어지지 않게 동그랗게 포개어 감다’라는 뜻으로 숲길을 거닐면 상쾌한 삼나무 향에 포개진 듯한 느낌을 받을 수 있다. 빽빽한 삼나무뿐만 아니라 졸참나무, 서어나무, 때죽나무, 편백나무 등 다양한 수종이 서식하고 있다. 다양한 수종이 서식하기 때문에 오소리와 제주족제비를 비롯한 포유류, 팔색조와 참매를 비롯한 조류, 쇠살모사를 비롯한 파충류 등의 보금자리가 되기도 한다. 사려니숲길은 본래 숲의 모습이 많이 훼손되지 않아 트래킹을 좋아하는 여행자들이 즐겨 찾는다. 지난 2002년 유네스코가 지정한 제주 생물권 보전지역이기도 하다. 숲보호를 위해 자연휴식년제로 물찻오름은 탐방을 제한했었으나 한시적으로 이곳을 개방하는 ‘사려니숲 에코힐링(Eco-Healing)’ 행사가 열리기도 했다."
사수항,제주특별자치도 제주시 서해안로 319 (도두이동),2794667,12,outdoor,indoor:몰/카페 | outdoor:공원/등대/해안,A01,A0101,A01011400,자연관광지,국립공원,항구/포구,126.4795239664,33.5096313338,"사수항은 제주 국제공항 바로 뒤편에 있는 작은 항이다. 항구의 역할보다는 아름다운 일몰과 카페거리 등 인근 관광지로 더 유명하다. 사수항을 지나는 해안도로를 따라가다 보면 말 모양의 등대가 있는 이호테우 등대와 무지개 해안도로를 만날 수 있다. 근처에는 제주만의 독특한 감성이 묻어나는 카페들이 즐비한 카페거리가 있어 함께 들러보기 좋다. 특히 일몰이 매우 아름다우며, 로맨틱한 분위기를 연출한다."
사일리커피,제주특별자치도 서귀포시 대정읍 최남단해안로 412,2790670,39,indoor,indoor:베이커리/음식점/카페 | outdoor:산/해변,A05,A0502,A05020900,음식점,한식,카페/전통찻집,126.2757874827,33.2001734425,"송악산, 가파도, 마라도, 산방산을 동시에 전망할 수 있는 사일리커피는 제주도 최남단에 있다. 탁 트인 곳에 자리 잡아 제주 바다를 한눈에 담을 수 있어서 한번 와봤던 사람들은 잊지 못하고 다시 찾는 곳이다. 이곳의 시그니처 메뉴 중 하나인 샤벳 에이드와 샤일리 시나브로는 음료에 솜사탕, 레몬 퓌레를 넣으면 색이 변해 이색적인 맛과 재미를 주어 인기가 많다. 커피뿐 아니라 에이드, 라떼, 베이커리 등을 판매하여 아이와 함께 오기도 좋다. 테라스로 나가면 하모 방파제와 검은 현무암을 볼 수 있는 해변이 있어 커피도 마시고 제주 해변도 거닐 수 있다."
산굼부리,제주특별자치도 제주시 조천읍 비자림로 768,126474,12,outdoor,outdoor:공원/산,A01,A0101,A01010400,자연관광지,국립공원,산,126.6928183084,33.4323127375,"산굼부리는 천연기념물로 둘레가 2㎞가 넘는 화구이다. 제주도에는 360여 개의 기생화산이 분포되어 있지만 이곳 산굼부리를 제외한 다른 화산은 모두 대접을 엎어놓은 듯한 분화구의 형태이고, 산굼부리 분화구만은 제주도에서 유일하게 용암이나 화산재의 분출 없이 폭발이 일어나 그곳에 있던 암석을 날려 그 구멍만이 남게 된 것이다. 이러한 화산을 마르(Maar)라고 부르는데 한국에는 하나밖에 없는 세계적으로도 아주 희귀한 화산이다.

특히, 산굼부리 밑바닥에는 틈이 많아서 물이 모두 스며들기 때문에 이 화구 안에는 식물의 생태계가 특이하게 분포되어 있다. 분화구의 내부높이에 따라 온대와 난대지역이 형성되어 있고 태양이 비치는 일사량과 일조시간에 따라 다양한 분포를 이루고 있다. 즉, 햇볕이 잘 드는 북쪽벼랑은 난대지역을 이뤄서 붉가시나무를 비롯해서 후박나무, 구실잣밤나무, 센달나무 등 상록활엽수군이 형성되어 있으며, 그 아래층에는 금새우란과 같은 희귀 식물과 자금우, 겨울딸기 등이 분포되어 있다. 또한, 햇볕이 잘 들지 않는 남쪽벼랑에는 북쪽과는 판이한 분포를 이루는 상수리나무를 비롯하여 졸창나무, 산딸나무, 단풍나무, 곰솔등 온대성낙엽수 군락이 진을 치고 있다.

뿐만 아니라, 다른 곳에서는 보기 힘든 왕쥐똥나무군락을 비롯해서 상산 군락, 제주조릿대군락, 복수초군락, 변산바람꽃군락등이 매우 화려하고 완벽하게 보존되어 있음은 학술적으로도 연구 가치가 매우 높게 평가되고 있다. 그리고 노루와 오소리 등의 포유류를 비롯하여 조류, 파충류 등 야생동물들의 서식처로도 유명하다. 봄에는 분화구 밑바닥에서 구름이 형성돼서 위로 올라가는 모양이 신비에 가까우며, 쑥부쟁이를 비롯한 무룻과 용담, 물매화 등 천연색 꽃과 더불어 이 산굼부리에는 일 년 사시사철 관광객들에게 신비와 아름다움을 보여준다."
산방굴사(제주),제주특별자치도 서귀포시 안덕면 산방로 218-12,126457,12,outdoor,outdoor:산/섬/오름/해안,A02,A0201,A02010800,역사관광지,고궁,사찰,126.3133472902,33.2372560486,"온통 절벽으로 이루어진 산방산 중턱에 영주 10경 중의 하나이며 명승인 산방굴사가 자리하고 있다. 안덕면 사계리에 있는 산방산(395m)은 유동성이 적은 조면암질 안산암으로 이루어진 전형적인 종상화산이다. 제주의 많은 오름들과는 달리 정상부에 분화구가 없다. 형성 시기는 대략 70∼80만 년 이전이며 산 중턱에 방이 있어서 산방산이다. 
해발 150m에 있는 이 방은 해식동굴인데 여기를 산방굴이라 부르며 맨 안쪽에 불상을 모시고, 예로부터 산방굴사라고 하였다. 창건 시기는 고려시대라고 알려져 있으며 고려시대의 시승으로 알려진 고승 혜일이 수도했다고 하며, 선사들이 머물다가 간 유서 깊은 곳이기도 하다. 혜일이 모셨던 것으로 알려진 석불은 일제강점기 때 일본인이 가져갔다고 전하며 귀양 왔던 추사 김정희가 즐겨 찾던 곳이기도 하다. 1960년경에 다시 석불좌상을 모신 것을 계기로, 1985년부터는 동굴 안에 지금의 석불좌상을 모셨다. 
굴의 천정에서 계속 물이 떨어지는데 이를 '산방덕이의 눈물'이라고 부른다. 산방굴의 여신인 산방덕이 인간으로 태어나서 고성목이라는 속세의 인간과 결혼하여 행복하게 살았는데 고을의 벼슬아치가 그녀의 미모에 빠져 남편을 잡아가자, 다시 산방굴로 들어가 바위로 굳어 버렸다고 한다. 지금도 산방굴에는 산방덕이 변해서 된 바위 밑으로 한줄기의 물이 쉬지 않고 떨어지며 작은 샘을 이루고 있는데 그 물줄기는 산방덕이 인간 세상에서 사랑했던 고성목을 그리워하며 스스로 기막힌 운명과 현세의 고해를 비탄하여 흘리는 눈물이라 전한다. 
굴 밖에는 형제섬, 가파도, 한국 최남단 영토 마라도와 용머리 해안의 경관이 눈부시게 아름답다. 또 산방산 휴게소에서 10여 분 걸어가면 산방산 앞에 바닷가를 마주할 수 있다. 이곳을  용머리 해안이라 부르는데 용이 머리를 들고 바다로 들어가는 모습에서 용머리라 불린다. 지형이 신비롭고 독특해서 산방산이나 산방굴사를 찾는 관광객들이 이어서 용머리해안을 함께 들른다."
산방산 유람선,제주특별자치도 서귀포시 안덕면 화순해안로106번길 16,2740056,12,mixed,outdoor:공원/산/섬/해변/해안 | mixed:관광단지,A02,A0202,A02020800,역사관광지,관광단지,유람선/잠수함관광,126.3352176189,33.2370675236,"세계지질공원으로 인증된 산방산과 용머리해안을 따라 그림처럼 펼쳐지는 황홀한 바다 풍경을 산방산유람선에서 감상할 수 있다. 크루즈 코스는 화순항을 출발해서, 화순금모래해변 - 항만대 - 산방산 - 용머리해안 - 단산 - 형제섬 - 송악산 - 주상절리 - 가파도, 마라도 - 박수기정 - 화순항으로 돌아오는 코스로 산방산 부근의 여러 관광 스폿을 편안하게 눈에 담아 볼 수 있다. 산방산유람선 코스의 경우 승선 후 1시간 정도의 운항을 하고, 하루에 3회 정도 배가 있다.

(출처 : 제주 문화관광 홈페이지)"
산방산‧용머리해안 지질트레일,제주특별자치도 서귀포시 안덕면 사계북로41번길 192,2370834,28,outdoor,indoor:전시/전시관 | outdoor:레포츠/산/해안,A03,A0302,A03022700,레포츠소개,수련시설,트래킹,126.2985816429,33.2490739567,"한국의 아름다운 길로 뽑혔을 만큼 놀라운 경치를 뽐내는 형제 해안로가 포함된 산방산 용머리해안 지질트레일은 80만년 지구의 시간을 품은 용머리해안과 산방산을 중심으로 주변 마을(사계리·화순리·덕수리)의 명소와 흥미로운 이야기를 담고 있다. 총 3개의 코스로 나눠어 있어, 경유지를 보고 더 매력을 느끼는 곳을 고르는 재미가 있다.
산방산 코스 중 가장 대중적인 코스인 A코스는 용머리해안 주차장에서 시작해 하멜전시관, 기후변화홍보관, 하멜기념비를 지나 다시 용머리해안 주차장으로 돌아오는 4㎞ 코스이다. 또한 B코스 해안 및 산방산 경관을 탐방하며 체험할 수 있으며, C코스는 해안의 지질을 중심으로 탐방할 수 있는 코스이다."
산양큰엉곶,제주특별자치도 제주시 한경면 청수리 청수리 956-6,2948051,12,outdoor,outdoor:공원/산/숲길,A01,A0101,A01010400,자연관광지,국립공원,산,126.2503099104,33.2907297100,"산양큰엉곶은 곶자왈 지대로서 제주 4대 곶자왈중 한경-안덕 곶자왈에 속해 있으며 평지가 아닌 숲을 뜻하고 크게 달구지길과 숲길로 나누어져 있다. 달구지길은 남녀노소뿐만 아니라 휠체어 및 유모차로도 탐방이 가능하며 동화 속 숲 속의 작은 마을을 구현하여 마녀의 집, 공주의 집, 난쟁이의 집, 숲 속의 기찻길, 새 둥지와 같은 포토존이 많이 있으며 소와 말이 달구지를 끌고 가는 제주의 옛 모습을 볼 수 있다. 숲길 탐방로는 곶자왈의 원시림을 깊이 즐길 수 있으며 총 3.5km의 길로 다양한 식생과 독특한 생태계가 형성되어 있다. 
3.5km에 달하는 생태숲길은 마치 동화나라로 초대받은 기분이 든다. 박공지붕의 통나무집, 조릿대로 엮은 집채만 한 새 둥지, 다람쥐 바퀴 모양의 그네, 곶자왈 속 작은 기찻길 등 자연과 하나 된 포토존에 눈을 뗄 수 없다. 달구지길은 나무로 둘러싸인 숲길을 유모차와 휠체어도 다닐 수 있는 무장애 길이다. 걷다가 만나는 소달구지와 말달구지는 산양큰엉곶만의 매력이다. 책에서만 만나던 황소와 제주 조랑말을 직접 눈앞에서 볼 수 있음에 아이들은 반가워한다. 소달구지와 말달구지는 직접 탑승하고 체험할 수 있으며 먹이 주기와 꽃 팔지 만들기, 키즈 가드닝, 식물 옮겨심기 등 체험학습도 다양하게 진행 중이다. 숲길 탐방로는 원시림을 깊이 즐기고 싶은 올레객에게 안성맞춤이다. 한 사람씩 걸을 수 있는 호젓한 숲길은 자연 친화적으로 정비되어 있어 오롯이 자연을 느끼며 감성적 그리움에 빠져들기 좋다. 계절마다 다른 식물과 꽃들이 각각의 향기로 코끝을 자극하는 곳이다. 화산 활동으로 인한 다양한 식생과 독특한 생태계는 제주에서만 볼 수 있는 풍경이다. 숯을 생산했던 숯가마터와 4.3 당시 마을 사람들이 피신했던 궤(굴)도 볼 수 있어 제주의 아픔까지 느낄 수 있는 숲길이다."
산지 등대,제주특별자치도 제주시 사라봉동길 108-1 (건입동),129148,12,outdoor,indoor:몰 | outdoor:공원/등대/산,A01,A0101,A01011600,자연관광지,국립공원,등대,126.5456624039,33.5209144715,"산지등대는 제주 사라봉 북쪽 비탈면에 있는 등대이다. 일제강점기인 1916년 10월 무인 등대로 처음 설치했으며 1917년 3월 유인 등대로 변경되었고 1999년 12월에 새롭게 등탑을 신설했다. 100년 이상의 오랜 역사를 간직한 등대로 제주도를 대표한다. 산지라는 명칭은 조선 숙종 때 제작한 ‘탐라순력도’에 이곳이 산지촌으로 기록된 데서 유래했다. 처음에는 산저였다가 산지로 바뀌었다는 설도 있다. 
산지등대는 주변 경관이 뛰어나고 도심지와 가까운 위치에 있어 학생들의 등대 탐방 체험장소로도 인기가 있다. 일몰 때면 등대 앞쪽 바다에 수십 척의 고기잡이배들이 모여 수놓는 아름다운 야경도 볼 수 있다."
산지천갤러리,제주특별자치도 제주시 중앙로3길 36,2833763,14,outdoor,indoor:갤러리/미술관/박물관/전시 | outdoor:산,A02,A0206,A02060500,역사관광지,박물관,미술관/화랑,126.5283445957,33.5151787191,"산지천 갤러리는 녹수장, 금성장이라는 이름의 여관 건물을 재생하여 만든 문화공간이다. 원도심 활성화를 위해 추진된 산지천 복원과 탐라문화광장 조성사업으로 노후 건물들의 철거가 진행되었으나, 산지천 갤러리가 들어선 건물을 포함하여 고씨가옥, 유성식품 등 다섯 곳은 기존 원도심의 풍경을 담고 있는 가치를 인정받아 보존 건축물로 지정되었다. 이 건물들에 대한 많은 사람들의 관심과 애정 어린 목소리를 통해 산지천 갤러리라는 전시공간으로 새롭게 탄생하였다. 산지천 갤러리는 전문전시공간으로서 다양한 문화예술콘텐츠를 제공함과 동시에 원도심 지역 문화 관광 활성화에 기여하고자 한다."
산지천축제,제주특별자치도 제주시 중앙로3길 36 (일도일동),1690237,15,outdoor,indoor:시장 | outdoor:산,A02,A0207,A02070200,역사관광지,문화관광축제,일반축제,126.5283445957,33.5151787191,"산지천은 옛 제주읍성 사람들의 젖줄로, 건입동 홍보와 지역 경제 활성화를 위해 매년 산지천축제를 개최하고 있다. 건입동민속보존희의 길트기 행사로 시작되는 축제는 유네스코 세계무형유산이자 국가지정 중요무형문화재 제71호로 지정된 제주 칠머리당 영등굿으로 축제의 무사 안녕을 기원한다. 산포조어 촘대낚시 체험, 배방선 짚배 만들기, 환경 관련 어린이 체험부스와 벼룩시장 등 각종 체험프로그램을 즐갈 수 있으며, 초대가수 축하공연, 산지천가요제, 청소년 댄스컨테스트, 각종 문화예술공연도 즐길 수 있다. 어린이들을 위한 물놀이 분수대, 벼룩시장도 운영도 상시 운영한다."
산지해장국,제주특별자치도 제주시 임항로 34,2851126,39,indoor,indoor:시장/음식점 | outdoor:산,A05,A0502,A05020100,음식점,한식,한식,126.5285223303,33.5163924761,"산지해장국은 제주항 근처 서부두 수협 맞은편에 있다. 제주식 소고기 선지해장국으로 진하고 얼큰한 소고기 국물에 고기, 선지, 콩나물과 시래기가 푸짐하게 들어있다. 아침 6시에 오픈하여 아침 해장하기 좋은 곳이다. 소문난 맛집인 만큼 재료가 신선하고 내장탕 맛집으로도 유명하다. 근처 여행지로 동문재래시장, 제주 원도심, 제주성지 등이 있다."
산천단곰솔,제주특별자치도 제주시 516로 3041-24 (아라일동),126461,12,outdoor,outdoor:산,A01,A0102,A01020100,자연관광지,희귀동.식물,희귀동.식물,126.5547604989,33.4476699442,"제주시의 곰솔은 제주시에서 서귀포시로 향하는 제1횡단도로를 따라 8㎞ 정도 가면 나타나는 산천단이라는 곳에 군락을 이룬다. 원래 이곳에는 곰솔이 9그루 있었는데, 1965년 벼락을 맞아 1그루가 고사하고 8그루만 남아 있다. 높이는 21∼30m로 4그루가 30m, 3그루가 25m이며 가슴 높이 둘레는 3.4∼6m, 수관 너비는 12∼24m이다. 수령은 500∼600년으로 추정된다. 현재까지 알려진 제주도의 수목 중에서는 가장 크며, 생육 상태는 대체로 양호한 편이나 몇 그루는 풍해로 가지들이 한쪽으로 치우쳐 생장하고 있다. 이들 곰솔 틈에서는 예덕나무, 팽나무, 쥐똥나무, 뽕나무 등이 자란다."
살롱드라방,제주특별자치도 제주시 하가로 146-9,2905340,39,indoor,indoor:실내/음식점/카페,A05,A0502,A05020900,음식점,한식,카페/전통찻집,126.3492475774,33.4578155614,"살롱드라방은 하가리 연화지 근처에 있다. 팬케이크가 맛있기로 소문난 브런치 카페로 크림치즈애플 토핑 팬케이크가 인기 메뉴이다. 또 다른 인기 메뉴로는 팬케이크 사이에 견과류를 섞은 아이스크림을 넣은 팬또아, 너츠 밀크와 에스프레소가 어울린 라방커피가 있다. 외부는 정성스럽게 꾸민 마당에 테이블이 있고 내부에는 주인이 직접 그린 그림과 깔끔한 화이트톤 실내에 창문으로는 제주 시골의 정취가 느껴진다. 주변 여행지로 고내봉, 고내포구, 하가리 연화지 등이 있다."
삼다도횟집,제주특별자치도 제주시 서해안로 572,1865762,39,indoor,indoor:음식점 | outdoor:산/해안,A05,A0502,A05020100,음식점,한식,한식,126.4993275871,33.5189945013,"삼다도횟집은 제주공항 부근 용두암 해안도로에 자리하고 있으며 자연산 활어회를 제공하는 음식점이다. 이곳은 청청해역의 바닷물로 항시 직수 공급되는 수족관에서 신선한 활어와 해산물을 제공한다. 깨끗한 플랑크톤을 먹고 자란 싱싱한 해산물을 맛볼 수 있어, 바다의 신선함을 그대로 느낄 수 있다. 제주 삼다도횟집은 제주를 방문하는 관광객뿐만 아니라 현지인들에게도 인기가 높은 장소로, 신선한 회와 다양한 해산물 요리를 맛볼 수 있는 최적의 장소이다. 제주공항 근처에서 접근이 용이하여 편리하게 방문할 수 있다."
삼다수숲길,제주특별자치도 제주시 조천읍 교래리,2746268,28,outdoor,outdoor:공원/레포츠/산/숲길,A03,A0302,A03022700,레포츠소개,수련시설,트래킹,126.6666125102,33.4208302540,"삼다수 숲길은 지역 주민들이 오가던 임도를 정비해 만든 비교적 최근에 조성된 탐방로이다. 원래 이 지역은 말 방목터이자 사냥터였는데 1970년대 심은 삼나무들이 거목으로 성장해 빼곡하게 숲을 메웠다. 삼다수를 생산하는 제주특별자치도 개발공사와 교래리 주민들은 숲 사이에 길을 닦아 ‘삼다수숲길’이란 이름을 붙여 2010년 개장했는데, 지난 2018년 교래 삼다수마을이 제주도의 13번째 지질공원 명소로 지정되면서 지질트레일로 관리,  운영되고 있다. 이곳은 생태적 측면에서 삼나무 싶길을 중심으로 희귀식물 군락지가 있으며, 다양한 생물들이 공존하고 있다."
삼대국수회관,제주특별자치도 제주시 삼성로 41,404202,39,indoor,indoor:음식점,A05,A0502,A05020100,음식점,한식,한식,126.5301029645,33.5068657788,"삼대국수회관은 고기국수라는 제주도 만의 특별한 국수를 비롯해서 여름의 별미인 콩국수와 열무국수 등 국수의 여러 가지 맛을 느낄 수 있는 곳이다. 당일 준비한 밀가루 반죽으로 직접 국수를 만들고, 당일에 들여온 신선한 고기만을 사용하여 최고의 국수맛을 볼 수 있는 곳이다. 시원한 국물은 비리지 않고 담백하며, 듬뿍 들어 있는 고기는 하루 종일 배를 든든하게 한다. 또한, 돔베고기라고 하는 수육은 부드러운 제주 돼지의 육질을 그대로 맛볼 수 있다."
삼매봉,제주특별자치도 서귀포시 서홍동 820-2,127049,12,mixed,outdoor:공원/산/오름/해안 | mixed:관광단지,A02,A0202,A02020700,역사관광지,관광단지,공원,126.5468824444,33.2439117723,"서귀포시 시가지에서 서쪽에 해안네 있는 조그마한 기생화산으로 세 개의 봉우리가 매화를 닮았다고 하여 그 이름이 붙여졌으며 분화구는 북쪽에 있는 하논이다. 해안에는 절경을 지닌 외돌개가 있고, 오름 정상에는 조선 시대에 봉수대가 설치되어 있었다고 하며 오름 중턱까지 계단식으로 과수원이 조성되어 있다. 사람의 수명과 관련된 노인성(Canopus)을 볼 수 있는 곳이라 하여 불로장생의 상징 명소로 자리 잡고 있다. 노인성은 무병장수를 상징하는 별로 겨울이 되면 서귀포시 밤하늘에서 관측할 수 있는 별이다. 봉우리에 세워진 팔각정자인 남성정 앞에는 체력단련 시설이 있어, 주민들이나 관광객들이 가볍게 운동을 즐길 수도 있으며, 서귀포 도심에서 가까운 오름으로 주민들이 즐겨 찾는 산책코스이다."
삼매봉도서관,제주특별자치도 서귀포시 남성중로153번길 15 (서홍동),1939093,14,mixed,indoor:미술관/박물관/실내 | outdoor:오름 | mixed:복합,A02,A0206,A02060900,역사관광지,박물관,도서관,126.5519736490,33.2448561932,"삼매봉도서관은 제주특별자치도에 있는 15개의 공공도서관 중 한 곳으로 서귀포시 서홍동 기당미술관 옆에 있다. 다양한 자료를 수집 및 제공함으로써 도민의 독서 생활화에 기여하고 있으며, 다양한 계층별 독서 문화프로그램을 통해 도민들의 평생교육 실현에 앞장서고 있는 문화 소통의 복합 공간이다. 천장에는 외부를 그대로 보여주고 있어 바깥 풍경을 볼 수 있으며, 실내에 식물들이 식재되어 있어 편안한 느낌을 준다. 
이곳은 제주 올레길 중 가장 인기가 많은 제주 올레 7코스에 포함되어 있어, 오름도 오르고 독서도 하며 휴식을 취하고 싶다면 삼매봉도서관이 제격이다."
삼무공원,제주특별자치도 제주시 신대로10길 48-9 (연동),2853484,12,mixed,outdoor:공원/산/섬/오름 | mixed:관광단지,A02,A0202,A02020700,역사관광지,관광단지,공원,126.4924649191,33.4914863265,"삼무공원은 제주 시내 연동에 있다. 1978년 도시 근린공원으로 조성하였으며 삼무의 의미는 제주에 도둑, 대문, 거지가 없다는 삼무에서 따 온 이름이다. 삼무공원은 베두리오름에 조성된 공원으로, 베두리오름은 작은 언덕으로 삼무공원이 곧 베두리오름이다. 공원에는 증기기관차가 있는데, 1978년 박정희 대통령이 섬에 사는 아이들에게 기차를 보여주려고 사용이 중단된 기차를 흑산도와 제주도에 보낸 것이다. 현재는 제주도에만 미카형 증기기관차가 남아있다. 연동 주민들이 산책과 운동을 즐기는 공원으로 봄에는 능수 벚꽃이 아름다워 여행자들이 찾아온다."
삼무국수,제주특별자치도 제주시 삼무로3길 46-1 (연동),2759608,39,indoor,indoor:음식점,A05,A0502,A05020100,음식점,한식,한식,126.4909789569,33.4905891798,제주에 가면 꼭 한번 맛봐야 하는 음식들이 있다. 그중에서도 부담 없는 가격으로 제주만의 맛을 찾는 관광객에게 추천하는 고기국수는 진한 돼지고기 육수에 편육을 올려내는 음식이다. 제주 향토 음식인 고기국수는 마을에서 각종 경조사 때 돼지를 잡고 남은 고기와 면을 국물에 말아 먹은 것에서 유래했다고 한다. 제주공항에서 가까운 삼무국수의 고기국수는 담백하고 깔끔하여 특히 인기가 좋다. 또한 쫄깃한 국수 위에 싱싱하고 도톰한 제철 횟감에 채소를 곁들여 비벼 먹는 회 쟁반 국수도 별미이다.
삼미흑돼지 중문점,제주특별자치도 서귀포시 색달중앙로 33,2831941,39,indoor,indoor:음식점 | outdoor:산 | mixed:관광단지,A05,A0502,A05020100,음식점,한식,한식,126.4134575743,33.2585497158,"서귀포시 중문관광단지에 위치한 삼미흑돼지 중문점은 숯불로 구워 먹는 흑돼지의 진한 풍미를 온전히 즐길 수 있는 맛집이다. 제주산 흑돼지를 직화로 구워내어 육즙이 풍부하고 쫄깃한 식감을 자랑한다. 흑돼지 정식에는 오겹살과 목살을 섞어 제공한다. 멜젓(제주식 멸치젓갈)에 생새우와 마늘, 고추를 넣어 끓여서 찍어 먹는 소스가 독특하다. 사이드 메뉴도 다양하여 고기와 함께 다양한 조합으로 식사를 즐길 수 있다. 그 중 전복내장 볶음밥인 게우볶음밥이 별미이다. 넓은 주차 공간과 내부도 깔끔하게 인테리어 되어있으며 단체석도 준비되어 있어 가족 모임이나 단체 모임에도 적합한 장소이다."
삼보식당,제주특별자치도 서귀포시 중정로 25 (서귀동),2781431,39,indoor,indoor:몰/식당/음식점,A05,A0502,A05020100,음식점,한식,한식,126.5590868593,33.2476448874,"서귀포 시내에 자리하고 있는 삼보식당은 푸짐한 제주식 해물 뚝배기로 인기몰이를 하는 식당이다. 제주 맛의 세 가지 보물이라고 불리는 뚝배기, 자리물회, 옥돔구이 전문점이라 하여 삼보식당이라고 이름 붙였다고 한다. 수요 미식회와 식객 허영만의 백반 기행에도 소개된 맛집으로, 인기 메뉴인 뚝배기는 오분자기와 해물은 물론, 성게알까지 듬뿍 넣어 끓인다."
삼성혈해물탕,제주특별자치도 제주시 선덕로5길 20,664081,39,indoor,indoor:실내/음식점 | outdoor:산,A05,A0502,A05020100,음식점,한식,한식,126.4977255785,33.4912225503,"제주도청 뒤편에 자리 잡고 있는 삼성혈해물탕은 신선한 해산물과 깊고 진한 국물이 특징인 해물탕을 제공한다. 탕에 들어간 다양한 해산물은 풍부한 맛을 더하며, 매콤하면서도 시원한 국물이 입맛을 돋운다.  편안한 분위기의 실내에서 가족, 친구들과 함께 제주에서 맛있는 해물탕을 즐기기에 좋은 장소이다."
삼양해수욕장,제주특별자치도 제주시 삼양이동,129401,12,outdoor,outdoor:공원/산/해변/해수욕장,A01,A0101,A01011200,자연관광지,국립공원,해수욕장,126.5852560795,33.5255284819,"삼양해수욕장은 관광객들에게 잘 알려지지 않은 해변이다. 상대적으로 소박하며, 물이 깨끗하고 고운 모래가 특징이다. 특히 화산암편과 규산염광물이 많은 세립질 모래로 이루어져 있어 반짝이는 검은 모래가 특색이라 바다와 모래를 배경으로 사진을 찍으면 인생사진을 건질 수 있는 해수욕장이다. 이 모래는 태양열에 뜨거워졌을 때 그 안에 몸을 파묻고 찜질을 하면 신경통 및 관절염에 좋다고 알려지고 있어, 매년 여름이면 뜨거운 모래를 덮고 찜질하는 관광객들의 모습을 심심찮게 볼 수 있다."
삼양해안도로,제주특별자치도 제주시 삼양삼동 2582-1,2765248,12,outdoor,indoor:몰 | outdoor:공원/해변/해수욕장/해안,A01,A0101,A01010500,자연관광지,국립공원,자연생태관광지,126.5788233094,33.5253395110,"삼양 해안도로는 제주 북부에 있는 삼양동 해안을 따라 이어져 있는 도로다. 삼양동 마을에서 시작해 삼양 해수욕장에서 끝이 나며, 해안 도로 중 가장 거리가 짧다. 검은 모래 해변을 따라 연결된 이곳은 양쪽의 도로변을 따라 가로등이 이어지며, 일몰과 야경이 아름다워 관광객들이 많이 찾는다. 7월에는 삼양 검은 모래 해변축제가 열리며, 검은 모래로 모래찜질을 하면 신경 질환 및 비만 치료, 관절염 등에 효험이 있다고 하여 관광객과 현지 도민의 방문도 잦은 곳이다.  제주시가 선정한 ‘제주시 숨은 비경 31’에 포함된 곳이기도 하다."
삼의악오름,제주특별자치도 제주시 아라일동 산 24-2,1941153,12,outdoor,outdoor:공원/산/오름,A01,A0101,A01010400,자연관광지,국립공원,산,126.5620989268,33.4398681468,"삼의악오름은 산천단을 지나면 우측에 우뚝 선 오름으로, 정상에는 풀밭의 산정분화구를 이루고 있으며 화구 안부의 일부 사면에는 묘들이 있다. 원형의 산정분화구는 남쪽 사면으로 용암유출 흔적의 작은 골짜기를 이루며 이곳 상단부의 수풀 속에서는 샘이 솟아나고 있다. 동사면은 완만한 경사로 해송이 듬성듬성 식생하고, 남사면의 골짜기에는 자귀나무 등이 잡목들과 어우러져 있고, 그 주변에는 곰취, 기슭에는 산수국이 군락을 이루고 있다. 산천단 제주종합사격장 입구 남쪽 편 목장 안으로 진입하여 화구 능선을 따라 오름 남쪽 사면으로 쉽게 오를 수 있다. 분화구 아래 면에는 솟아나는 샘이 있다. 정상부에 오르면 사방팔방 막힘없이 탁 트인 풍경이 펼쳐져 가슴이 시원해진다. 샘이 솟아 나와 세미오름이라 부르던 것이, 지금은 한자의 음을 빌어 표기한 삼의양악(三義讓岳) 등으로 불린다."
삼일삼오,제주특별자치도 제주시 구좌읍 해맞이해안로 1542-4,2869085,32,indoor,indoor:숙박/호텔 | outdoor:해변,B02,B0201,B02011000,숙박시설,관광호텔,민박,126.8687730858,33.5274244998,제주 동쪽에 위치하고 있는 민박집이다. 세화해변을 앞으로 두고 뒤로는 올레기리이 이어져 있어 전망이 좋고 조용한 마을에 위치하고 있다. 조용히 제주를 느끼고 쉬다가기 좋다. 깔끔하고 제주도의 감성이 느껴지는 총 7실의 객실이 있다. 매일 아침 부담없이 먹기 좋은 조식이 다르게 준비되고 있다. 예약 문의는 카카오톡 채널로 가능하다.
삼일해장국,제주특별자치도 제주시 하귀9길 14,2852063,39,indoor,indoor:음식점 | outdoor:해변,A05,A0502,A05020100,음식점,한식,한식,126.4151162206,33.4856662979,"삼일해장국은 제주도 애월읍 하귀 아파트 근처에 있는 해장국 전문점이다. 메뉴는 얼큰한 국물에 시래기와 파, 콩나물, 소고기, 선지가 푸짐한 소고기 해장국과 소간, 허파, 천엽 등이 푸짐한 소 내장탕 두 개뿐이다. 부드러운 고기와 얼큰하고 진한 국물이 손님들의 입맛을 사로잡는다. 근처 여행지로 연대 포구, 내도 알작지 해변 등이 있다."
상가리야자숲,제주특별자치도 제주시 고하상로 326,2847726,12,outdoor,outdoor:공원/산/해안,A01,A0101,A01010400,자연관광지,국립공원,산,126.3584888528,33.4394649613,"제주 애월읍 고하상로 326에 위치한 상가리야자숲은 이국적인 분위기를 자아내는 야자수 군락지이다. 그늘 아래 벤치와 포토존이 마련되어 있어 방문객들이 편안하게 휴식을 취하거나 사진을 촬영할 수 있다. 사계절 내내 푸른 소철과 야자수가 싱그럽고, 하늘을 배경으로 펼쳐진 풍경이 아름답다. 주차 공간은 마련되어 있지 않으므로 인근 도로에 주차한 후 방문해야 한다. 주변에는 고내포구, 애월항 한담해안산책로 등 관광 명소가 있어 함께 둘러보기 좋다. 상가리야자숲은 자연과의 교감을 원하는 이들에게 평화롭고 신비로운 힐링 공간을 제공하는 곳이다."
상효원수목원,제주특별자치도 서귀포시 산록남로 2847-37 (상효동),2738734,12,outdoor,indoor:갤러리/식당/카페 | outdoor:공원/산/수목원/정원/캠핑,A01,A0101,A01010700,자연관광지,국립공원,수목원,126.5860192949,33.3072442933,"상효원은 약 264,462㎡ (8만 평) 규모를 가진 서귀포시 소재의 수목원이다. KC코트렐 이달우 회장이 아름다운 자연경관을 다른 사람들과 공유하고자 설립했다. 한라산과 서귀포 바다가 보이는 이곳은 해발 400m에 있으며, 제주 고유의 자생식물을 보유하고 있다. 제주 토종의 한란, 새우란과 같은 식물의 원생지이며, 100년 이상의 노거수와 상록 거목이 밀집해 있어, 수종의 다양성, 희귀성 측면에서 보존 가치가 높다. 
상효원 내에는 엄마의 정원, 약용 식물원, 비밀의 정원, 곶자왈, 세미꼿 정원 등 16개의 테마의 정원이 조성되어 있어 공간별로 다채로운 식물을 세심하게 관찰할 수 있다. 또한 희귀ㆍ멸종 위기 식물의 식물자원을 보존하고, 원예적으로 가치가 높은 식물을 연구하여 보존하고자 식물자원연구소를 운영하고 있다. 카페, 한식당, 미니갤러리 & 기프트 샵을 비롯해, 웨딩(컨벤션)과 바람을 컨셉으로 한 최신시설의 연회장과 신나는 놀이 시설 에어바운싱돔, 캠핑장 등 다채로운 부대시설을 갖췄다.
이뿐만 아니라 친환경 전기기차를 타고 제주 고유의 자생식물들이 있는 본 수목원 곳곳을 관람할 수 있으며, 제주도의 '녹색 관광지 만들기' 사업 참여 관광지로서 친환경 소비 실천 시 다양한 혜택을 제공하는 그린카드 소지 관광객 대상으로 할인혜택을 제공한다."
새미은총의동산,제주특별자치도 제주시 한림읍 새미소길 15,2765252,12,outdoor,outdoor:공원/산/야외,A02,A0201,A02010900,역사관광지,고궁,종교성지,126.3237716904,33.3483050542,"새미 은총의 동산은 예수님의 탄생부터 최후의 만찬까지 12개의 주요 사건을 표현한 ‘예수님 생애 공원’과 ‘삼위일체 대성당'이 있는 곳으로, 천주교 제주교구의 성지 순례 장소다. 전체 면적은 약 264,000㎡에 달하며 언제든 신자들이 찾아와 기도할 수 있도록 24시간 개방하고 있다. 또, 성 이시돌 목장 뒤를 순례지로 개발해 넓은 동산과 연못, 성모상과 대형 십자가 등을 볼 수 있게 했다. 야외에서는 동시에 약 5천여 명이 함께 야외 미사를 보거나, 각종 공연이나 행사 공간으로 사용할 수 있다. 최근 많은 사람들이 찾는 여행지로 각광받고 있으며 다양한 조형물과 산책로, 넓은 들판이 있어 종교인이 아니어도 힐링할 수 있는 곳이다."
새별오름,제주특별자치도 제주시 애월읍 봉성리 산 59-8,572973,12,outdoor,outdoor:공원/산/오름,A01,A0101,A01010400,자연관광지,국립공원,산,126.3570489276,33.3673645815,"새별오름은 서부의 대표 오름으로, ‘저녁 하늘에 샛별과 같이 외롭게 서있다’하여 이름이 붙여졌다. 남봉을 정점으로 남서, 북서, 북동 방향으로 등성이가 있으며, 등성이마다 봉우리가 있다. 서쪽은 삼태기 모양으로 넓게 열려 있고, 북쪽은 우묵하게 파여 있다. 마치 별표처럼 둥그런 표창 같은 5개의 봉우리가 존재한다. 전체적으로 풀밭을 이루나 북쪽 사면에 일부 잡목이 형성되어 있고, 서북쪽 사면에 공동묘지가 조성되어 있다."
새별프렌즈,제주특별자치도 제주시 애월읍 평화로 1529,2742344,12,outdoor,outdoor:산/오름,A02,A0203,A02030100,역사관광지,농.산.어촌 체험,농.산.어촌 체험,126.3636734821,33.3615847697,"새별프렌즈는 제주 애월읍 새별오름 맞은편에 있는 목장이다. 제주공항, 중문 등 주요 관광지에서 가까워 접근성이 좋다. 제주도의 아름다운 자연경관과 함께 알파카, 말, 당나귀, 양, 흑염소, 토끼 등 다양한 동물들과 직접 교감을 나눌 수 있다. 당근 스틱을 구매하면 알파카와 당나귀에게 먹이 주기 체험을 할 수 있고 초원에서 승마체험을 할 수 있다. 다양한 체험 프로그램으로 가족 관광객들에게 인기가 많다. 마차를 타며 제주의 자연을 즐길 수 있고 자연을 배경으로 사진을 찍으며  힐링을 즐길 수 있다."
새빌,제주특별자치도 제주시 애월읍 평화로 1529,2715354,39,indoor,indoor:리조트/베이커리/음식점/카페 | outdoor:섬/오름,A05,A0502,A05020900,음식점,한식,카페/전통찻집,126.3636734821,33.3615847697,"제주시에 위치한 카페 새빌은 기존의 리조트를 리모델링한, 유럽의 중세시대 성같은 분위기의 베이커리 카페이다. 새별오름이 바로 눈앞에서 펼쳐지는 제주에서 핫한 카페이며, 대한민국 6대 이색 카페에 선정될 정도로 제주를 방문하는 사람들이 많이 찾고있다. 사계절마다 다른 아름다운 노을과 계절별 다양한 신비의 섬 제주가 선사하는 자연을 함께 경험할 수 있다. 대표 메뉴인 크로아상은 프랑스 현지인들의 입맛도 사로잡았으며, 약 50여가지의 베이커리와 디저트, 그리고 제주의 신선한 과일과 야채로 만든 프리미엄 음료, 새빌만의 커피, 신선한 제주우유와 함께 다양한 먹거리를 제공하고 있다."
새섬공원,제주특별자치도 서귀포시 남성중로 43 (서홍동),2767627,12,mixed,outdoor:공원/섬 | mixed:관광단지,A02,A0202,A02020700,역사관광지,관광단지,공원,126.5588092829,33.2397485318,"새섬 공원은 새섬 또는 모도(茅島)라고 불리는 서귀포시 서귀동에 있는 섬 공원이다. 억새인 새(茅)가 많아 붙은 이름이지만, 새(鳥)로 오해하여 조도(鳥島)로 오기하기도 한다. 새섬 공원으로 들어가기 위해서는 새연교라는 아름다운 다리를 건너 들어가야 하는데, 바람과 돛을 형상화한 높이 45m의 주탑과 화려한 LED 조명 시설이 있어 밤낮으로 관광객들의 사랑을 받고 있다. 새섬 공원은 도보로 약 20분 정도면 둘러볼 수 있으며 서귀포항과 새연교의 멋진 풍경을 여유롭게 즐길 수 있다."
새신오름,제주특별자치도 제주시 한경면 청수리 3361,1945414,12,outdoor,outdoor:공원/산/오름,A01,A0101,A01010400,자연관광지,국립공원,산,126.2379580475,33.2978565065,"제주시 한경면 산양리 산양초등학교 북동쪽 지점 도로변에 위치한 오름으로 나지막한 언덕 형태를 띠고 있다. 오름 정상에는 마을에서 암메(암메창)라 부르는 둥그런 화구가 약 20m 정도의 평지에 있고, 화구 안에는 농경지와 초지, 그리고 묘지가 조성되어 있다. 이 오름은 문헌이나 묘비에 조소악으로 표기되어 있다. 새신 오름의 새신은 ‘새가 있는’이라는 뜻을 지닌 제주어로 초집을 덮는 새가 있는 오름이라는 데서 유래하였다. 한자를 차용하여 조소악 또는 신서악이라고도 한다. 소나무를 비롯하여 다양한 잡목과 수풀이 자리하고 있어 제주의 자연을 그대로 느끼게 해준다."
새연교,제주특별자치도 서귀포시 서홍동,879234,12,outdoor,outdoor:공원/산/섬,A02,A0205,A02050100,역사관광지,다리/대교,다리/대교,126.5596120340,33.2378293118,"제주 서귀포항과 새섬사이에 제주의 전통 떼배인 테우를 모티브로 형상화한 대한민국 최남단 최장의 보도교인 새연교가 2009년 9월 28일 개통됐다. 새연교는 국내에서는 최초로 외줄케이블 형식의 사장교로, 바람과 돛을 형상화한 주탑 등에 화려한 LED 조명시설까지 갖췄다. 새연교를 걸으며 바라보이는 서귀포항을 비롯해 문섬, 범섬 등의 서귀포 앞바다와 한라산의 풍경은 절묘하다. 또한, 쉽게 드나들 수 있게 된 무인도인 새섬은 난대림 보호구역으로 지정된 새섬의 생태를 관찰할 수 있을 뿐만 아니라 산책로와 광장, 목재데크길, 자갈길, 숲 속 산책로, 테마 포토존 등 다양한 편의시설이 꾸며졌다. 특히, 새연교가 개통됨에 따라 새섬 도시 자연공원을 전면 개방되어 제주도 서귀포의 새로운 관광명소로 떠오르고 있으며, 연주회 등 다양한 행사가 열린다.

◎ 한류의 매력을 만나는 여행 정보 - 드라마 <이상한 변호사 우영우>
최수연과 권민우 두 사람이 나란히 건너는 다리는 색색의 조명으로 반짝여 시청자들의 눈을 사로잡았다. 이 야경이 이름다운 다리는 ’새연교’로 제주 유명 명소 중 한 곳이다. 새연교라는 이름에는 새로운 인연을 만들어 가는 다리라는 뜻이 있으며, 이곳에서 산책을 즐기다 보면 뜻밖의 인연을 만나거나 함께하는 사람과 더 깊은 인연을 쌓아갈 수 있을 것이다."
색달해녀의집,제주특별자치도 서귀포시 중문관광로 154-17,2708692,39,indoor,indoor:음식점 | outdoor:산/야외/해수욕장,A05,A0502,A05020700,음식점,한식,이색음식점,126.4156104662,33.2450679043,"서귀포에 위치한 색달해녀의집은 해녀들이 바다에서 갓 건져 올린 싱싱한 해산물을 바로 맛볼 수 있는 곳이다. 돌문어, 쥐치 등 다양한 제철 생선을 즉석에서 손질해 회로 제공하기 때문에 신선함이 뛰어나며, 멍게, 문어, 낙지 같은 해산물도 잡아 온 그대로의 맛을 즐길 수 있다. 게 바로 앞에는 해수욕장을 바라볼 수 있는 야외 테이블이 넓게 마련되어 있어, 탁 트인 바다 풍경을 감상하며 여유롭게 식사를 즐길 수 있다."
샛도리물,제주특별자치도 제주시 삼양일동 1938-3,3530351,12,outdoor,outdoor:공원/산/해수욕장,A01,A0101,A01011400,자연관광지,국립공원,항구/포구,126.5892112094,33.5291309238,"제주 삼양해수욕장에서 산책로를 따라 동쪽으로 걸으면 담수와 바닷물이 만나는 천연 풀장 샛도리물이 나타난다. 나쁜 기운과 잡귀를 상징하는 까마귀를 쫓아내는 샛도림(새쫒음) 굿을 할 때 이 물을 길어다 쓴 데서 유래해 샛도리물이라는 독특한 이름을 붙였다.
신성한 의식에 사용된 물답게 맑고 깨끗한 수질을 자랑하며, 포구 안쪽에는 차가운 용천수가 흐른다. 또한 포구 바깥쪽에는 바닷물이 흐르는 샛도리물은 물때에 따라 모습을 바뀐다. 간조 때는 수심이 얕은 대신 차가운 용천수가 무더위를 식혀주고 만조 때는 바닷물과 용천수가 만나 수온이 오르는 대신 수심이 깊어져 물놀이를 즐기기 좋다. 샛도리물 바로 옆에 자리한 삼양해수욕장은 검은 모래사장으로 유명해 함께 방문하기 좋다."
생약누리,제주특별자치도 서귀포시 돈내코로 260 (상효동),3075388,12,mixed,indoor:센터/전시 | outdoor:산/야외/정원 | mixed:복합,A02,A0203,A02030400,역사관광지,농.산.어촌 체험,이색체험,126.5709873162,33.3049554182,"국립생약자원관 제주센터 내의 생약누리는 생약과 세상을 의미하는 누리의 합성어로 다양한 전시와 체험프로그램을 통해 생약의 모든 것을 경험할 수 있는 복합문화공간이다. 생약누리는 2개 층과 옥상의 힐링 정원으로 이루어져 있다. 생약누리 건물 안으로 들어서면 생약 자원의 줄기와 열매를 나무로 형상화한 생약 나무를 마주치게 된다. 그 옆의 생약 공방에서는 생약을 소재로 다양한 프로그램을 운영한다. 이곳에서는 생약 표본 액자 만들기, 다도체험, 테라리움 만들기 체험이 가능하며 생약의 숲에서는 생약 자원을 찾는 미디어 체험을 할 수 있다. 생약 자원의 보물창고 제주에서는 800여 종의 생약 자원 식물을 확인할 수 있으며, 생약포본실은 대한민국약전에 수록된 300여 점의 식물, 동물, 광물성 생약 표본이 전시되어 있다. 

생약연구소에서는 우리나라 생약의 역사와 현재 생약이 되기까지의 과정을 살펴볼 수 있다. 2층으로 올라가면 전시 패널을 통해 생약의 대한 정보 등 동영상 시청이 가능하며 3층 옥상은 휴식 공간과 포토존이 마련된 힐링 정원이 조성되어 있다. 단, 옥상 정원에서 멋진 사진을 남기고 다시 건물 안으로 들어갈 수 없고, 경사로를 따라 야외 전시온실을 들려 다시 건물로 들어가도록 설계되어 있기 때문에 이동 시 고려하길 바란다. 생약누리에서는 1930년대에 만들어진 생약 표본 4종 사인, 초두구, 강활, 맥아과 함께 멸종위기에 처한 천산갑과 사향 등 야생종도 직접 볼 수 있다고 한다."
샤이니숲길,제주특별자치도 제주시 조천읍 교래리 719-10,2847703,12,outdoor,outdoor:공원/산/숲길,A01,A0101,A01010400,자연관광지,국립공원,산,126.6617211206,33.4273100152,샤이니숲길은 삼다수목장 인근에 위치한 작은 숲길이다. 삼다수목장 입구를 지나 좌측 도로가를 살펴보면 약 200m 길이의 숨겨진 숲길을 찾아볼 수 있다. 나뭇가지 사이로 햇빛이 들어오는 숲길이라 ‘sunshine’에서 붙은 이름이다. 길 양편으로 곧게 뻗은 편백나무와 함께 어우러진 낮은 돌담으로 산책하며 사진을 남기기 좋다. 포토스팟으로 입소문이 나면서 웨딩촬영과 스냅사진 촬영 등으로 많은 사람들이 찾는다.
서건도,제주특별자치도 서귀포시 강정동,1936039,12,mixed,indoor:체험관 | outdoor:공원/산/섬/해안 | mixed:월드,A01,A0101,A01011300,자연관광지,국립공원,섬,126.4927119133,33.2540292433,"서건도는 제주월드컵경기장 인근해안에 위치하고 있다. 서건도는 썩은섬이라고도 하는데 하루에 두 번 썰물때마다 걸어서 들어갈 수 있는 모세의 기적이 일어나는 섬이다. 바닷물이 갈라지면 서귀포 해안에서 걸어서 들어갈 수 있으며, 해안에서 섬까지 걸어가는 동안 조개와 낙지 등을 잡는 재미로 체험관광객들의 발길이 잦다. 서건도에 방문 예정이라면 바다갈라짐 시간표나 물 때를 확인해야 한다. 조수간만의 차에 의해 한 달에 10차례에 걸쳐 앞바다가 크게 갈라지는데 이 바다 갈라짐 현상은 보름이나 그믐에 규모가 특히 크며 사리기간에 가장 두드러지게 나타난다. 바다가 갈라지게 되면 좌우 10m 이상 넓어진 갯벌이 드러나 한꺼번에 많은 사람들이 서건도를 왕래하면서 신비감을 맛볼 수 있다. 이곳에서는 기원전 1세기경의 것으로 추정되는 토기 파편과 동물뼈,주거 흔적 등이 발견돼 고고학계의 관심을 끌기도 했다. 서건도는 수중화산으로 섬 자체만으로도 귀중한 가치를 가치를 가지고 있기도 하다.  또한, 조이동굴에서 기원한 풍부한 개울물이 서건도 앞 바닷가로 흘러드는데 이 조간대 지역을 너븐물이라고 부른다. 썩은섬 앞 바다에는 종종 돌고래떼가 출현하기도 한다."
서건도카라반,제주특별자치도 서귀포시 이어도로 826-51,2763504,28,outdoor,outdoor:레포츠/섬/캠핑,A03,A0302,A03021700,레포츠소개,수련시설,"야영장,오토캠핑장",126.5002006355,33.2324761841,"서건도 카라반은 모세의 기적이 일어나는 곳 올레 7코스와 범섬이 있는 아름다운 서귀포시  강정마을에 위치하고 있다. 넓은 부지의 잔디밭과 그 위로 서건도, 샌타로사, 샌타에나, 샌디에이고, 샌타바버라의 이름을 가진 카라반이 바다를 친구삼아 당당하게 자리하고 있다. 카라반의 내부에는 더블베드, 2층 침대, 쇼파 베드, 주방, 취사도구 일체, 전자레인지, 에어컨, 냉장고, 식탁, 욕실, TV 등을 갖추고 있으며 카라반 옆으로 개별 테라스가 있어 여유롭게 바다를 감상하며 식사와 바비큐 파티를 즐길 수 있다. 겨울철 노지 캠핑이 부담스럽다면 한 번쯤은 이색적인 경험을 할 수 있는 카라반캠핑도 좋을 듯하다. 서건도 카라반 캠핑장은 주변에 귤밭과 드넓은 잔디밭이 있어 어린이들이 뛰어놀기에 좋으며 이동식 미니수영장이 있어 여름철 물놀이 장소로도 좋다."
서광차밭,제주특별자치도 서귀포시 안덕면 신화역사로 15 (오설록티뮤지엄),128150,12,outdoor,indoor:박물관 | outdoor:산,A02,A0204,A02040800,역사관광지,발전소,기타,126.2893811780,33.3059564173,"제주 서광차밭은 서귀포시 서광리에 조성된 국내 최대 규모의 차 생산지로 서귀포의 도순다원, 한남다원과 함께 아모레퍼시픽그룹이 운영하는 다원 중의 하나이다. 드넓은 평야에 펼쳐진 차밭은 산방산 근처에 조성되어 있는데 차를 재배하기에 최적의 일조량 조건을 갖췄다. 오설록이 1983년부터 개간하여 현재는 우리나라의 광활한 유기농 차밭이 되었다. 차밭 주변에는 차 문화 박물관인 오설록 티뮤지엄, 추사 김정희 선생의 추사유배지, 제주의 특별한 숲 곶자왈 등이 인접하고 있어 이 지역 전체가 제주의 랜드마크로 거듭났다. 서광 다원은 산간 지대 개발의 성공 모델로 오설록티뮤지엄과 함께 제주녹차문화의 중심이 되고 있다."
서광카트체험장,제주특별자치도 서귀포시 안덕면 서광리 771,3031571,28,mixed,outdoor:레포츠 | mixed:월드/테마파크/파크,A03,A0302,A03020600,레포츠소개,수련시설,카트,126.3216370944,33.2886671674,"서귀포 안덕면에 위치한 서광카트체험장은 제주신화월드, 소인국테마파크, 이상한나라 엘리스, 카멜리아힐 등의 가는 길에 위치해 있다. 화려한 인테리어와 큰 규모가 아니기 때문에 아이와 함께 이용하기 적당하다. 초등학생의 경우 혼자 탑승이 가능하고 유아는 2인승으로 보호자와 함께 탑승을 할 수 있다. 짜릿한 쾌속질주의 카트체험이 끝났다면 남녀노소 어린아이부터 성인까지 누구나 스트레스를 풀 수 있는 사격체험장도 있어서 안덕면에 있는 여러 관광지를 아이와 함께 방문할 계획이 있다면 서광카트체험장을 들러 보는 것을 추천한다."
서귀다원,제주특별자치도 서귀포시 516로 717 (상효동),2723689,12,outdoor,outdoor:산,A02,A0204,A02040800,역사관광지,발전소,기타,126.5966821327,33.3128299569,"서귀다원은 원래 감귤농원으로 운영되었으나, 2005년 차밭으로 새롭게 바꿔 운영되고 있다. 개인이 운영하고 있는 조용한 다원으로 한라산 해발 250m에서 제주 녹차를 재배하고 있으며, 다른 다원보다 비교적 사람이 적어 여유롭게 둘러볼 수 있다. 나무 가로수길, 잎이 무성한 동백나무, 현무암 조각, 차밭이 어우러져 있으며, 한라산과 녹차밭이 한눈에 보이는 절경을 한적하게 구경할 수 있다. 서귀다원은 매년 5월경 말차 수확을 위해 차광막을 덮어놓아 원활한 관람이 어려운 시기가 있으니, 방문 전 문의하는 것을 추천한다."
서귀진지,제주특별자치도 서귀포시 솔동산로11번길 8-18 (서귀동),2822432,12,unknown,,A02,A0201,A02010700,역사관광지,고궁,유적지/사적지,126.5640976362,33.2431593507,조선시대 대표적인 방어유적으로 3성 9진(三城九鎭)의 하나이다. 최초축성은 1439년대로 판단된다. 본래 홀로 천에 있었으나 조선 선조 23년(1590) 이옥 목사가 현재 위치로 옮겨 축성했다. 일제강점기에는 일본군의 관청으로 사용되다가 제주 4·3 사건 이후 이곳의 성담을 헐어 마을을 방어하는 축성용으로 사용하였고 이후에는 주거용 건축용도와 밧담으로 이용되어 지금에는 당시의 성담이었던 담들 이 ‘우잣담’과 ‘성굽담’으로 일부 남아 있다.
서귀포 귤림성,제주특별자치도 서귀포시 일주동로 8941 (호근동),137788,32,indoor,indoor:숙박/펜션/호텔 | outdoor:공원,B02,B0201,B02010700,숙박시설,관광호텔,펜션,126.5360193536,33.2503192271,천혜의 자연환경을 더 많은 이들과 함께 나누고자 자연 친화형 휴향 펜션인 귤림성을 시작하게 되었다. 1만여 평의 대지에 제주의 야생화와 석부작을 대대로 조성된 공원과 친환경 원목 펜션은 복잡한 도심을 떠나 진정한 휴식을 얻고자 하는 여러분께 다양한 힐링의 시간을 선사한다.
서귀포 알토산마을,제주특별자치도 서귀포시 표선면 토산중앙로16번길 1,129381,12,outdoor,indoor:센터 | outdoor:산/해안,A02,A0203,A02030100,역사관광지,농.산.어촌 체험,농.산.어촌 체험,126.7803857597,33.3085528077,"서귀포 알토산마을은 서귀포시 표선면에서 운영하는 농촌 체험 정보화 마을로, 마을의 북서쪽으로 한라산이 있고 바다가 인접해 있다. 마을 북쪽에 있는 토산망이 바람막이 역할을 함으로써 표선면에서 가장 먼저 감귤 재배를 시작하여 타 마을로 보급한 선도 마을이다. 또한, 제주도에서는 유일하게 마을 전체가 해안에서 500m 이내에 자리 잡고 있으며, 마을 내 감귤 농장에서 바라보는 바다의 풍광이 아름답다. 서귀포시는 지역 주민들의 정보화 마인드 확산 및 이를 통한 소득 증대를 도모하기 위해 알토산마을을 정보화 마을로 지정하여, 정보화 마을 운영을 시작하였다. 2003년 3월 개관한 마을정보센터는 주로 지역 주민들을 대상으로 한 전자상거래 운영, 인터넷 정보 검색 등의 정보화 교육을 시행하고 있다."
서귀포 용왕난드르마을,제주특별자치도 서귀포시 안덕면 대평감산로 8,129327,12,outdoor,outdoor:계곡/등대/산/해안,A02,A0203,A02030100,역사관광지,농.산.어촌 체험,농.산.어촌 체험,126.3670621143,33.2354376484,"‘바다로 뻗어 나간 들, 용왕이 나온 들’이라는 의미를 모아 용왕난드르마을이라 하는 이곳은 안덕계곡에서 아래쪽으로 내려오면 보이는 평온하고 따스한 마을이다. 마을을 품고 있는 군산은 동해 용왕 아들이 스승님 은혜에 보답하기 위해 만들었다고 전해오고 있다. 또한 해안가를 따라 걸어도 좋고, 아기자기한 마을 길을 따라 다녀도 좋은 곳이다. 박수기정을 옆으로 포구가 있는데 빨간 등대의 소녀상은 보는 사람마다 제주의 등대 중 손에 꼽을 만한 등대라고 하는 곳이다."
서귀포 자연휴양림 야영장,제주특별자치도 서귀포시 영실로 226 (하원동),2752729,28,mixed,indoor:숙박 | outdoor:레포츠/산/전망대/캠핑/휴양림 | mixed:관광단지,A03,A0302,A03021700,레포츠소개,수련시설,"야영장,오토캠핑장",126.4789806489,33.3387113420,"서귀포자연휴양림은 제주시와 서귀포 중문 관광단지를 잇는 1,100 도로 동쪽에 자리 잡고 있는 휴양림으로, 서귀포 시내에서는 차로 30분 정도 소요된다. 한라산 자락 아래 다양한 수종의 원시림 있고, 특히 울창한 편백숲이 있는 제주 최고의 휴양림이다. 피톤치드 가득한 편백 숲 속에 야영장이 운영되고 있다. 산책로를 따라 전망대에 오르면 바다도 한눈에 볼 수 있다. 숙박 비용이 전국에서 가장 비싼 지역 중에 하나인 제주에서 저렴한 가격으로 누릴 수 있는 야영장으로 인기가 높다. 데크는 크기에 따라 두 가지가 있고, 편백나무들 사이에 있는 사이트들이라, 주차장에서부터 카트로 짐을 날라야 하고, 휴양림 특성상 휴대용 버너만 이용 가능하고 숯 사용은 제한된다."
서귀포 제주에인 감귤밭 카페,제주특별자치도 서귀포시 호근서호로 20-14 (호근동),3071677,39,indoor,indoor:음식점/카페,A05,A0502,A05020900,음식점,한식,카페/전통찻집,126.5390217302,33.2565935822,"제주에인감귤밭은 제주 서귀포에 위치한 감귤밭이 있는 카페이다. 감귤 따기 체험부터 감귤, 청귤청 만들기까지 아이들과 체험활동을 하면서 시간을 보내기에 좋다. 음료를 주문하면 감귤밭 입장이 가능하며 감귤밭의 포토존에서 사진도 찍을 수 있다. 귤밭에는 여름까지 볼 수 있는 하귤나무와 포토존에는 데코용 귤이 상시 달려있기 때문에 사계절 내내 귤과 예쁜 사진을 남길 수 있다. 카페에서는 한라봉을 이용한 라봉퐁당에이드와 감귤모자 등 예쁜 감귤과 관련된 소품들을 판매한다. 감귤따기체험은 귤수확시즌에 따라 달라지므로 체험 가능 유무를 확인하여야 한다. 감귤따기와 감귤청, 청귤청 만들기 체험 프로그램도 있다."
서귀포 패류화석산지,제주특별자치도 서귀포시 남성중로 43 (서홍동),2932006,12,outdoor,outdoor:공원/산/해안,A01,A0101,A01010500,자연관광지,국립공원,자연생태관광지,126.5582787717,33.2398207377,"서귀포층의 패류 화석은 서귀포시 남서 해안 절벽에 있는 조개 종류의 화석을 말한다. 이 절벽에는 퇴적암층이 드러나 있고 거친 면이 현무암으로 덮여 있다. 이 화석층에서는 조개 화석 위주의 동물 화석이 많이 발견된다. 약 180만 년 전부터 50만 년 전에 화석 생물과 함께 쌓여 이루어진 것으로 추정되며, 그 후 100m 정도 솟아오른 곳이 물결로 인해 깎여서 절벽으로 변했다. 서귀포층에서 발견된 화석으로는 부족류, 달팽이·전복·우렁이와 같은 복족류, 굴족류, 완족류, 성게·해삼·불가사리 등의 극피동물, 산호 화석, 고래와 물고기 뼈, 상어 이빨 등의 화석이 있다. 미화석으로는 바다에 사는 단세포동물인 유공충이 있다. 위와 같은 조개 화석은 현재에도 존재하는 것이지만, 대부분 근처 해안에서는 발견되지 않고 더 따뜻한 남쪽 바다에서 발견된다. 이는 서귀포층이 쌓일 당시의 바다가 지금보다 따뜻했음을 말해준다.

(출처 : 제주관광공사 홈페이지)"
서귀포 하논분화구,제주특별자치도 서귀포시 일주동로 8823 (하논분화구방문자센터),2615028,12,outdoor,outdoor:공원/산,A01,A0101,A01010500,자연관광지,국립공원,자연생태관광지,126.5462294883,33.2543967165,"하논마르는 한반도 유일의 마르형 분화구이다. 동서 방향으로 약 1.8㎞, 남북 방향으로 약 1.3㎞의 너비를 갖는 타원형 화산체로 분화구의 형태는 원형이며 해발 143.4m, 높이 88m이다. 하논은 논이 많다는 뜻의 제주 방언이다. 평탄하고 용천수가 나오는 하논 분화구 바닥에서 벼농사를 짓고 있는데 큰 논이란 뜻의 한 논이 변형되어 현재의 지명이 된 것으로 추정된다. 마르형 분화구는 용암 분출로 생선된 일반적인 화산 분화구와 달리 용암이나 화산재 분출 없이 깊은 지하의 가스 또는 증기가 지각의 틈을 따라 모여 폭발하여 생성된 분화구다. 하논의 마르 퇴적층에는 환경과 기후에 따라 그 특성을 달리하는 다양한 퇴적물이 지속적으로 유입·집적되어 학술 가치가 높다.
차로 5분 거리에 있는 걸매생태공원과 같이 둘러보기 좋다."
서귀포매일올레시장,제주특별자치도 서귀포시 서귀동 340,1013258,38,outdoor,indoor:공연장/쇼핑/시장 | outdoor:공원/야외,A04,A0401,A04010200,쇼핑,5일장,상설시장,126.5641113997,33.2487281813,"서귀포 올레시장은 서귀포시에서 가장 큰 시장이며 1960년대 초반 자연발생적으로 생긴 재래시장으로 60여 년 전통으로 서귀포 경제에 큰 밑받침이 되고 있는 시장이다. 2001년 120m를 시작으로 현재 총 620m에 달하는 아케이드상가를 설치하여 서귀포서민경제에 중추적인 역할을 담당하고 있다. 이곳 주차장은 1시간 무료주차시스템을 도입하여 고객에 최대한 편의를 제공하고 있으며, 시장에서 물건을 구입한 고객의 편의를 위해서 무료로 원하는 장소로 배달하는 택배시스템을 갖추고 있다. 또한 미래의 잠재고객인 청소년들을 위한 야외 공연장 및 분수대가 있는 공원을 갖추고 있다."
서귀포문화원,제주특별자치도 서귀포시 동홍로 30 (동홍동) 서귀포 시민문화체육복합센터 1F,130193,14,outdoor,indoor:박물관 | outdoor:산,A02,A0206,A02060700,역사관광지,박물관,문화원,126.5688303839,33.2509974498,"서귀포문화원은 1996년에 창립하여, 12년 만인 2008년 7월 행정시 통합으로 인한 남제주문화원과 통합문화원으로 새로운 출발을 시작하였다. 서귀포문화원은 성산 일출봉에서 대정 송악산까지 가파, 마라도를 아우르는 역사 유적의 연구 조사 활동, 조상의 숨결이 밴 유형무형의 문화재를 발굴 보존 전승하는 일을 하고 있다. 또, 문화예술교육사업의 목적으로 문화학교와 문화대학을 운영하고 있으며, 숨비소리합창단과 문화동아리도 육성하고 있다. 이 외에도 어르신동아리와 어르신문화콘텐츠를 운영하여 다양한 연령층이 문화를 즐길 수 있고, 문화예술 활동 및 지역문화의 창달을 위해 노력하고 있다."
서귀포시립기당미술관,제주특별자치도 서귀포시 남성중로153번길 15,129767,14,indoor,indoor:미술관/박물관/전시,A02,A0206,A02060500,역사관광지,박물관,미술관/화랑,126.5512403807,33.2447978549,"기당미술관은 제주도가 고향인 재일 교포 사업가 기당 강구범 선생에 의해 건립되어 서귀포시에 기증되었으며 1987년 7월 1일 개관하였다. 기당미술관의 건축은 농촌의 눌(단으로 묶은 곡식을 차곡차곡 쌓아 놓은 더미를 가리키는 제주도 방언)을 형상화하여 나선형의 동선으로 이루어진 전시실이 특징이며, 한국의 전통 가옥을 연상시키는 서까래 천정과 적절한 자연광이 들어올 수 있게 설계되어 쾌적한 전시 공간을 연출하고 있다. 
기당미술관은 5,092㎡의 대지에 1,160㎡ 면적의 지하 1층, 지상 1층 건물로 조성되어 상설전시실, 기획전시실, 수장고, 세미나실, 아트라운지, 사무실 등의 시설을 갖추고 있다. 
상설전시실은 기당 강구범 선생의 친형이자 근대 서예가인 수암 강용범 선생의 유작을 전시하는 ‘수암 전시실’과 제주도 출신의 폭풍의 화가로 잘 알려진 변시지 선생의 작품을 전시하는 ‘우성 변시지 전시실’로 구성되어 있다. 기획전시실은 기당미술관이 소장하고 있는 소장품을 중심으로 매년 3~4차례의 소장품 전과 지역 및 초대작가들의 작품들로 구성되는 기획전을 개최하여 지역예술인과 시민들이 함께 할 수 있는 공간을 만들고 있다. 아트라운지에는 어린이 쉼터 및 미술 도서가 비치되어 있다."
서귀포시청소년수련관,제주특별자치도 서귀포시 중산간서로 97-1 (강정동),131644,28,outdoor,outdoor:레포츠,A03,A0302,A03020200,레포츠소개,수련시설,수련시설,126.4982279520,33.2607119261,"서귀포시 청소년들의 성장을 위한 열린 공간이다. 청소년들이 자발적으로 참여할 수 있는 자치활동을 펼칠 수 있는 공간과 새로운 것을 배우고 느끼기 위한 프로그램을 운영한다. 청소년문화축제와 봉사활동 등 다양한 활동을 통해 건전한 가치관을 형성하고 자아실현을 이룰 수 있도록 한다. 더 나아가 생활권 내 수련시설로서 지역공동체 문화공간을 이루는데 목적이 있다. 주요 시설은 음악연습실, 난타실, 공연연습실, 강의실, 농구장 등을 갖추고 있다."
서귀포예술의전당,제주특별자치도 서귀포시 태평로 270 (서홍동),3030351,14,mixed,indoor:공연장/미술관/박물관/전시 | outdoor:공원/산/오름 | mixed:복합,A02,A0206,A02060600,역사관광지,박물관,공연장,126.5508014945,33.2463615646,"서귀포예술의전당은 지역 문화예술 진흥에 기여하고 시민의 문화예술향유 기회 확대와 공연활동의 지원을 위하여 2014년 6월 개관하여 운영되고 있다. 서귀포시 서홍동 삼매봉원공원 일대부지에 오름 분화구를 모티브로 움푹 파인 디자인과 한라산을 배경으로 제주바람 속에 피어난 문화와 예술의 오름이란 테마로 디자인되었다. 서귀포 예술의 전당은 국비와 지방비로 건축된 서귀포시 최초의 복합문화공간이자 서귀포 유일의 종합문예회관으로 대극장, 소극장, 전시실, 세미나실, 강의실, 연습실 등을 갖추고 있다. 서귀포예술의전당 옆에는 국내 최초의 시립 미술관인 기당미술관이 있어서 함께 방문할 만하다. 가장 제주스러운 작품을 만나는 소박한 미술관으로 미술관 주변 공터나 서귀포예술의전당 뒤편 주차장에 주차를 하고 편리하게 이용할 수 있다."
서귀포유람선,제주특별자치도 서귀포시 남성중로 40 (서홍동),128838,12,mixed,outdoor:섬/해안 | mixed:관광단지,A02,A0202,A02020800,역사관광지,관광단지,유람선/잠수함관광,126.5584621032,33.2391930320,"서귀포 70리 유람선은 서귀포 70리란 말의 유래에서도 알 수 있듯이 서귀포항을 중심으로 한 해안 절경과 여러 개의 섬들로 이루어진 제주도 내 최고의 비경을 감상할 수 있으며, 세계적인 해상 관광지로 소문이 나 외국의 국빈이 제주도 방문 시 관광하는 필수코스로도 유명하다. 서귀포유람선은 고급 시설과 규모를 갖춘 유람선으로, 제주 해상 관광을 즐길 수 있어 단체관광은 물론 신혼여행, 특히, 어린이를 동반한 가족단위 여행객들에게 인기 있는 관광 프로그램으로 자리 잡아가고 있다."
서귀포은갈치축제,제주특별자치도 서귀포시 칠십리로72번길 18 (서귀동) 서귀포항 동부두 일원,3374822,15,outdoor,outdoor:산,A02,A0207,A02070200,역사관광지,문화관광축제,일반축제,126.5656503433,33.2403346868,"2025년 9월 12일(금)부터 9월 14일(일)까지 서귀포수산업협동조합이 개최하는 제6회 서귀포 은갈치축제가 열린다. 100주년 개막식은 9월 12일 18:00시에 진행되며, 특별한 퍼레이드와 공연 그리고 불꽃놀이도 즐길 수 있다. 새벽경매체험과 가요제 등 다양한 프로그램에 참여하고 싶다면 축제 홈페이지를 통해 접수가 가능하다. 축제기간동안 가수들의 무대와 갈치를 이용한 다양한 먹거리가 준비되어 있다."
서귀포자연휴양림,제주특별자치도 서귀포시 1100로 882,128175,12,mixed,outdoor:계곡/공원/산/야외/전망대 | mixed:관광단지,A01,A0101,A01010600,자연관광지,국립공원,자연휴양림,126.4630826543,33.3108197268,"서귀포자연휴양림은 한라산 남서쪽 지대에 있는 천연 휴양림이다. 제주시와 서귀포시 중문관광단지를 잇는 도로 동쪽의 환상의 관광코스 중심에 자리 잡고 있다. 온대·난대·한대 수종이 다양하게 분포된 울창한 편백림에 산림욕장이 조성되어 있으며 봄에는 철쭉, 여름에는 시원한 개울물과 숲, 가을에는 아름다운 단풍, 겨울에는 설경 등 뚜렷한 계절적 감각을 느낄 수 있는 제주도 휴양림이다. 산책로와 만남의 숲, 산막, 놀이마당과 1·2야영장, 협곡탐험로, 전망대, 잔디광장, 야외무대, 야외교실, 어린이놀이터, 족구장, 체력단련장 등과 한라산에서 내려온 물이 고이는 계곡을 이용한 물놀이터 등이 있다."
서귀포천문과학문화관,제주특별자치도 서귀포시 1100로 506-1 천문과학문화관,988207,14,indoor,indoor:박물관/전시/전시관 | outdoor:야외,A02,A0206,A02060300,역사관광지,박물관,전시관,126.4604111560,33.2888776636,"서귀포천문과학문화관은 무병장수를 상징하는 별인 노인성을 관측하기에 최적의 장소로서 천문우주 관련 전시물들과 밤하늘의 천체 및 태양을 관측할 수 있는 천체 망원경들을 보유하고 있으며 아울러 가상의 밤하늘과 디지털 영상을 상영할 수 있는 천체 투영실을 갖추고 있다. 노인성은 무병장수를 상징하는 별로 겨울이 되면 서귀포시 밤하늘에서 관측할 수 있는 별이다. 노인성은 고도가 매우 낮아 지구 북반구의 중위도 지역에서는 관측하기가 쉽지 않다. 북반구에 위치한 우리나라에선 매우 보기 어려운 별이어서 노인성을 볼 수 있는 제주는 노인성이 비치는 땅, 장수하는 사람이 많은 곳으로 여겨졌다. 천문과학문화관에는 주관측실, 천체투영실, 전시실, 강의실이 있으며 황도 12궁을 살펴볼 수 있는 야외조형물이 있다. 또한 별빛 체험 교실, 방학 천문교실 등의 천문우주과학교육 프로그램을 운영하고 있다."
서귀포칠십리시공원,제주특별자치도 서귀포시 현청로 41-19 (서홍동),2836814,12,outdoor,outdoor:공원/산/수목원/전망대/폭포,A01,A0101,A01010700,자연관광지,국립공원,수목원,126.5546645878,33.2668788062,"칠십리시공원은 올레 6코스, 작가의 산책길, 하영올레 등 걷기 길이 지나는 서귀포 공원이다. 칠십리는 제주의 옛 도읍이었던 정의현성 관문에서 서귀진까지의 거리를 말하는 것으로 예로부터 서귀포를 의미해 왔다. 이곳에 서귀포와 제주에 관련된 시비가 있고, 일본 이바라키현과 친선을 기념하는 매화공원이 있다. 가장 유명한 볼거리는 천지연폭포를 조망하는 전망대와 파고라연못이다. 파고라는 서양식 정자를 뜻하며 연못 한가운데 있는 거울 구조물까지 징검다리를 건너 사진을 찍는다. 연못에 비치는 한라산, 매화가 필 때 꽃과 함께 보이는 한라산, 그리고 천지연 폭포와 함께 감상하는 한라산 등 한라산 조망에도 좋은 곳이다. 공원 남쪽 전망대에서는 서귀포항이 내려다 보인다."
서귀포칼호텔 (서귀포KAL호텔),제주특별자치도 서귀포시 칠십리로 242,142965,32,indoor,indoor:숙박/호텔 | outdoor:산/섬/수목원/정원/해안,B02,B0201,B02010100,숙박시설,관광호텔,관광호텔,126.5808072727,33.2443539282,"서귀포 남쪽 바다가 닿을 듯 시원스레 보이는 해안가에 위치한 서귀포KAL호텔은 섶섬, 문섬, 범섬을 품은 푸른 바다와 사계절 아름다운 한라산을 감상할 수 있는 호텔이다. 제주도 남쪽 바다의 ‘거믄여 해안가’를 바라보며 드넓게 펼쳐진 이국적인 분위기의 야자수 정원, 고즈넉한 운치를 만끽할 수 있는 팔각정과 호반 옆의 워싱턴 야자수 길, 수목원에 와있는 듯한 솔밭 산책길과 어우러져 사계절의 향기를 담은 수목과 꽃들이 만개한 호텔 앞 길 산책로는 여유로운 정취를 즐기며 휴식할 수 있는 최적의 힐링 스팟이다."
서귀포항,제주특별자치도 서귀포시 칠십리로72번길 14 (서귀동),2791505,12,outdoor,outdoor:공원/산/섬,A01,A0101,A01011400,자연관광지,국립공원,항구/포구,126.5648726592,33.2391598040,"우리나라 최남단에 위치하는 이 서귀포항은 한라산이 있어 여름철을 제외한 대부분이 평온한 해상 기온을 유지하고 있다. 본래 기능은 어항이나 관광객을 받아들이는 관광항으로서의 기능도 커 오래전부터 관광잠수정 등의 해양 관광지로 각광을 받으며 현재는 잠수함과 유람선 제트보트 등 청명한 바다를 즐길 수 있는 레저시설이 있다. 서귀포항 주변은 해양 생태계 보전 지역 및 해양 보호 지역으로 지정되어 있는 등 환경 민감 자원이 다수 분포되어 있으며, 문섬과 새섬, 섶섬 등 아름다운 섬들이 펼쳐진 풍경도 서귀포항의 관광 자원에 한 몫 한다. 서귀포항에서 보이는 문섬 앞 바다는 푸른 바다 속 산호 풍경이 아름다워 다이버들이 즐겨 찾는 곳이기도 하다. 

(출처 : 비짓제주)"
서귀포해안,제주특별자치도 서귀포시 남성로128번길 13 (서홍동),1896768,12,outdoor,indoor:몰 | outdoor:공원/산/섬/폭포/해안,A01,A0101,A01011100,자연관광지,국립공원,해안절경,126.5559789263,33.2418038156,"제주 한라산 정남쪽에 위치한 서귀포항은 칠십리를 에워싼 해안절벽의 웅장함과 파란 물결 위에 호위하는 듯 떠 있는 섬들의 수려함으로 빼어난 미항이다. 서귀포항을 중심으로 부두와 섬 속의 섬, 화물선과 낚시어선, 칠십리 해안이 잘 어우러져 있는 이곳이 서귀포 칠십리 해안경승지이다. 서귀포 칠십리는 성읍마을에서 서귀포구까지 약 70리, 28km의 해안 거리를 의미하였지만, 지금은 서귀포 해안선과 비경을 의미하는 고유명사이다. 또한 서귀포시가 지정한 서귀포 70경 중의 한 곳이며, 일출과 일몰이 아름다운 곳으로 잘 알려져 있다. 더구나 서귀포항은 천지연 폭포 입구에 있어, 폭포의 아름다움에 흠뻑 취해서 돌아온 사람들에게는 간이역의 역할을 한다."
서귀포해양도립공원,제주특별자치도 서귀포시 남성중로 43 (서홍동),601489,12,outdoor,indoor:몰 | outdoor:공원/산/섬/폭포/해안,A01,A0101,A01010200,자연관광지,국립공원,도립공원,126.5582787717,33.2398207377,"제주특별자치도 서귀포시 해안을 중심으로 이루어진 해양 도립공원이다. 서귀포 70경 중의 하나인, 이곳은 서귀포시를 중심으로 동서로 약 칠십 리를 에워싼 해안 절벽과 파란 물결 위에 떠 있는 섬들과 어우러진 빼어난 미항으로 서귀포 관광의 진수로 잘 알려진 서귀포 해안 칠십 리 경승지이다. 경관이 아름답고 세계적 희귀종인 후박나무가 자라고 있으며, 천연기념물인 흑비둘기가 서식하는 남쪽 한계 지역이다. 또한  지질 구조적 특징인 주상 절리와 학술 가치가 큰 한국 특산 해산 생물 신종, 미기록종이 다수 출현하는 곳으로서 남방계 생물종 다양성을 대표한다. 해양 생태 자원 보존을 통해 생태적 질서를 유지하고, 자원 활용의 극대화로 새로운 관광 행태를 창출하고자 서귀포 해양시립공원이 2007년 1월 서귀포 해양도립공원으로 변경되었다. 특히, 일출과 일몰이 아름다운 곳으로 잘 알려졌다. 더구나 공원은 천지연 폭포 입구에 있어, 폭포의 아름다움에 흠뻑 취해서 돌아온 사람들에게는 간이역의 역할을 한다."
서귀포향토오일시장,제주특별자치도 서귀포시 중산간동로7894번길 18-5 (동홍동),132556,38,outdoor,indoor:쇼핑/시장 | outdoor:산,A04,A0401,A04010100,쇼핑,5일장,5일장,126.5724963753,33.2669040864,"서귀포향토오일시장은 서귀포시를 대표하는 오일장으로 1995년 개설되어 매월 4일, 9일마다 장이 열린다. 큰 규모만큼 오랜 명맥을 유지하고 있으며 구역이 시원시원하게 정돈되어 있어 둘러보기 좋다. 제철 과일과 싱싱한 수산물, 채소 등 먹거리를 비롯해 아기자기한 잡화와 의류까지 다양한 물품들을 판매하는 시장이라 도민과 관광객이 모두 찾는 시장이다. 전국 최초로 고객 서비스 헌장을 마련했고 다양한 상품을 판매하며 쾌적하게 쇼핑을 즐길 수 있도록 편의 시설을 최적화해 왔다. 주차공간이 넉넉하고 시티투어 버스가 다녀 버스 정류장이 가까이 있어 접근성이 좋다."
서귀포홍리실내수영장,제주특별자치도 서귀포시 지장샘로182번길 149 (동홍동),3031552,28,mixed,indoor:실내 | outdoor:레포츠,A03,A0303,A03030700,레포츠소개,윈드서핑/제트스키,수영,126.5650275459,33.2683343660,"제주도 서귀포홍리실내수영장은 2020년에 개장한 서귀포시 대표 수영전문교육기관이다. 친환경해수풀의 첨단 수질관리 여과시스템을 도입하고, 수영장 내 데크 난방 설치와 30도 이상 물온도를 유지하여 사계절 따뜻하게 수영을 즐길 수 있다. 1층 언덕에 있어서 통창으로 서귀포를 내려다보는 뷰가 아주 멋지다.
정규메인풀 25m x 6 레인(수심 105~115cm), 안전수심풀 15m x 3 레인(수심 80cm)의 총 9개 레인에서 성인, 어린이, 유아수영강습을 전문적으로 운영하고 있다. 서귀포홍리실내수영장은 선수 출신의 전문지도자로부터 개인 수준에 따라 단계별 (초·증·상급) 성인수영강습과 맞춤형 어린이수영강습, 유아수영강습, SST선수부, 개인강습 등이 구성되어 있다. 또한, 부모님들을 위한 전용 관람석과 대형 모니터가 로비에 설치되어 있어 실시간 교육과정을 모니터링할 수 있다."
서귀포흑돼지명가,제주특별자치도 서귀포시 태평로 122 (호근동),664982,39,indoor,indoor:음식점 | outdoor:산/정원,A05,A0502,A05020100,음식점,한식,한식,126.5363611298,33.2441088064,"50년 넘는 전통의 서귀포흑돼지명가는 제주도 청정 암퇘지 갈비는 엄선된 천연 재료로 만든 양념으로 만들어져 아주 독특한 맛을 낸다. 직장인이나 관광객들의 간단한 점심 식사를 위해 마련한 정식 메뉴를 비롯하여 뚝배기, 건강식 장수 해물탕, 매콤한 맛이 일품인 갈치조림, 얼큰한 된장찌개 등은 서귀포흑돼지명가의 전통 메뉴로 사랑받고 있다. 특히 서귀포흑돼지명가에서는 화학조미료를 사용하지 않는 것이 특징이다. 겨울을 제외한 계절에는 테라스에서 가벼운 음료나 맥주 등을 즐길 수 있으며, 식사 후 가볍게 산책할 수 있는 정원도 있어서 좋다."
서귀피안 베이커리,제주특별자치도 서귀포시 신양로122번길 17,2877645,39,indoor,indoor:베이커리/숙박/음식점/카페 | outdoor:해수욕장,A05,A0502,A05020900,음식점,한식,카페/전통찻집,126.9219900411,33.4352827669,"서귀피안 베이커리는 제주 신양섭지해수욕장에 있다. 제주 동쪽 최대 규모의 카페로 전 좌석 45m 파노라마 오션 뷰를 즐길 수 있다. 크림색과 우드톤, 민트색이 어우러진 유러피안 감성 인테리어에 단체석이 있으며 1층은 바와 레스토랑, 2층은 베이커리 카페, 3층은 서귀피안 라운지로 운영한다. 아침 8시부터 빵이 나오기 시작하여 근처에서 숙박하는 여행자가 아침 식사하기 좋다. 주변 여행지로 섭지코지 등이 있다."
서귀피안 보래드 베이커스,제주특별자치도 서귀포시 보목로64번길 178 (보목동),2839730,39,indoor,indoor:베이커리/숙박/음식점/카페/호텔 | outdoor:산/섬/폭포,A05,A0502,A05020900,음식점,한식,카페/전통찻집,126.5905508715,33.2444429618,"보래드베이커스는 제주 서귀포시에 위치한 감성적인 분위기의 베이커리 카페로, 서귀항과 문섬이 한눈에 내려다보이는 탁 트인 오션뷰를 자랑한다. 호텔 서귀피안과 함께 운영되고 있어 숙박과 함께 고품질의 커피와 베이커리를 즐길 수 있다. 이곳의 모든 베이커리 메뉴는 당일 생산, 당일 판매를 원칙으로 하여 신선하고 풍미 가득한 맛을 자랑한다. 고급 생커피콩을 직접 선별해 매장에서 로스팅하는 로스터리 카페로, 커피 본연의 깊고 풍부한 향미를 즐기기에 좋다. 세련된 인테리어와 여유로운 공간 구성으로 커피 한 잔의 여유를 즐기기에 제격이며, 인근에는 정방폭포, 외돌개 등 제주 대표 관광지가 가까워 연계 관광 코스로도 안성맞춤이다."
서문공설시장,제주특별자치도 제주시 서문로4길 13-2,993261,38,outdoor,indoor:쇼핑/시장/식당 | outdoor:산,A04,A0401,A04010200,쇼핑,5일장,상설시장,126.5179483634,33.5113734195,"서문공설시장은 제주시 서부중심에 위치한 60년의 역사를 가진 전통 재래시장이다. 80여 개의 점포를 갖추고 있으며 축산, 정육 등 육류 소비 특화시장으로 선정되어 제주도내에서 가장 활발한 육류소비가 이루어지고 있다. 시장 내에는 3개의 정육 마트가 자리하고 있다. 원하는 부위의 고기를 저렴하게 구매한 후 정육 식당이 들어선 상가건물을 찾아가면 상차림 비용을 지불하고 구매한 고기를 그 자리에서 맛볼 수 있다. 이 외에도 식품과 건어물, 과일 등 다양한 품목들이 판매되고 있다. 다른 상설시장에 비해 한산한 편이며, 주차 시설이 잘 갖추어져 있는 것이 특징이다."
서복전시관,제주특별자치도 서귀포시 칠십리로 156-8 (서귀동),130682,14,outdoor,indoor:박물관/전시/전시관 | outdoor:산/전망대/폭포/해안,A02,A0206,A02060300,역사관광지,박물관,전시관,126.5706414743,33.2449259259,"서복전시관은 중국 진나라 때 진시황의 불로장생의 꿈을 이루기 위해 불로초를 찾아 제주도로 왔다고 전해지는 서복을 기념하여 만든 전시관이다. 1999년 2월 27일 문화관광부 전국 7대 문화관광권 개발 사업으로 지정되어 2003년 9월 26일 개관했다. 서복은 영주산에서 불로초를 구한 후 서귀포 앞바다 정방폭포 암벽에 ""서복이 이곳을 지나갔다""라는 글자를 새겨 놓고 서쪽인 중국으로 돌아갔다고 전해진다. 서귀포의 지명도 ‘서쪽으로 돌아간 포구’에서 유래됐다는 이야기가 있다. 전시관에는 서복상을 비롯해 진시황릉의 청동마차, 병마용갱의 실물 복제품과 조각 작품들이 전시되어 있다. 중국 원자바오 총리의 실물 크기 사진과 촬영하는 포토존, 주변 해안 전망대와 쉼터 등이 조성되어 있다."
서부두수산시장,제주특별자치도 제주시 임항로 49 (건입동),2765319,38,outdoor,indoor:센터/쇼핑/시장 | outdoor:산,A04,A0401,A04010200,쇼핑,5일장,상설시장,126.5300138523,33.5170396509,"제주 국제공항에서 자동차로 15분 거리에 떨어져 있는 서부두 수산시장은 싱싱한 제철 생선을 저렴하게 만나볼 수 있는 수협 공판장이다. 매일 이른 아침이면 갓 잡은 생선이 부두를 통해 들어오며, 경매에 부쳐진다. 경매가 끝나면 제철 생선과 각종 먹거리를 구경할 수 있는데, 오전 일찍 가야만 만나볼 수 있다. 제주의 특산물인 은갈치부터 쥐치, 옥돔, 한치 등 다양한 생물을 판매한다. 근처에는 갓 잡은 생선들을 손질해 주는 회 센터가 많아 바로 먹거나, 선물하기에도 좋다."
서서방숯불닭갈비 제주본점,제주특별자치도 제주시 신광로 61 1층,2839783,39,indoor,indoor:음식점/호텔 | outdoor:공원/산/해안,A05,A0502,A05020100,음식점,한식,한식,126.4901152327,33.4866479357,"서서방숯불닭갈비는 제주시 호텔이 밀집된 연동에 있다. 초벌구이한 고기를 숯불로 구운 양념 닭갈비, 흑돼지가 메인메뉴이며 닭고기는 제주산 한라 육계만 사용한다. 오너 세프가 제주 토박이로 제주 시내에 본점 포함 3개 지점을 운영하고 있다. 제주공항과 가깝고 차 없는 거리 옆에 있어 주차장은 없다. 근처에 삼무공원, 도두봉, 무지개 해안도로 등이 있다."
서우봉둘레길,제주특별자치도 제주시 조천읍 함덕12길 16,2738671,28,outdoor,outdoor:둘레길/레포츠/산/해변/해수욕장,A03,A0302,A03022700,레포츠소개,수련시설,트래킹,126.6641460999,33.5407280629,서우봉둘레길은 제주도 조천읍 함덕해수욕장 동쪽 바다에 접해 있는 제주 올레길 19코스에 포함된 길이다. 봄이면 노란 유채꽃이 에메랄드빛 함덕 해변과 어우러져 최고의 산책 코스로 손꼽힌다. 서우봉은 완만한 등성이가 크게 두 봉우리를 이루고 있는 원추형 화산체이며 바라보는 조망이 좋아 새해마다 일출제가 열린다. 서우봉은 역사적으로도 의미가 있는 곳이다. 진도에서 거제로 피신해 온 삼별초군이 마지막으로 저항하였던 곳으로 김방경 장군과 삼별초군의 전투가 벌어진 지역이다. 서우봉 정상은 조선시대에 만들어진 봉수대가 있었고 일제강점기에 일본군이 구축한 동굴이 20곳 있다. 정상에 올라 함덕의 아름다운 물빛과 멀리 보이는 한라산을 감상하며 여유를 만끽하기 좋고 패러글라이딩을 즐기는 인구가 늘고 있다.
서작가초밥집,제주특별자치도 서귀포시 태평로 416-1,2938592,39,indoor,indoor:음식점 | outdoor:산,A05,A0502,A05020300,음식점,한식,일식,126.5648114250,33.2448786169,"서귀포 작은 가게 서작가초밥집은 기본에 충실한 소박한 일식집이다. 직접 손질한 재료를 초밥에 올리며, 직접 끓인 육수로 우동를 만들고 그 외 야채 소스나 튀김도 직접 만든다. 당일바리 자연산 초밥과 정택진 초밥이 대표 메뉴이며, 특히 신선한 활어초밥과 바삭한 왕새우튀김도 인기이다. 기성품, 반제품을 줄이고 하나하나 정성껏 만들어서 대접하는 곳이다. 직접 모든 것을 만든다는 것은 손이 많이 가고 많은 시간을 투자해야 하지만, 그 작은 맛의 차이를 알아봐 주는 고객들이 계속 찾아와 단골이 생기는 가게이다."
서툰가족,제주특별자치도 서귀포시 안덕면 사계중앙로 41-15,2707417,32,indoor,indoor:숙박/호텔 | outdoor:산/야외/해안,B02,B0201,B02011000,숙박시설,관광호텔,민박,126.2980682613,33.2282179181,"제주 서귀포시의 조용한 해안가 마을 사계리에 위치한 서툰가족이다. 이 곳을 운영하는 부부는 세 아이의 아빠와 엄마로 아이와 함께 여행하는 부모의 마음을 누구보다 잘 알고 있다. 부부의 그 따뜻한 시선과 건축사무소 이룩(2look)의 감성이 더해져 렌탈하우스 서툰가족이 완성되었다. ‘아이가 있지만 깔끔한 집’을 꿈꾸며 지은 미니멀 하우스에는, 화이트 톤의 잘 정돈된 소품과 연령별 아기용품 장난감이 준비되어 있다. 어른과 아이 모두 편안하고 즐거운 여행을 했으면 하는 고민을 담은 결과이다. 따뜻한 느낌의 2591-3번지와 미니멀한 매력의 2591-4번지, 총 두 동으로 이루어져있다. 돌담 너머로 산방산이 보이고 객실의 큰 창으로는 제주 자연의 사계절 변화를 느낄 수 있다. 아이들과 함께하는 숙소인 만큼 이불 소재, 어매니티 성분, 장난감 종류, 객실비품 등을 하나하나 꼼꼼히 선별하여 구비했다. 특히 한쪽에 마련된 비밀기지 같은 독특한 구조의 공간이 아이들의 상상력을 자극한다. 여행에 있어 숙소는 내 집이 아닌 비 일상적 공간이지만 여행 자체는 일상의 연속이다. 만든 이의 배려가 담긴 공간에서 집과 같은 편안함을 느끼는 동시에, 조금은 특별한 경험을 하고싶다면 서툰가족을 추천한다. 아이들이 신나게 놀 수 있는 야외 조립식 수영장과 모래놀이터, 제주의 공기와 바람을 느낄 수 있는 넓은 잔디밭, 아이와 손잡고 걷는 사계바다 산책은 가족의 여행을 단란하게 채워주는 행복한 추억이 될 것이다."
서프라이즈 테마파크,제주특별자치도 제주시 조천읍 남조로 2243,2633955,12,mixed,outdoor:공원/둘레길/산 | mixed:관광단지/테마파크/파크,A02,A0202,A02020600,역사관광지,관광단지,테마공원,126.6596065516,33.4652169011,"서프라이즈테마파크는 문화예술계에서 주목하고 있는 재활용 소재를 활용한 장인정신의 숨결과 혼이 깃든 신비로운 정크아트 (Junk Art 폐품으로 만든 입체 예술작품)를 만나볼 수 있는 곳이다. 재활용 소재로 만들었으나 디테일과 크기는 그 어떤 작품 못지않은 정교함과 웅장함을 자랑한다. ‘SBS 세상에 이런 일이’에 방영된 깜짝 놀랄만한 세계 수준의 예술작품을 생동감 있게 구현한 영화 속 히어로들 그리고 애니메이션 주인공들과 함께 가까이에서 만날 수 있다. 다양한 크기와 형태로 작품화된 캐릭터를 통해 그들을 직접 만나고 체험해 봄으로써 흥미와 감동으로 아 동과 청소년들의 꿈을 키우고 용기와 진취적 기상을 심어줄 수 있는 계기가 될 것이다. 50,000여 평의 넓은 대지 위에 펼쳐진 500여 점의 작품과 주변 풍경의 파노라마는 전 지역이 포토존으 로 활용될 수 있어서 가족 단위의 나들이를 통해 추억의 시간을 간직할 수 있으며, 곶자왈둘레길 생태체 험 산책을 통해 삼림욕을 함으로써 웰빙을 구가할 수 있다. 또한 단체 학생들의 체험 활동을 통해 꿈과 끼를 키우는 감성 교육의 장으로 활용될 수 있다."
서홍정원,제주특별자치도 서귀포시 솜반천로55번길 12-8,2877671,39,indoor,indoor:실내/음식점/카페 | outdoor:야외/정원,A05,A0502,A05020900,음식점,한식,카페/전통찻집,126.5544260403,33.2526164877,"서홍정원은 45년 된 구옥을 개조한 주택형 카페이다. 나카무라출신의 파티시에가 계절디저트와 케이크를 수제로 만들며, 100% 동물성 생크림을 사용한다. 야외 테이블에는 사계절 푸른 나무가 있고 실내는 빛이 잘 드는 창과 다양하고 빈티지한 테이블이 있다. 비밀의 정원 같은 테라스에 앉아 숲을 감상할 수 있다. 시그니처 메뉴로는 아몬드비엔나와 카푸치노번이 있고 브런치 인기메뉴로는 제주흑돼지 미트볼&적채 샐러드, 프렌치토스트 등이 있다."
석예원 본초 족욕 성산점,제주특별자치도 서귀포시 성산읍 섭지코지로25번길 34 2층,3012012,12,mixed,outdoor:산/해변 | mixed:관광단지,A02,A0202,A02020500,역사관광지,관광단지,헬스투어,126.9195734269,33.4421097515,"자연에서 추출된 천연 재료를 사용하여 여행의 피로를 풀 수 있는 셀프 족욕 테라피를 체험하는 곳이다. 천연미용소금, 페퍼민트 오일과 한방의 본초족욕수를 활용한 셀프족욕은 지친 몸과 마음을 잠시 쉬어가기에 충분하다. 생명체에 대한 양생, 치료, 예방에  제공되는 천연 약물을 본초라고 한다. 본초족욕에서 사용되는 본초수는 한의학에서 사용되는 엄선된 한약재로 만들어진다. 예로부터 한의학에서는 두한족열 즉, ‘머리는 차게 하고 발은 따뜻하게 하라’고 하였다. 오장육부의 축소판이라고 잘 알려져 있는 발은 인간의 신체 전부가 발이다라고 불릴 만큼 중요한 신체이다. 족욕은 뭉친 근육을 풀어주고 체내 노폐물을 제거해 주며 혈액순환을 원활하게 해준다. 예약제로 운영하므로 온라인으로 사전 예약 후 방문하는 것이 좋다.    
인근에는 섭지코지, 광치기해변 등의 관광지가 있다."
선광사(제주),제주특별자치도 서귀포시 남원읍 태위로510번길 42 (남원읍),318339,12,outdoor,outdoor:해안,A02,A0201,A02010800,역사관광지,고궁,사찰,126.6994907989,33.2726999126,"선광사는 서귀포시 남원읍에 자리한 한국불교태고종 사찰이다. 선광사는 해안 석벽과, 자연의 신비로움을 간직한 해안 동굴들이 태고의 경이로움을 그대로 간직한 채 바다와 맞서고 있는 남원큰엉을 배경으로 하고 있다. 선광사가 창건된 것은 1942년 보화 법인스님이 법당과 객실을 지으면서부터이다. 1945년에는 1차 중건 불사로 포교활동에 박차를 가했으나, 1948년 4·3사건의 여파로 선광사는 잠시 폐사가 된다. 그 후 4·3사건과 6·25전쟁 등 격동의 세월을 역사와 함께 보내고 나라가 어느 정도 안정을 되찾게 되자, 다시 중창 불사하여 현재 이 지역에서 보기 드물 정도의 사찰 면모를 갖추고 오늘에 이르고 있다."
선녀와나무꾼,제주특별자치도 제주시 조천읍 선흘리 1997,598187,12,mixed,indoor:박물관/실내/전시/체험관 | outdoor:공원 | mixed:관광단지,A02,A0202,A02020600,역사관광지,관광단지,테마공원,126.7037135147,33.4792299475,"제주 조천읍 선흘리에 위치한 선녀와 나무꾼은 옛 추억을 회상할 수 있는 실내 테마 공원이다. 옛 서울역의 모습을 재현한 건물로 들어서면 다양한 테마의 건물 모형과 옛날 물건들이 전시되어 있다. 옛 장터의 모습을 재현한 거리와 고고장, 다방, 만화방 등 옛 도심, 달동네 등의 풍경을 보며 그 시절을 살아온 세대는 추억에 잠기고, 그 시절을 경험하지 못한 세대는 부모님이 살아온 삶의 모습을 짐작할 수 있다. 추억의 영화 마을에서는 옛 영화를 하루 종일 상영하고 있어 이를 무료로 관람할 수 있다. 옛 학교를 재현한 공간에서는 옛 교복을 입고 기념사진을 남기는 특별한 경험을 할 수 있어 남녀노소 모두에게 반응이 좋다. 그 밖에 닥종이 인형이 테마별로 전시된 공간과 농기구 등 민속용품이 전시된 농업박물관 등 볼거리가 끝이 없다. 굴렁쇠, 팽이, 고무줄놀이 등 추억의 놀이를 체험할 수 있는 체험관도 있고, 꿩, 토끼 닭 등을 볼 수 있는 작은 공간과 도깨비가 있는 공포의 집에서도 특별한 추억을 만들 수 있다. 실내에 조성되어 있어 날씨와 관계없이 즐길 수 있는 테마공원인 이곳은 옛 추억을 떠올리고 싶은 사람들과 새로운 추억을 쌓고 싶은 사람 모두 즐거운 시간을 보낼 수 있는 여행지이다."
선물가게 바나나,제주특별자치도 서귀포시 일주서로 875,2852532,38,mixed,indoor:쇼핑/카페 | outdoor:산/오름/해수욕장 | mixed:관광단지,A04,A0401,A04010900,쇼핑,5일장,특산물판매점,126.4171378214,33.2580637163,"선물가게 바나나는 제주 중문관광단지 입구 삼거리에 위치하고 있다. 제주 감성 소품 샵으로 제주와 관련된 당근 모자, 기념 티셔츠와 같은 패션 소품, 메모지, 포스트잇 등의 지류, 문구용품, 머그잔, 비누, 향초, 마그네틱 등 다양한 기념품을 판매하고 있다. 매장 한편에는 카페도 운영되고 있으며 보틀 와인 및 제주에서 생산하는 가공식품류도 함께 판매하고 있다. 주변 여행지로 베릿내오름, 중문색달해수욕장 등이 있다."
선물고팡 공항본점,제주특별자치도 제주시 월성로 15 (용담이동),3502045,38,outdoor,indoor:쇼핑 | outdoor:산,A04,A0401,A04010900,쇼핑,5일장,특산물판매점,126.5049524611,33.5030019167,"매장 1층에는 신선하고 특별한 제주의 특산품, 청과품, 수산품등을 저렴하게 판매하고 있으며 2층에 올라서면 제주 감성을 담은 감성소품과 선물고팡에서만 만나볼 수 있는 자체제작의 귀여운 감성소품들도 다양하게 준비되어 있다. 이곳은 5만 원 이상 구매 시 무료택배를 하고 있다. 또한 매장 전용 주차장이 있어 편안한 쇼핑이 가능하다."
선셋티아,제주특별자치도 제주시 조천읍 선흘남4길 31,3487794,32,indoor,indoor:숙박/펜션/호텔,B02,B0201,B02010700,숙박시설,관광호텔,펜션,126.7048710974,33.5076545994,"제주의 자연을 가득 품은 선흘리에 위치한 선셋티아는 1,000여 평의 대지에 있는 숙박 시설이다. 노을빛을 닮은 붉은 벽채와 이색적인 분위기를 풍기는 빨강 지붕이 특징이다. 객실은 포레스트, 선셋, 선라이즈 3개로 운영되고 있으며, 각 객실이 독채로 이루어져 있어 숙박객들은 아늑한 공간에서 휴식을 취할 수 있다. 객실마다 프라이빗한 수영장이 마련되어 있으며, 일반적으로 수영장은 5월부터 10월까지 미온수로 운영된다. 숙소 주변은 나무로 둘러싸여 있고 건물 바로 앞에는 넓은 잔디가 펼쳐져 있어, 자연의 평화로움을 만끽하며 편히 쉬어갈 수 있다. 숙박객들에게는 수제 요거트와 리코타 치즈가 있는 브런치 세트를 함께 제공하고 있으며, 포레스트 객실 이용 시에는 추가 요금을 지불하고 모닥불 세트를 이용할 수 있다."
선양빌리지돔,제주특별자치도 제주시 조천읍 와흘로 350,2752277,28,outdoor,indoor:펜션 | outdoor:레포츠/산/캠핑,A03,A0302,A03021700,레포츠소개,수련시설,"야영장,오토캠핑장",126.6438660364,33.4746739361,"선양빌리지돔은 제주시 조천읍 와흘리에 위치해 있는 펜션과 카라반이 함께 있는 캠핑장이다. 초록 잔디가 아름답고 카라반 앞에는 대형 화분도 진열해 두어 아름답다. 선양빌리지돔의 상징인 블루베리 나무들이 가득해 마음대로 따먹을 수 있다. 여름철엔 수영장을 설치 아이들에게 물놀이를 제공한다. 제주도 어디를 여행하든 이동하기 좋은 위치에 자리 잡고 있어  한라산은 자동차로 10분, 제주공항까지는 20분, 성산 일출봉은 30분, 서귀포시까지는 40분이면 도착이 가능하다."
선운정사,제주특별자치도 제주시 애월읍 구몰동길 65,2738675,12,mixed,outdoor:산 | mixed:복합,A02,A0201,A02010800,역사관광지,고궁,사찰,126.3071574318,33.4293874894,"제주의 정겨운 마을과 운치 있는 농촌 길을 걷다 보면 아름다운 모습을 한 선운정사를 마주할 수 있다.  이 사찰은 제주올레 15코스에 포함된 사찰이다. 불교문화의 전승뿐만 아니라 제주의 문화를 함께 보존하기 위해 노력하는 공간으로, 설문대할망과 오백장군 전각, 소원을 이루어주는 소원석 등 다양한 조형물을 볼 수 있다. 무엇보다 유명한 것은 바로 야경이다. 절터를 은은하게 수놓는 연꽃등과 멋진 야경을 무료로 즐길 수 있어 인기다. 해가 떨어지는 7시쯤부터 경내에 불이 하나 둘 들어오기 시작한다. 수백 개의 LED 연꽃등과 탑, 전각 등을 밝히는 조명이 경내를 채우는 차분한 경전 소리와 어우러진다. 또한 사찰 내에 제주특별자치도 문화유산자료로 지정된 ‘선운정사 석조약사여래좌상’이 있다. 선운정사 석조여래좌상은 조선시대 이래 유행한 약기인의 약사불상의 도상을 정확하게 보여주고 있으며, 통일신라시대부터 조선시대까지 시대의 복합상을 갖춘 불상이다."
선이네밥집,제주특별자치도 제주시 조천읍 조천리 1220,2833409,39,indoor,indoor:식당/음식점,A05,A0502,A05020100,음식점,한식,한식,126.6399843684,33.5381668477,"선이네밥집은 제주에서 집밥 스타일의 한식 백반을 맛볼 수 있는 식당이다. 정식 메뉴에는 된장찌개, 콩나물국, 제육, 갈치, 나물, 계란후라이 등 다양한 반찬이 제공되며, 흑돼지불고기정식, 김치찌개, 동태찌개, 닭도리탕 등 다양한 메뉴가 있다. 현지인들에게 인기 있는 가성비 좋은 식당으로 직접 확인하고 고른 신선한 식재료로 식사를 준비하고 있다. 가게 내부는 아담하고 편안한 분위기로 조용하게 식사를 즐길 수 있다."
선임교,제주특별자치도 서귀포시 중문로105번길 37,988441,12,mixed,outdoor:폭포 | mixed:관광단지,A02,A0205,A02050100,역사관광지,다리/대교,다리/대교,126.5547483594,33.2470559950,"선임교는 서귀포시 중문동에 있는 천제연 폭포와 중문관광단지를 이어 주는 아치형 철제다리이다. 선임교는 하늘에서 칠선녀가 내려온 다리라는 뜻으로 선녀다리, 구름다리, 칠선녀다리 등으로 부르기도 한다. 천제연의 제2단과 제3단 폭포 중간쯤에 위치한 오작교 형태의 다리이다. 다리 양쪽 옆면에 칠선녀의 전설을 살려 각각 다른 악기를 든 선녀들이 구름을 타고 하늘로 올라가는 모습이 조각된 일곱 선녀상이 있다. 야간 관광을 위해 난간 사이에 34개의 석등을 설치해 밤에는 색다른 분위기를 즐길 수 있다. 천제연 폭포를 찾는 관광객뿐만 아니라 제주 올레 8코스를 걷는 올레꾼들이 많이 찾는 관광 명소이다."
선흘2리마을,제주특별자치도 제주시 조천읍 선교로 569-36,2774278,12,outdoor,outdoor:공원/산/섬/오름,A02,A0203,A02030100,역사관광지,농.산.어촌 체험,농.산.어촌 체험,126.7142936617,33.4569075855,"제주시 조천읍에 속하는 선흘 2리는 해발고도 200m~400m의 중산간 평지에 자리한 마을이다. 선흘이란 이름은 잡풀이 우거진 넓은 돌밭, 즉 곶자왈에서 유래한 이름으로 추측된다. 마을 내에는 곶자왈 외에도 알밤 오름, 윗밤 오름, 우진 제비 오름, 거문 오름, 부대 오름, 민 오름, 부소 오름 등 다수의 오름이 분포한다. 특히 거문 오름은 유네스코가 선정한 세계 자연유산으로, 선흘 2리는 이를 보존하기 위한 세계 자연유산마을로 지정돼 다양한 생태활동이 이뤄진다. 화산섬인 제주에서만 볼 수 있는 빌레(너럭바위)와 습지가 어우러진 흐린 내 생태공원도 선흘 2리 마을의 절경으로 꼽힌다. 집들이 옹기종기 모여 앉은 마을 풍경과 계절마다 피고 지는 다양한 꽃들이 걷는 재미를 더한다."
선흘곶,제주특별자치도 제주시 조천읍 선흘서2길 22,2792535,39,indoor,indoor:음식점 | outdoor:정원,A05,A0502,A05020100,음식점,한식,한식,126.6901500792,33.5108928938,"선흘곶은 제주시 조천읍에 있는 한식집이다. 입구를 들어서면 주인장의 손길이 닿은 정겨운 느낌의 내부와 오밀조밀하게 꾸며놓은 넓은 정원이 손님들을 반긴다. 제주에서 나는 식자재로 만든 건강한 쌈밥이 이 집의 주력 메뉴다. 반찬이 풍성하게 차려지고 부드럽고 야들야들한 돔베 고기와 고등어구이, 그리고 쌈 채소가 나온다. 쌈에 고등어와 돔베 고기를 올리고, 양념과 함께 싸서 먹으면 건강한 한 끼 식사를 즐길 수 있다."
선흘방주할머니식당,제주특별자치도 제주시 조천읍 선교로 212,2850014,39,indoor,indoor:식당/음식점 | outdoor:공원/산/오름,A05,A0502,A05020100,음식점,한식,한식,126.7003970128,33.4846070775,"선흘방주할머니식당은 제주시 조천읍 선흘리에 위치해 있으며 제주라프 근처에 자리잡고 있다. 이곳은 아들이 직접 농사지은 콩으로 어머니가 정성스럽게 요리하는 건강한 밥상으로 유명하다. 곰취잎을 만두피로 활용한 삼채곰취만두는 향긋하고 쫄깃한 식감이 독특하다. 또한 제주산 고사리를 넣은 고사리비빔밥, 고소한 맛이 인상적인 검정콩국수 등 건강한 식재료로 구성된 다양한 메뉴가 있어 남녀노소 누구나 만족할 수 있는 식당이다. 이곳은 건강한 한 끼를 원하거나 제주만의 향토 음식을 경험하고 싶은 이들에게 제격이다. 인근에 거문오름과 제주라프, 선녀와 나무꾼 공원이 있어 함께 둘러보기 좋다."
섬소나이 우도본점,제주특별자치도 제주시 우도면 우도해안길 814,2870651,39,indoor,indoor:식당/음식점 | outdoor:산/섬/해수욕장,A05,A0502,A05020400,음식점,한식,중식,126.9576601478,33.5133691617,"섬소나이는 제주시 우도, 하고수동 해수욕장에 있는 퓨전음식점이다. 다양한 짬뽕과 피자가 있고 세트메뉴가 준비되어 있다. 특히 다양한 재료를 넣어 12시간 동안 직접 끓인 해산물 육수를 사용하여 짬뽕의 맛이 깊다. 면과 피자 도우도 톳과 모자반 사용한 톳 도우이다. 당일 직접 만든 면을 사용하고 재료는 당일 소진을 원칙으로 한다. 땡짬은 맑은 짬뽕, 우짬은 빨간짬뽕, 백짬은 크림짬뽕이며 모든 짬뽕의 맵기는 기호에 따라 선택할 수 있다. 식당 안에서도 바다를 바라볼 수 있고 식사 후 우도를 천천히 둘러보는 것도 좋다. 우도에서 든든하고 특별한 한 끼를 원하는 사람들에게 추천한다. 주변에 함께 둘러보기 좋은 여행지로 비양도, 검멀레 해수욕장 등이 있다."
섭섭이네,제주특별자치도 제주시 구좌읍 중산간동로 2261,2840487,39,indoor,indoor:식당/음식점,A05,A0502,A05020200,음식점,한식,서양식,126.7843928004,33.4715876451,"섭섭이네는 제주도 구좌읍 송당사거리에 위치한 소박하면서도 감각적인 분위기의 음식점이다. 이곳은 정갈한 맛의 고기국수와 이색적인 퓨전 인도커리를 함께 즐길 수 있는 곳으로, 제주 전통의 맛과 이국적인 풍미가 조화를 이루는 메뉴로 사랑받고 있다. 대표 메뉴인 '흑돼지퐁당 커리'는 토마토, 버터, 우유가 어우러진 진한 퓨전 인도커리에 바삭하게 튀긴 흑돼지 고명이 올라가 깊은 맛을 자랑한다. 함께 인기 있는 '고기국수'는 담백한 국물에 도톰한 돔베고기가 듬뿍 들어 있어 제주식의 정갈한 풍미를 느낄 수 있다. 식당은 제주 전통 돌집을 그대로 활용해 아늑하고 따뜻한 분위기를 자아내며, 내부는 아기자기한 인테리어로 꾸며져 혼밥하기에도 부담 없는 공간이다. 대기 공간에는 셀프 음료대와 무인 판매 음료 코너가 마련되어 있어 기다리는 시간도 편안하게 보낼 수 있다."
섭지코지,제주특별자치도 서귀포시 성산읍 섭지코지로 107,127813,12,outdoor,outdoor:공원/등대/산/오름/해수욕장,A01,A0101,A01011100,자연관광지,국립공원,해안절경,126.9280674087,33.4302500880,"섭지코지는 코지(코지곶을 의미하는 제주 방언)라는 지명에서 알 수 있듯 코의 끄트리 모양 비죽 튀어나온 지형이다. 위치상으로는 서귀포시 성산읍 신양리 해안에 돌출되어 있다. 외지인들에게는 찾아가기가 그리 쉽지는 않은데 대개의 경우 신양리 해안 국도변에서 마을로 진입하여 이정표를 보고 콘크리트로 포장된 길을 따라가면 코지 끝에까지 이를 수 있다. 또는 서귀포 방면에서 찾아온다면, 표선 시내를 지나 약 7㎞쯤 가서 우측으로 해안 도로 표지판이 나오면 여기서 우회전하여 줄곧 바다를 끼고 정면으로 섭지코지 전경을 바라보며 달리다가 이내 신양해수욕장 백사장이 보이고 마을 앞에 이르러 우회전, 마찬가지로 콘크리트 도로를 따라가면 된다.

특히 이곳의 유채꽃은 밝은 햇살과 푸른 바다 빛과 어울려 그 어느 곳에서보다 더욱 선명하고 고운 빛깔을 띠고 있다. 넓고 평평한 코지 언덕 위에는 옛날 봉화 불을 지피던 협자연대라는 돌로 만든 봉수대가 세워져 있는데 높이 약 4m, 가로세로 9m의 정방형으로 비교적 원형대로 보존되어 있다. 연대에서 동북 방향으로 솟아있는 봉우리는 일명 붉은오름으로, 제주말로 송이라고 하는 붉은색 화산재로 이루어진 오름인데, 정상에 서있는 하얀 등대의 모습이 노란 유채꽃밭과 오름의 붉은 흙빛, 그리고 파란 하늘빛, 바다 빛과 대비되는 또 다른 이국적인 정취를 불러일으킨다. 등대까지는 철계단이 마련되어 있어 쉽게 올라갈 수 있으며 등대 난간에 올라서면 과연 기가 막힌 섭지코지의 해안절경이 바로 코앞에 펼쳐진다."
섯알오름,제주특별자치도 서귀포시 대정읍 상모리 1618,2715651,12,outdoor,outdoor:공원/산/오름,A01,A0101,A01010400,자연관광지,국립공원,산,126.2815563372,33.2042091988,"섯알오름은 송 오름의 세 알 오름 중 서쪽에 있는 것이다. 서귀포시 대정읍 상모리에 자리 잡고 있으며 서란봉, 알오름, 난봉으로도 불린다. 섯알오름의 총면적은 약 29,094㎡이며, 둘레 704m, 높이 21m이다.
섯알오름 꼭대기에는 일제 강점기에 설치한 고사포 진지가 있고, 그 남쪽 기슭에는 제주 4·3 사건의 아픔을 간직한 학살터가 있다. 섯알오름 서쪽에는 일제 강점기에 일본군이 이용했던 알뜨르비행장 터와 벙커(bunker)가 있다.
일반인과 관광객이 역사 교육을 목적으로 자주 찾는 곳 중 하나이다."
성김대건신부표착기념관,제주특별자치도 제주시 한경면 용수1길 108,2752772,14,indoor,indoor:기념관/박물관/전시 | outdoor:전망대/해안,A02,A0206,A02060200,역사관광지,박물관,기념관,126.1677385965,33.3228915301,"이 곳은 한국 최초로 천주교를 널리 알리고자 했던 김대건신부의 의지가 담아 기념할 수 있게 만든 곳이다. 한적한 해안가 마을 용수리에 위치한 성김대건신부 표착기념관은 우리나라의 첫 신부인 성 김대건신부와 제주 천주교 교회의 역사를 엿볼 수 있는 곳이다. 성 김대건신부는 라파엘호를 타고 중국에서 우리나라에 천주교를 전파하러 오던 중 풍랑을 만나 제주도 용수리 해안에 표착하게 되었는데 그곳에서 한국 최초로 미사와 성체 성사를 한 신부이다. 기념관은 총 2층과 옥상전망대로 이루어져 있고 1층에는 영상이나 이미지를 볼 수 있는 공간, 2층에는 김대건 신부님의 업적 등을 소개하고 천주교가 들어오기까지의 험난한 과정을 알게 해주는 전시품들, 억압 당시 사용되었던 도구 등이 전시되어 있다. 건물의 가장 위층 옥상전망대에서는 멀리 차귀도가 보이고 용수리의 아담한 마을 풍경과 제주올레 12코스와 13코스를 잇는 용수포구가 한눈에 내려다 보인다. 기념관 옆에 작은 성당은 성 김대건 신부가 사제 서품을 받은 김가항 성당 모습을 재현했고, 지붕은 파도와 라파엘호를 형상화했다. 성당은 미사 시간을 제외하고는 누구나 자유롭게 관람이 가능하다.

(출처 : 제주 문화관광 홈페이지)"
성불오름,제주특별자치도 제주시 구좌읍 중산간동로 2532,2704232,12,outdoor,outdoor:공원/산/오름,A01,A0101,A01010400,자연관광지,국립공원,산,126.8086881941,33.4594588218,"성불오름은 구좌읍 송당리에 있는 소화산체이다. 성불오름이라는 이름은 오래전 이 오름에 있었던 성불암이라는 암자에서 비롯되었다는 설과, 오름의 모습이 승려가 불공을 올리는 모습을 떠올리게 하는 데서 붙여졌다는 설이 존재한다. 넓게 펼쳐진 마목장을 지나면 오름 입구가 나오며, 탐방로가 갈려져 있는데 어느 방향으로 가더라도 한 바퀴 돌아서 만나게 이루어져 있다. 이 오름은 말굽형 분화구를 지녔는데, 남쪽 봉우리에서 북쪽 봉우리에 이르는 등성마루에 둘러싸여 동향으로 살짝 파여있다."
성산 부뚜막식당,제주특별자치도 서귀포시 성산읍 고성오조로 11,2833201,39,indoor,indoor:식당/음식점 | outdoor:산,A05,A0502,A05020100,음식점,한식,한식,126.9135544343,33.4451287653,"부뚜막식당은 제주 성산일출봉 근처 고성리에 있는 작은 노포이다. 대표 메뉴인 갈치조림을 주문하면 통갈치구이가 기본 서비스로 함께 나온다. 가성비 좋은 가격과 어머니 손맛으로 여행자들 사이에 이름이 알려져 있다. 멸치조림, 콩자반, 나물류 등의 다양한 밑반찬을 곁들인 가정식이 나오고, 아침 일찍 오픈하여 여행자들이 아침 먹기 좋다. 다만 아침 방문 시에는 영업여부를 미리 전화확인하는 것이 좋다. 또한, 인원수에 맞추어 주문할 수 있는 점도 장점이다. 자차를 이용할 경우, 내비게이션에 ‘제주 부뚜막식당’을 검색하면 된다. 근처에 성산일출봉, 우도, 섭지코지 등이 있다."
성산 타쿠마스시,제주특별자치도 서귀포시 성산읍 섭지코지로 15,2833308,39,indoor,indoor:음식점 | outdoor:산,A05,A0502,A05020300,음식점,한식,일식,126.9185069225,33.4390739586,"제주 섭지코지 근처에 있는 타쿠마는 컨테이너 스시집이다. 날마다 신선한 회를 선별하여 제공하고 있는 모둠 초밥과 모둠 사시미는 매일 구성이 다르게 나온다. 에피타이저로 제공되는 흑돼지 곤약 무침도 이곳만의 고유 메뉴이다. 일식 이외에 제주산 식재료를 이용한 포케와 파스타, 슈토아에를 맛볼 수 있고, 우동, 소바, 구이, 덮밥 등의 메뉴도 있다. 회를 못 먹는 사람들이 주로 택하는 빨간 우동의 경우, 생선 뼈를 우린 진한 육수에 꽃게, 전복, 딱새우 등 해산물이 푸짐하게 들어가 별미이다.  성산일출봉과 섭지코지 사이에 위치해 있어 가족과 함께 또는 연인, 친구와 함께 제주 여행 시 방문하기 좋은 음식점이다."
성산세화해안도로,제주특별자치도 제주시 구좌읍 종달리 112-1 시작점,2791450,12,outdoor,outdoor:공원/산/해수욕장/해안,A01,A0101,A01010500,자연관광지,국립공원,자연생태관광지,126.9065285449,33.5100909170,"제주도 동쪽 끝자락의 해안을 따라 형성된 해안도로로, 구좌읍 세화리에서 서귀포시 성산읍 성산리까지 이어진다. 총 길이는 15.8㎞로 제주도 해안도로 중 가장 길이가 길며, 아름답기로 유명해 사람들이 많이 찾는다.
바다를 끼고 길게 이어지는 해안도로를 따라 자전거 전용도로가 마련돼 있어 드라이브를 즐기려는 관광객뿐만 아니라 자전거 타기와 하이킹을 하는 사람들도 많이 찾는다. 주변 관광지로는 외세의 침입에 대비해 조선 시대에 축조한 성곽인 별방진, 넓은 백사장과 맑은 바닷물을 자랑하는 하도해수욕장, 세화해수욕장 등이 있다."
성산일출봉 [유네스코 세계자연유산],제주특별자치도 서귀포시 성산읍 일출로 284-12,126435,12,outdoor,outdoor:공원/산/섬/해수욕장,A01,A0101,A01010400,자연관광지,국립공원,산,126.9415156012,33.4581111174,"해발 180m인 성산 일출봉은 약 5,000년 전 제주도 수많은 분화구 중에서는 드물게 바닷속에서 수중폭발한 화산체이다. 용암이 물에 섞일 때 일어나는 폭발로 용암은 고운 화산재로 부서져 분화구 둘레에 원뿔형으로 쌓여 있다. 원래는 화산섬이었지만 신양해수욕장 쪽 땅과 섬 사이에 모래와 자갈이 쌓여 육지와 연결이 된 것이다. 일출봉 정상에는 지름 600m, 바닥면의 높이 해발 90m에 면적이 214,400㎡나 되는 분화구가 자리한다. 예로부터 이곳 성산일출봉 정상에서 바라보는 일출 광경은 영주 10경(제주의 경승지) 중에서 으뜸이라 하였다. 넘실대는 푸른 바다 저편 수평선에서 이글거리며 솟아오르는 일출은 온 바다를 물들이고 보는 이의 마음까지도 붙잡아 놓으며 보는 이로 하여금 저절로 감탄케 한다."
성산포 자연산 회센타,제주특별자치도 서귀포시 성산읍 한도로 67,2870955,39,indoor,indoor:시장/음식점 | outdoor:산/해변,A05,A0502,A05020100,음식점,한식,한식,126.9154092981,33.4681706940,"성산포 자연산 회센타는 제주 서귀포시 성산고등학교 근처에 위치한 자연산 활어회 전문점이다. 이곳은 제주 지역은 물론 서울 노량진 수산시장 등 전국에 자연산 활어회를 납품하는 곳이다. 합리적인 가격으로 질 좋은 자연산 회를 맛볼 수 있는 가성비 횟집으로 알려져 있으며, 특히 제주 동쪽을 여행하는 관광객들, 골프 여행객들, 그리고 지역 주민들이 많이 찾는 곳이다. 이시가리, 돌돔, 고등어회, 모둠회 등 다양한 종류가 준비되어 있으며, 어시장처럼 바로 건져 회를 떠내는 방식으로 제공된다. 주변에 관광명소인 성산일출봉, 섭지코지, 광치기해변 등이 있어 식사 전후로 함께 둘러보기 좋다."
성산포 해녀물질공연장,제주특별자치도 서귀포시 성산읍 일출로 284-34,770036,14,outdoor,indoor:공연장/박물관 | outdoor:산,A02,A0206,A02060600,역사관광지,박물관,공연장,126.9388907191,33.4628688824,"성산포 해녀물질공연장은 실제 해녀들이 직접 공연하고 물에 들어가는 모습을 가까이서 만날 수 있어 색다르게 제주의 해녀를 만날 수 있는 공연이다. 성산일출봉 인근 우뭇개 어장에서 활동하는 성산어촌계 소속 해녀들이 물질을 시연한다. 해녀물질공연은 해녀 소개와 바다 잠수, 해산물 채취, 기념 촬영, 해산물 판매, 시식 순으로 진행되며 제주 특유의 전통문화를 체험할 수 있는 특별한 공연이다. 성산일출봉 입장권으로 무료 관람할 수 있으며 제주 올레 1코스에 속하는 성산갑문, 우도와 함께 둘러보기 좋다."
성산포JC공원,제주특별자치도 서귀포시 성산읍 고성리,2798131,12,mixed,outdoor:공원/산/해변 | mixed:관광단지,A02,A0202,A02020700,역사관광지,관광단지,공원,126.9262142246,33.4548306763,"성산포 JC공원은 성산 일출봉을 한눈에 볼 수 있는 광치기해변의 연장선에 있다. 바깥쪽으로는 걷기 좋은 산책로가 있고, 안쪽으로는 잔디가 깔린 초지가 있다. 바다를 바라보는 방향으로 돌로 만든 벤치가 있어서 잠깐 앉아 쉬었다 가기 좋다. 특히 제주 올레길 1코스에 포함돼 있어 올레길을 걷는 이들에게 좋은 쉼터가 되어주는 곳이다. 공원에서 성산 일출봉으로 걷다 보면 노란색으로 물든 유채꽃밭이 있다. 개인 사유지로 유료이지만 저 멀리 보이는 성산 일출봉과의 조화가 아름다워 들러보는 것도 좋다."
성산포유람선,제주특별자치도 서귀포시 성산읍 성산등용로 130-21,128154,12,mixed,outdoor:공원/산/섬/해안 | mixed:관광단지/월드,A02,A0202,A02020800,역사관광지,관광단지,유람선/잠수함관광,126.9345186424,33.4729843609,"섬 중의 섬 제주 우도에서 우도팔경과 세계적으로도 유명한 일출해양공원의 해안 비경을 대형 해상 유람선에 승선해서 관람해 볼 수 있다. 우리나라에서 하나밖에 없는 산호 모래 백사장인 서빈백사와 우도팔경, 갖가지 모양의 바위들과, 천연 동굴들을 감상할 수 있으며 보기만 하는 여행이 재미가 덜 하다면 씨월드 파라다이스 호에서 낚시 유람선을 타고 낚시 체험도 가능하다. 직접 낚싯대를 드리우고 짜릿한 손맛을 느껴보고, 내가 잡은 고기로 싱싱한 즉석회까지 맛볼 수 있다. 해상 유람선 관광은 제주도 여행에서 잊지 못할 추억으로 간직될 것이다."
성산해촌,제주특별자치도 서귀포시 성산읍 일출로 220,134980,39,indoor,indoor:음식점 | outdoor:산,A05,A0502,A05020100,음식점,한식,한식,126.9300249033,33.4592802468,"성산해촌에서는 창밖으로 성산일출봉이 한눈에 내다보이고 파란 바다가 펼쳐져 있는 경치가 아름다운 집으로 건물 바로 밑이 바다여서 마치 바다 위의 선상에서 식사를 하는 것처럼 느껴질 수도 있다. 식탁이 모두 원목 테이블로 되어 있어 화사한 분위기를 느낄 수 있으며, 바다를 바라보며 식사할 수 있는 곳이다."
성산흑돼지두루치기 성산일출봉점,제주특별자치도 서귀포시 성산읍 한도로 255,2839742,39,indoor,indoor:식당/음식점 | outdoor:산,A05,A0502,A05020100,음식점,한식,한식,126.9348243278,33.4662128917,"성산 흑돼지 두루치기는 제주도 성산에 위치한 흑돼지 두루치기 전문 로컬 맛집으로, 현지 주민은 물론 관광객들에게도 꾸준한 사랑을 받고 있는 곳이다. 이 식당은 오직 제주산 흑돼지만을 엄선해 사용하는 것이 특징인데, 일반 돼지에 비해 지방이 적당하고 육질이 부드러우며 고소한 풍미가 뛰어나 먹는 이로 하여금 깊은 만족감을 준다. 대표 메뉴인 ‘흑돼지삼합두루치기’는 이곳만의 특수 레시피로 만든 소스를 사용하여 감칠맛을 더하고, 흑돼지 사골을 가마솥에 오랜 시간 푹 끓여낸 진한 육수를 베이스로 하여 더욱 깊고 진한 맛을 자랑한다. 두루치기 외에도 제주에서만 맛볼 수 있는 향토 음식인 몸국과 몸죽도 함께 제공되며, 이는 모자반이라는 바다 식물을 넣어 만들어 건강에도 좋고 속을 편안하게 해준다. 가게 내부는 규모는 크지 않지만 깔끔하게 잘 정돈되어 있어 가족 단위 손님도 불편 없이 식사를 즐길 수 있다."
성읍녹차동굴,제주특별자치도 서귀포시 중산간동로 4772,3008392,12,outdoor,indoor:베이커리/카페 | outdoor:공원,A01,A0101,A01011900,자연관광지,국립공원,동굴,126.7912859405,33.3810894210,성읍녹차동굴은 제주에서 유명한 천연 용암 동굴 포토존이다. 동굴 안쪽에서 동굴 입구를 바라보며 찍는 사진은 미묘하고 신비로운 느낌을 준다. 성읍녹차마을 다원 안에 있어 드넓은 녹차밭 풍경과 동굴을 동시에 감상할 수 있다. 주차장에서 녹차밭을 따라 15~20분 정도 걸어가면 작은 숲이 보이고 그 안쪽으로 들어가면 작은 동굴이 나오는데 여기에서 조금 더 들어가면 더 깊고 큰 동굴이 있다. 큰 동굴 안쪽에서 바깥쪽을 향해 사진을 찍으면 미묘한 색감으로 사진이 잘 나온다. 동굴은 성읍녹차마을 다원 안에 있으므로 길도우미에 ‘오늘은 녹차한잔’ 혹은 ‘성읍녹차마을’로 목적지를 정해서 오면 된다. ‘오늘은녹차한잔’ 카페 1층에는 녹차 기념품 샵과 족욕체험장이 있고 2층은 베이커리 카페가 있다.
성읍녹차마을,제주특별자치도 서귀포시 중산간동로 4778 녹차가공공장,3009659,12,outdoor,indoor:카페 | outdoor:산,A02,A0203,A02030100,역사관광지,농.산.어촌 체험,농.산.어촌 체험,126.7906832086,33.3813449392,"성읍녹차마을은 녹차를 키워 생산하고 다양한 녹차 관련 상품도 만드는 다원이다. 유기물 함량이 높고 물 빠짐이 좋은 화산회토와 깨끗한 화산 암반수를 지닌 천혜의 자연 조건을 가진 제주에서 키워 만들어낸 녹차를 이용한 떡, 아이스크림 등을 판매하는 카페도 같이 운영하고 있다. 녹차를 테마로 한 카페에서는 족욕도 체험할 수 있고, 카트 체험장도 있다. 녹차마을 뒤편 숲으로 이어지는 길에는 독특한 동굴도 있는데 녹차 동굴로도 불리는 이곳은 작지만 녹차밭과 어우러진 독특한 뷰 덕분에 이색 관광지로 주목받고 있다. 한라산과 영주산을 배경으로 녹차밭 한가운데 있는 동굴에서 인생샷을 찍는 명소로 유명하기도 하다. 이모저모 구경할 거리와 즐길 거리가 있는 성읍녹차마을에 들러 끝없이 펼쳐진 푸르른 녹차 밭도 구경하며 차 한 잔의 여유도 즐길 수 있다."
성읍민속마을,제주특별자치도 서귀포시 표선면 성읍리 3294,126471,12,outdoor,outdoor:산,A02,A0201,A02010600,역사관광지,고궁,민속마을,126.7882138165,33.3884302280,"표선리에서 북쪽으로 8㎞쯤 가면 한라산 기슭 아래 성읍마을이 있다. 성읍리는 원래 제주도가 방위상 3현으로 나뉘어 통치되었을 때(1410-1914) 정의현의 도읍지였던 마을로서 제주도 옛 민가의 특징을 잘 간직하고 있는 곳이다. 유형·무형의 많은 문화유산이 집단적으로 분포되어 있고, 옛 마을 형태의 민속경관이 잘 유지되어 그 옛 모습을 계속 유지하고자 민속마을로 지정·보호하고 있다. 이곳에서는 옛 민가, 향교, 옛 관공서, 돌하르방, 연자방아, 성터, 비석 등의 유형 문화유산과 중산간 지대 특유의 민요, 민속놀이, 향토음식, 민간공예, 제주방언 등의 무형 문화유산이 아직까지 전수되고 있다. 천연기념물인 느티나무, 팽나무 등은 오백 년 도읍지로서의 긍지를 엿볼 수 있다. 제주 초가를 가장 잘 보존하고 있는 성읍민속마을은 실제로 제주 초가에 살고 있는 성읍리 주민들과 제주의 전통 화장실인 ‘통시’를 만나볼 수도 있다. 특히 마을 내 고목과 돌담 그리고 옛 성벽 등이 어우러진 고풍스러운 모습은 오백 년 도읍지의 역사를 그대로 보여준다."
성읍칠십리식당,제주특별자치도 서귀포시 표선면 성읍정의현로 74,404156,39,indoor,indoor:식당/음식점,A05,A0502,A05020100,음식점,한식,한식,126.8013682122,33.3893025655,"성읍칠십리식당은 제주 성읍민속마을 인근에 있는 흑돼지고기 음식전문점이다. 불향과 달큰향 향이 스며들도록 감귤나무 장작과 감귤껍질로 흑돼지고기를 초벌구이한다. 흑돼지고기와 함께 구워 먹을 수 있도록 제주 지역의 고사리를 제공하는 것이 특징이다. 이 외에도 제주지 역의 식문화를 반영한 지역의 별미, 꿩감자국수를 판매하고 있다."
성이시돌목장,제주특별자치도 제주시 한림읍 산록남로 53,2606298,12,outdoor,indoor:카페 | outdoor:공원/산,A02,A0203,A02030100,역사관광지,농.산.어촌 체험,농.산.어촌 체험,126.3267463901,33.3501687835,"성이시돌목장은 아일랜드인 맥글린치(한국명 임피제) 신부님이 1954년 제주 한림지역에 부임하면서 가난한 지역민을 돕기 위한 가축은행을 열면서 시작되었다. 1961년 정식으로 중앙 실습 목장을 열고 축산업 교육과 함께 양돈, 면양, 비육우 및 낙농사업을 펼쳤으며 현재는 경주마와 젖소를 주로 사육하여 유수의 경주마와 유기농 우유를 생산하여 그 수익을 여러 복지사업에 사용하고 있다. 넓은 초지와 오랜 역사를 상징하는 ‘테쉬폰’ 등 근대건축물이 어우러져 이국적인 풍광을 즐길 수 있고, 목장의 우유를 이용한 카페와 신앙을 주제로 한 산책로와 공원 등을 방문할 수 있다."
성판악,제주특별자치도 제주시 조천읍 516로 1865,126436,12,outdoor,outdoor:계곡/공원/산/오름,A01,A0101,A01010400,자연관광지,국립공원,산,126.6203951135,33.3848945984,"성판악은 한라산 국립공원의 성판악 등산로 주변에 위치하는 오름으로 한라산 동쪽 산록에서 가장 규모가 큰 단성화산이다. 단성화산은 일회의 분화 활동을 통해 형성되는 소형 화산체로서 제주에서는 오름으로 불린다. 성판악이라는 명칭은 산 중턱에 암벽이 널 모양으로 둘려 있는 것이 성벽처럼 보여 성널오름 또는 한자어로 성판악이라고 하게 됐다. 성판악은 전체가 삼림으로 덮여있으며 주변으로 성널계곡 등 크고 깊은 계곡이 발달해 있다. 제주시와 서귀포시를 잇는 5·16 도로의 중간 지점 가장 높은 곳에 성판악 휴게소가 있는데, 이곳은 한라산으로 오르는 등산로 중이 하나로 성판악이 시작되는 곳이다. 한라산 동쪽 코스인 성판악탐방로는 관음사탐방로와 더불어 한라산 정상인 백록담을 오를 수 있는 탐방로이며 한라산탐방로 중 가장 긴 코스이다. 정상까지 대체로 완만한 경사를 이루지만 왕복 9시간 정도 소요되기 때문에 체력 안배에 신경을 써야 한다. 성판악탐방로는 한라산탐방로 예약시스템에서 사전예약을 해야 탐방이 가능하다."
세계술박물관,제주특별자치도 서귀포시 표선면 한마음초등로 431,2763826,14,indoor,indoor:박물관/전시/전시관,A02,A0206,A02060100,역사관광지,박물관,박물관,126.8176314979,33.3540344982,"제주 서귀포에 위치한 세계술박물관은 술의 역사 자료와 술 빚을 때 사용했던 도구, 사라져 가는 옛날 술을 수집 전시하고 있으며 우리나라 술과 술병의 변천사를 한눈에 볼 수 있는 술 전문 박물관이다. 특히 세계관에서는 프랑스 코냑, 영국 스카치, 아일리쉬 아일리쉬, 미국 아메리칸, 캐나다 캐나디안, 일본 재팬리즈, 소련 보드카, 멕시코 데낄라, 독일 맥주 그 외, 아시아 술 전시관에는 중국, 일본, 북한 술 등이 전시되어 있다. 친절한 설명을 읽어보면 술에 대한 다양한 기본 상식을 알 수 있다. 전시 중인 모든 술은 개봉되지 않은 정품이며 앞으로도 정품만을 수집하여 보존할 계획이라고 한다."
세계자동차&피아노 박물관,제주특별자치도 서귀포시 안덕면 중산간서로 1610,596964,14,mixed,indoor:박물관/전시 | mixed:복합,A02,A0206,A02060100,역사관광지,박물관,박물관,126.3499458641,33.2834376347,"세계자동차 & 피아노 박물관은 2008년 아시아 최초 개인 소장 자동차 박물관 개관에 이어 2019년 한국 최초의 피아노 박물관을 개관하여 역사와 문화, 예술이 함께 공존하는 교육의 장이 되도록 노력하고 있는 곳이다.
인류 최고의 발명품 자동차, 자동차는 단순한 운송 수단이 아니라, 라이프 스타일의 상징이자 인류의 꿈과 미래를 담은 상징이기도 하다. 최초의 자동차에서 시작하여 각 시대를 대표하는 전 세계에서 수집된 100여 대의 자동차를 통해 자동차가 발전하는 역사와 문화를 만나 볼 수 있으며, 2019년 7월 개관한 피아노박물관은 세계적 조각가 오귀스트 로댕이 조각한 전 세계 단 하나뿐인 진귀한 피아노를 비롯해 베토벤, 쇼팽, 하이든 등 위대한 음악가들이 사랑했던 피아노의 특별한 스토리와 300년의 역사가 살아 숨 쉬는 피아노 예술품들이 전시되어 있다. 어린이들이 직접 피아노를 연주하거나 지휘를 하며 공연할 수 있는 복합음악 체험 공간이 마련되어 있다. 전시된 자동차와 피아노 관람과 더불어 어린이 무료 교통 체험, 음악 체험 , 사슴, 토끼 먹이 주기 체험을 할 수 있다. 이외에도 100여 종의 식물이 서식하고 있는 곶자왈 힐링 로드도 여유롭게 즐겨보기를 권한다."
세계조가비박물관,제주특별자치도 서귀포시 태평로 284,1220821,14,outdoor,indoor:박물관 | outdoor:산,A02,A0206,A02060100,역사관광지,박물관,박물관,126.5516736169,33.2474447916,"서양화 화가 명연숙 관장이 41여 년간 세계 각국에서 수집한 8,800여 종 개체 수 억 만점 이상의 신비하고 아름다운 오방색 조가비와 산호 그리고 동을 이용하여 세계 최초로 시도하는 새로운 형식의 세계조가비박물관이다. 바닷속 아름다운 조가비 세계를 예술 작가들이 연출하였는데, 부관장(권오균 금속조형작가)의 작품인 동을 소재로 하여 만든 받침대 위에 올려진 조가비와 산호의 아름다운 하모니는 관람객들의 발길을 멈추게 한다."
세기알해변,제주특별자치도 제주시 구좌읍 김녕리 1200-5,3097814,12,outdoor,outdoor:공원/등대/레포츠/해변/해수욕장,A01,A0101,A01011200,자연관광지,국립공원,해수욕장,126.7563127037,33.5577304412,"JTBC 〈웰컴투 삼달리〉 드라마 촬영지로 유명해진 세기알해변은 제주 김녕리에 위치한 바다이다. 빨간 등대와 풍력발전기, 에메랄드빛의 바닷물이 어우러져 그림과 같은 풍경을 자아낸다. 썰물 때면 넓은 하얀 모래사장이 펼쳐지며, 수심이 얕고 파도가 높지 않아 아이들이 놀기에 좋다. 또 세기알해변은 스노클링 명소로 인기가 많으며, 패들보드와 요트 등 다양한 수상레포츠를 즐기는 사람들도 많다.
세기알해변 옆 방파제를 따라 이동하면 작은 포구가 나오는데, 예로부터 유명한 이 포구는 ‘지픈개’, ‘세개’, ‘세기알’ 등의 지명으로도 알려져 있다. 포장도로가 생기고 방파제가 축조되면서 옛 포구의 모습은 거의 사라졌지만 지명은 그대로 남아 오랜 역사를 전하고 있다."
세리월드,제주특별자치도 서귀포시 법환상로2번길 97-17 (법환동),231986,28,mixed,outdoor:공원/레포츠 | mixed:복합/월드/테마파크/파크,A03,A0305,A03050100,레포츠소개,복합 레포츠,복합 레포츠,126.5120270623,33.2470442084,"세리월드는 카트레이싱, 미로공원이 있어 체험과 관광을 두 가지 만족도를 동시에 제공하는 레저 테마파크이다. 서귀포 월드컵경기장 옆에 위치해 있다. 카트레이싱 체험이 대표 상품이다. 크기는 일반 범퍼카와 비슷하지만, 직접 운전하고 가속 페달을 밟아 빠른 속도로 주행한다는 점에서 범퍼카와 다르다. 안전 수칙에 따라 어린아이도 체험할 수 있다. 동백나무길 곳곳을 아기자기하게 꾸민 미로공원을 운영하고 있다."
세천포구,제주특별자치도 서귀포시 남원읍 위미리 799-2,2781386,12,outdoor,outdoor:공원,A01,A0101,A01011400,자연관광지,국립공원,항구/포구,126.6741708395,33.2696137381,"세천 포구는 서귀포시 남원읍 위미리에 있는 아주 작은 포구다. 위미리는 마치 소가 누워있는 형상을 보인다고 하여 이름 붙여졌으며, 마을은 그 꼬리 부분에 자리 잡고 있어 우미라고 불렸다. 위미리의 세천 포구는 곤냇골개라고도 불리는데, 곤내는 가는 내, 골은 마을을 일컫고 개는 포구를 의미한다. 보말이 많이 잡히고, 아름다운 풍광과 잔잔한 물살로 낚시꾼과 사진을 취미로 하는 이들이 종종 찾는 곳이다."
"세화민속오일시장(5일, 0일)",제주특별자치도 제주시 구좌읍 해맞이해안로 1412,992261,38,indoor,indoor:쇼핑/시장,A04,A0401,A04010100,쇼핑,5일장,5일장,126.8573407727,33.5261772305,"세화민속오일시장은 세화 중심가 사거리에서 인접해 있어서 교통이 편리하고, 주민들과 상인들이 함께 어우러져 서로 사고 파는 제주 사람들의 진솔한 삶의 모습을 들여다볼 수 있는 제주의 전통적인 재래시장이다. 우리나라 장이 거의 그렇듯 제주의 재래시장도 5일 간격으로 서는 오일장이며, 상품의 종류도 많고 가격도 저렴한 편이다."
센트로,제주특별자치도 서귀포시 태평로 449 (서귀동),2871931,39,indoor,indoor:미술관/음식점 | outdoor:공원/폭포,A05,A0502,A05020200,음식점,한식,서양식,126.5675833663,33.2466895723,"센트로는 이중섭미술관에서 서귀포중학교 방향으로 가는 길에 위치해 있다. 모든 음식을 직접 만드는 이탈리안 레스토랑으로 뇨끼, 파스타, 조개스튜, 샐러드 등을 맛볼 수 있다. 대표메뉴는 감자뇨끼와 라자냐, 비스크크림파스타 등이 있다. 이 외에도 부채살크림리조또, 비스크오일파스타, 살치살스테이크 등 다양한 메뉴가 준비되어 있어 개인의 취향에 맞게 선택하여 먹을 수 있다. 예약우선제로 운영하며, 전화나 문자로 예약이 가능하다. 가게 맞은편에 전용주차장을 이용할 수 있고 그 옆에 무료주차장이 있어 차량으로도 접근이 용이하다. 주변에 함께 둘러보기 좋은 여행지로 정방폭포, 소남머리, 자구리공원, 이중섭거리 등이 있다."
소규모식탁,제주특별자치도 서귀포시 서광남로115번길 12,2877734,39,indoor,indoor:음식점 | outdoor:공원,A05,A0502,A05020100,음식점,한식,한식,126.2989780683,33.2833896168,"소규모식탁은 제주 안덕 서광서리 복지회관 근처에 있다. ‘소규모’의 의미는 소영, 규형, 엄마가 같이 꾸려가는 식탁이라는 뜻으로 소 정식은 건강하고 가볍게 먹을 수 있는 음식으로 최소한의 조리로 만든 캐주얼 브런치 메뉴이고 규 정식은 재미있고 맛있는 퓨전요리, 모 정식은 엄마의 손맛 살린 음식이라는 콘셉트를 따른다. 단품 메뉴로 카레, 샐러드 등이 있다. 주변 여행지로 신화역사공원, 오설록티뮤지엄 등이 있다."
소금바치순이네,제주특별자치도 제주시 구좌읍 해맞이해안로 2196,2767638,39,indoor,indoor:음식점 | outdoor:산/전망대/해안,A05,A0502,A05020100,음식점,한식,한식,126.9126503843,33.5036972787,"소금바치 순이네는 종달리 해안로에 자리하고 있는 해산물 요리 전문점이다. 예능 프로그램에도 나와 더욱 유명해진 곳이다. 이 집의 대표 메뉴는 매콤 달콤한 양념에 부드러운 식감의 돌문어를 각종 채소에 무쳐 만든 돌문어 볶음이다. 전복죽, 성게국, 보말국, 갈치조림 등 싱싱한 해산물 메뉴도 다양하다. 바로 앞에는 우도와 일출봉이 보이는 전망대가 있고, 근처에는 종달과 우도를 연결하는 항로가 있어 여객선이 자주 왕래한다. 식사 후 전망로를 따라 산책하기에도 좋다."
소길별하,제주특별자치도 제주시 애월읍 소길남길 34-37,2819519,38,indoor,indoor:쇼핑/전시,A04,A0401,A04011200,쇼핑,5일장,스키(보드) 렌탈샵,126.3744237790,33.4305189809,"JTBC <효리네 민박>을 통해 공개된 이상순·이효리 부부의 신혼집이 아직 잘 알려지지 않은 지역 브랜드와 친환경 제품 등 다양한 상품을 판매하는 제주 로컬 브랜드 스토어 ‘소길별하’로 탈바꿈하였다. 방송에서 소개되었던 벽난로, 식탁 등의 공간이 곳곳에 그대로 존재하고 있으며 거실, 침실, 주방, 샤워실 등의 공간은 상품 전시 공간으로 꾸며졌다. 친환경 생활용품부터 핸드메이드 가방, 그릇, 디퓨저까지 종류도 다양하다. 소길별하는 매시간 정해진 인원만 입장 가능한 예약제로 운영되고 있다. 이용 시간이 한 시간으로 정해져 있으므로 작품 관람, 구매, 커피타임에 사용할 시간을 미리 잘 분배해야 한다."
소남머리,제주특별자치도 서귀포시 칠십리로 145 (서귀동),1945578,12,outdoor,indoor:전시/전시관 | outdoor:공원/산/야외/폭포/해안,A01,A0101,A01011100,자연관광지,국립공원,해안절경,126.5689416339,33.2443787372,"소남머리는 서귀포시 송산동 해안에 있는 화산활동으로 형성된  주상절리 절벽으로 소낭머리라고도 부른다. 형상이 소의 머리를 닮아 소남머리라고  부르기도 하고, 또는 그 부근에 소나무가 많이 자생하여 부르게 된 지명이라는 설도 있는데 머리는 동산이라는 뜻이다. 이곳은 화산활동으로 형성된 절벽이다 보니 용천수가 흘러나오는데 이곳을 담수욕장이라는 야외노천탕으로  쓰고 있으며 바다, 숲, 개울 3가지가 한 곳에 있다. 근처에 가볼 만한 곳으로는 정방폭포와 서복전시관이 있고, 소남머리와 한 코스로 묶어 탐방하기 좋다."
소노벨 제주,제주특별자치도 제주시 신북로 577 대명리조트,232287,32,indoor,indoor:리조트/숙박/호텔,B02,B0201,B02010500,숙박시설,관광호텔,콘도미니엄,126.6713315983,33.5402087913,"소노벨 제주는 제주공항에서 불과 20km 거리에 위치하고 있으며 국제자유도시 함덕관광지구(46만㎡)에 펼쳐지는 초대형  리조트이다. 금방이라도 바다로 뛰어들어 항해를 시작할 듯한 호화유람선을 연상시키는 소노벨 제주에서 마치 지중해의 휴양지에 온 것처럼 환상적인 휴가의 추억을 남길 수 있다.
안락하고 편안한 객실을 보유하고 있고  객실에는 다양한 설비를 갖추고 있으며, 고객을 한 번 더 생각하는 서비스를 통해 편안하게 머무를 수 있도록 모든 편의를 제공하고 있다. 또한 연회장 및 세미나실을 구비하고 있으며 팜가든, 스넥코너, 편의점, 빨래방, 사우나, 헬스클럽 등도 마련되어 있다. 고객 여러분의 안락한 휴식과 품위 유지를 위해 전 직원들이 항상 최선을 다하며 정성된 마음으로 다가가고자 끊임없이 노력하고 있다."
소노캄 제주,제주특별자치도 서귀포시 표선면 일주동로 6347-17,138019,12,mixed,indoor:리조트/센터/실내/카페/호텔 | outdoor:산/섬/야외/정원/해안 | mixed:관광단지/복합,A02,A0202,A02020200,역사관광지,관광단지,관광단지,126.7929069544,33.3060421741,"신이 주신 아름다운 섬 제주, 그 제주 남단 표선 해안가에 위치한 소노캄 제주는 가장 가까이 바다와 만나는 곳으로 해안 쪽에 정원과 산책로가 아름답게 꾸며져 있는 리조트 호텔이다. 소노캄 제주는 안락하고 편안한 객실 414개를 보유하고 있으며 휴식과 레저에서 비즈니스까지 고객을 위한 원스톱 서비스를 제공하는 복합 문화 휴양 공간이다. 네오클래식풍의 특급 호텔형 객실로 이루어진 메인 빌딩 샤인빌과 신관 럭셔리는 66㎡부터 397㎡까지 12가지 객실 타입으로 구분되며 가족은 물론 연인, 친구, 동호회 회원 등 다양한 고객의 구미에 맞게 준비되어 있다. 빌라형의 개인 별장 개념을 도입한 로얄빌은 객실 48개로 바다를 실내로 끌어들였다고 해도 과언이 아닐 만큼 푸른 바다를 바로 눈앞에서 만날 수 있는 점이 인상적이다. 90㎡, 138㎡, 221㎡, 351㎡으로 구분되며 편안하고 품격 있는 객실은 각종 CF, 드라마의 단골 촬영지이기도 하다. 보다 편안한 서비스를 위해 한·중·양·일식의 레스토랑과 바, 노래방, 인터넷 카페, 피트니스센터와 사우나, 바다와 맞닿은 듯한 실외수영장, 14개의 국제회의장 및 연회장, 3천 명을 동시 수용 가능한 야외 잔디 광장, 씨사이드 바비큐장 등 다양한 부대시설을 갖추고 있다. 또한 제주의 빼어난 경관과 원시 자연림을 그대로 조성하여 천연의 자연조건을 갖추고 있는 샤인빌 CC 그리고 국내 최초로 서비스되는 청정 해수 요법의 딸라소 떼라피(SPA), 호텔 고객만을 위한 프라이빗 비치인 팜 비치는 소노캄 제주에서만 누릴 수 있는 특혜이다.

◎ 한류의 매력을 만나는 여행 정보 - 드라마 <킹더랜드>
<킹더랜드>의 구원과 천사랑이 킹 호텔 홍보영상을 찍던 그곳은 숲과 바다가 공존하는 리조트 ‘소노캄 제주’이다. ‘소노캄 제주’는 제주 바다와 또 한라산 경관을 함께 볼 수 있어 풍경을 보는 것만으로도 시간 가는 줄 모를 만한 아름다운 장소이다. 또 이곳에는 구원과 천사랑이 함께 사진을 찍은 하트 나무도 있으니 드라마를 제대로 만끽하고 싶다면 이곳에서 기념사진을 남겨보는 걸 추천한다."
소라횟집,제주특별자치도 제주시 구좌읍 해맞이해안로 1240-3,1828308,39,indoor,indoor:음식점 | outdoor:산,A05,A0502,A05020100,음식점,한식,한식,126.8463054731,33.5325096853,"세화5일장 옆에 있는 소라횟집은 물회, 우럭매운탕 등 다양한 메뉴를 제공한다. 원양산 재료를 사용하는 갈치구이, 갈치조림을 제외한 모든 메뉴는 국내산 재료를 사용하여 제공한다."
소리원,제주특별자치도 제주시 연동12길 37,2894478,39,indoor,indoor:식당/음식점,A05,A0502,A05020400,음식점,한식,중식,126.4932011692,33.4825012221,"소리원은 제주도민들 사이에서 짬뽕 맛집으로 소문난 중식당이다. 인기메뉴인 삼선고추짬뽕은 얼큰 칼칼한 국물에 야채와 해물이 푸짐하게 들어가 있으며 삼선간짜장은 센 불로 빠르게 볶아내어 신선한 식감이 살아있다. 이외에도 삼선울면, 삼선우동, 새우짬뽕, 깐풍기 등 다양한 중식을 맛볼 수 있다. 새우볶음밥은 새우가 푸짐하게 들어가고 고슬고슬한 밥알이 일품이다. 내부가 깔끔하고 테이블 간격이 넉넉하다."
소머리오름(우도봉),제주특별자치도 제주시 우도면 연평리 산23,598696,12,outdoor,outdoor:공원/산/섬/오름/해안,A01,A0101,A01010400,자연관광지,국립공원,산,126.9651405598,33.4915605829,"제주시 구좌읍 종달리에서 조금 떨어진 우도(소섬)는 유인도로 소가 머리를 들고 누워있는 형태를 띠고 있다. 머리에 해당하는 부분을 소머리오름이라 하며, 우도 주민들은 섬머리로 통한다. 성산항에서 우도 동천진항까지 도항선이 운행되고 있으며 시간은 약 15분 소요된다. 오름의 남동 사면은 곧바로 해안단애를 이루며 바다로 내리지르고, 북사면은 용암유출에 의해 파괴된 형태로 완만한 용암대지의 우도마을로 이어져 있어 오름이 곧, 섬 그 자체인 셈이다. 소머리오름은 응회환의 수중 분화구이며 화구 안사면에는 저수지와 함께 병풍처럼 둘러쳐진 화구륜을 확인할 수 있고, 화구 중앙에 소위 알오름이라고 하는 화구구(火口丘)인 망동산이 솟아있다."
소섬전복,제주특별자치도 제주시 우도면 우도해안길 1158,2854069,39,indoor,indoor:음식점 | outdoor:산/섬/해수욕장/해안,A05,A0502,A05020100,음식점,한식,한식,126.9651070604,33.4988681080,"소섬전복은 제주 우도 검멀레해수욕장에서 우도해안길을 따라 조금만 올라가면 만날 수 있는 전복 요리 전문점이다. 이곳은 청정 제주 바다에서 잡은 국내산 전복만을 사용하여 다양한 전복 요리를 선보이고 있다. 대표 메뉴로는 전복밥, 전복뚝배기, 전복죽, 전복물회 등이 있으며, 각각의 요리는 신선한 전복의 풍미를 최대한 살려 깔끔하고 깊은 맛을 자랑한다. 식사를 하면서는 통유리로 된 넓은 창을 통해 아름다운 우도 바다 풍경을 감상할 수 있어, 맛과 경치를 동시에 즐길 수 있는 점이 큰 장점이다. 우도를 방문하는 여행객들에게 만족도가 높다. 조용한 분위기에서 식사를 즐기며 제주 바다의 매력을 느낄 수 있는 소섬전복은 우도 여행 중 들러볼 만한 곳이다."
소정방폭포,제주특별자치도 서귀포시 칠십리로214번길 17-17 (동홍동),129405,12,outdoor,outdoor:공원/폭포/해안,A01,A0101,A01010800,자연관광지,국립공원,폭포,126.5769659202,33.2452065509,"소정방폭포는 제주도 서귀포시 제주올레 6코스에 있는 폭포이다. 소정방이라는 말은 정방폭포 옆의 작은 폭포라는 의미로 정방 폭포의 동쪽 570m 지점에 있다. 대한민국 폭포 중 정방폭포와 같은 해안 폭포로 육지에서 곧바로 바다로 연결되어 낙수가 떨어진다. 폭포의 높이가 낮고 물이 워낙 차가워 주변 주민들의 물맞이 장소로 인기가 있다. 
제주에는 백중날(음력 7월 15일) 차가운 물을 맞으면 일 년 동안 무사 건강하다는 풍속이 있어 백중날 물맞이 장소로도 사랑받는다. 아담한 물줄기가 친근한 느낌을 주며 이곳에서 보는 서귀포 앞 바다의 야경은 가히 일품이다. 소라의성과 소정방굴이 이웃해 있으며, 주변에 있는 정방폭포와 함께 관광하길 추천한다."
소천지,제주특별자치도 서귀포시 칠십리로485번길 2 (보목동),2781401,12,outdoor,outdoor:공원/산/해안,A01,A0101,A01011100,자연관광지,국립공원,해안절경,126.6027220992,33.2417795599,"보목 해안가에 있는 관광지로 마치 백두산 천지의 모습을 축소해 놓은 모습을 닮았다고 하여 소천지라 불린다. 소천지는 지도상에 검색해도 찾기 힘들고 뚜렷한 표지판도 없어 아는 사람만 아는 잘 알려지지 않은 숨겨진 명소였지만 제주 올레길을 점점 많은 이들이 찾으면서 제주올레 6코스에 포함되어 있는 소천지도 자연스럽게 유명해졌다. 이곳엔 1 급수에서만 산다는 생물들도 쉽게 찾을 수 있을 정도로 물이 맑고 화산활동과 같은 흔적들이 고스란히 남겨져있어 학술적 연구 가치가 있는 곳으로도 인정받고 있다.

(출처 : 제주 문화관광 홈페이지)"
속골유원지,제주특별자치도 서귀포시 호근동 1645,3071744,12,mixed,outdoor:계곡/공원/산/섬 | mixed:관광단지,A02,A0202,A02020700,역사관광지,관광단지,공원,126.5262315324,33.2405340402,속골유원지는 서귀포여고 옆 호근동 바닷가 근처에 있으며 이곳에 가면 울창한 숲과 함께 수량이 매우 풍부하고 바다까지 이어진 깊은 계곡을 만날 수 있다. 계곡 주변에는 숲속을 거닐 수 있는 탐방로가 있으며 탐방로 주변에는 사람들이 쉬어갈 수 있도록 벤치와 팔각정 등이 설치되어 있다. 시원한 계곡에서 서귀포 바다와 범섬을 바라보는 풍경과 그 주변의 길게 뻗은 야자수들은 이국적인 느낌을 준다. 물이 깊지 않은 곳에서는 아이들이 물놀이를 할 수 있고 계곡 하류에는 계곡을 건널 수 있는 조그마한 돌다리가 있다. 이곳은 관광객보다는 서귀포 주민들만 찾던 제주도의 숨겨진 명소이다. 여름철 마을 단체에서 운영하는 시원한 계곡에 발을 담그고 바다를 바라보며 백숙을 먹을 수 있는 곳으로 유명하다. 속골은 제주 올레길 7코스와 이어지니 바다를 바라보며 잘 정비된 산책길을 거니는 것도 좋을 듯하다.
손지오름,제주특별자치도 제주시 구좌읍 종달리 산 52,1945394,12,outdoor,outdoor:공원/산/오름,A01,A0101,A01010400,자연관광지,국립공원,산,126.8195400994,33.4564732156,"손지오름은 제주시 구좌읍 종달리에 위치한 오름이다. 이 오름은 한라산의 축소판 같은 생김새 때문에 한라산의 손자라는 의미로 손지오름이라고 불린다. 손지는 손자의 제주식 표현이며, 이 외에 손자봉, 손지악이란 이름도 같이 쓰인다. 손지오름은 따라비오름, 큰사슴이오름과 함께 가을철 억새가 아름다운 3대 오름에 손꼽힌다. 화구 능선에 오르기 위해서는 빽빽하게 들어선 억새 숲을 헤쳐 가야 한다. 억새가 한 방향으로 눕혀져 있는 것은 앞선 사람들이 만들어 놓은 길이다. 길은 여러 갈래로 흩어져 있지만 모두가 정상을 향하고 있다. 손지오름의 볼거리는 억새 군락이나 시원한 오름 조망만이 아니다. 남쪽 알봉 아래로는 광활한 목장 지대가 자리하고 있다. 이곳의 초지는 자연적으로 형성된 것이어서 방목된 소들은 홀로 봉우리에 오르기도 하고 때론 떼를 지어 평지를 활보한다. 손지오름에서 바라본 목가적인 풍경은 제주의 가을 정서와 매우 잘 어울린다."
솔동산고기국수,제주특별자치도 서귀포시 부두로 23 (서귀동),2833244,39,indoor,indoor:음식점 | outdoor:산,A05,A0502,A05020100,음식점,한식,한식,126.5652336535,33.2429705005,"솔동산고기국수는 제주 서귀포 이중섭거리 아래쪽에 있는 솔동산 문화의 거리에 있다. 육수의 깊은 맛과 고기의 담백하고 깔끔함을 더욱 살리는 솔동산만의 비법으로 만드는 반반국수, 고기국수, 비빔국수, 해물 국수, 흑돼지 만두, 수육 등을 맛볼 수 있는 국수 전문점이다. 제주도 향토 음식 중 하나인 고기국수를 강하지 않고 깔끔한 맛의 사골 육수로 만들고 두툼한 수육이 함께 올려져 나온다. 제주도 유명 관광지 인근에 있어 여행 일정으로 방문하기 좋으며, 이른 아침 오픈으로 제주도 아침 식사로 좋다, 또한 혼자 오는 여행객을 위한 특별한 메뉴도 준비되어 있어 편하게 방문 할 수 있다."
솔트,제주특별자치도 제주시 애월읍 애월해안로 226,2699343,32,indoor,indoor:숙박/호텔,B02,B0201,B02011100,숙박시설,관광호텔,게스트하우스,126.3363346046,33.4670365589,"올레길 15번과 16번이 만나는 애월읍 고내리, 고내 포구 옆에 위치한 (salt)의 객실들은 가까운 듯 먼 제주를 조금 더 친밀하게 느낄 수 있는 공간이다. 건물 외벽을 감싼 제주의 현무암, 제주 바다를 각기 다른 모습으로 담아낸 창들, 재료의 거친 면을 그대로 살린 건물의 내부, 익숙한 높이와 안락함에서 벗어난 가구들의 배치는 당신의 시간을 좀 더 적막하게, 차분하게, 천천히 흐르게한다. 총 다섯 종류의 객실은 모두 바다를 향하며 1인실과 2인실로만 구성되어있다."
송당나무,제주특별자치도 제주시 구좌읍 송당5길 68-140,2499713,39,indoor,indoor:실내/음식점/카페 | outdoor:야외/정원,A05,A0502,A05020900,음식점,한식,카페/전통찻집,126.7890922698,33.4769510167,"송당나무는 넓은 정원에서 꽃을 감상할 수 있는 가드닝 카페로 제주시 구좌읍 송당리에 위치해 있다. 강수량이 많은 송당리는 식물이 자라기 좋은 환경으로 귤 농사 대신 조경수 재배를 많이 하는 동네로 알려져 있다. 허브, 야자나무, 선인장 등 온갖 식물이 가득한 온실이나 야외 정원에서 에이드, 커피 등 차 한 잔을 즐기며 여유를 느낄 수 있다. 반려동물 동반이 가능하고 케이지나 전용 가방을 지참할 경우 실내도 입장할 수 있다. 비정기적으로 가드닝 수업을 진행하며 카페 공식 사이트에서 확인할 수 있다."
송당무끈모루,제주특별자치도 제주시 비자림로 1661-13,2836910,12,outdoor,indoor:카페 | outdoor:공원/산/오름,A01,A0101,A01010400,자연관광지,국립공원,산,126.7718858903,33.4568057445,"송당무끈모루는 송당리 비자림로에 있다. 모루는 산마루 할 때 마루 즉 작은 언덕을 뜻하지만, 지금은 특별히 경사나 구릉을 느낄 수 없다. 이 장소에 안도르 카페가 생기며 사진 스폿으로 알려지기 시작했다. 나무 사이로 넓은 초록 들판이 보이고, 멀리 삼나무숲과 오름을 배경으로 사진을 찍으면 분위기 있는 장면을 연출할 수 있다. 시외버스를 타면 바로 앞까지 갈 수 있어 뚜벅이 여행자들도 접근이 쉬우며 사진 스폿에는 주말에 줄 서는 사람이 많다. 근처 비밀의 숲으로 유명해진 안돌오름과 묶어 사진을 찍으러 오는 여행자가 많다. 근처 함께 방문하기 좋은 여행지로 아부오름, 비자림, 안돌오름 등이 있다."
송림반점,제주특별자치도 제주시 관덕로 2-1,2860639,39,indoor,indoor:식당/음식점 | outdoor:산,A05,A0502,A05020400,음식점,한식,중식,126.5197592925,33.5124511065,송림반점은 제주 구도심 서문사거리에 위치한 중식당이다. 70년이 넘은 노포로 1950년대에 화교가 처음 오픈했고 이후 세 번의 주인이 바뀌고 1979년부터 지금의 주인이 운영하고 있다. 제주도 내 옛날식 중화요리 도민 맛집이다. 대표메뉴 간짜장은 해산물과 돼지고기가 넉넉하게 들어있고 뒷맛이 칼칼한 것이 특징이다. 제주산 돼지고기를 사용하는 탕수육은 육질이 쫀득하다.
송아오름,제주특별자치도 제주시 한경면 용금로 545,1945592,12,outdoor,outdoor:공원/산/오름,A01,A0101,A01010400,자연관광지,국립공원,산,126.2381599336,33.3372049375,"송아오름은 제주시 한경면 조수리 한양동 사거리 남쪽 도로변에 있으며 완만한 사면의 등성마루는 심한 침식을 받아 원래의 형태를 정확히 파악할 수는 없으나 화구 남쪽이 터진 말굽형 분화구로 추정된다. 오름 전사면은 해송이 숲을 이루고 있으며 동쪽 기슭 도로변에는 예전에 식수로 이용했던 것으로 보이는 못이 있고 못가에는 수령이 백여년 이상으로 추정되는 팽나무 등 노거수목 2그루가 서 있다. 오름에 해송이 많아서 한자로 송악, 송화악이라고 표기하고 있는 것으로 보아 송아오름은 이에 비롯된 이름인 듯하다. 그러나 일부 사람들은 송아지 형체를 하고 있다 하여 송아오름이라 부른다고 한다."
송악산 진지동굴,제주특별자치도 서귀포시 대정읍 상모리 238,2765245,12,outdoor,outdoor:공원/산/섬/해안,A01,A0101,A01011900,자연관광지,국립공원,동굴,126.2935109685,33.1991210589,"송악산 해안 절벽에 있는 인공 동굴로, 1945년 초 일본군이 연합군의 공격에 대비하거나 중국 침략을 목적으로 구축해 둔 동굴이다. 송악산 해안 절벽을 훼손해 가며 모두 15개의 인공 동굴을 뚫었고, 제주도민들을 강제 동원한 곳이기도 하다. 동굴 너비는 3~4m, 길이는 20여 m로 우리나라에서는 쉽게 찾아볼 수 없는 일제 강점기 군사시설이다. 동굴 안쪽에서 바라보면 희미하게 형제섬이 보이는데, 바라보는 위치에 따라 두 개에서 네 개, 열 개로 쪼개지는 신기한 모습을 보여준다. 최근엔 붕괴 위험으로 접근이나 동굴 입장이 금지된 상태이다."
송악산둘레길,제주특별자치도 서귀포시 대정읍 상모리 245,3013283,12,outdoor,outdoor:공원/둘레길/산/섬/오름,A01,A0101,A01010500,자연관광지,국립공원,자연생태관광지,126.2893195489,33.2043620812,"송악산둘레길은 99개의 작은 봉우리가 모여있는 송악산(높이 104m 오름)을 둘러싼 순환구조의 둘레길이다. 가파도(해발고도가 가장 낮은 섬)와 형제섬, 쾌청한 날에는 마라도(국토 최남단)까지 훤히 보이는 이곳은 세계적으로 유래가 적은 이중 분화구가 존재하는 장소로, 화산학적 가치가 높은 산이다. 송악산둘레길은 총 길이 2.8km로 송악산 분화구를 중심으로 원을 그리면서 걷는 코스이다. 완만한 길이 연속되어 험하지 않고 바다 냄새를 느끼며 누구나 쉽게 오를 수 있어 어린이를 포함한 가족과 반려동물이 동반하여 산책하기 좋다. 송악산둘레길 입구에는 마라도로 가는 배 선착장이 있다."
송악산전망대,제주특별자치도 서귀포시 대정읍 상모리 2-13,2765237,12,outdoor,outdoor:산/섬/전망대/해안,A02,A0205,A02050600,역사관광지,다리/대교,유명건물,126.2943831374,33.1981045181,"99개의 작은 봉우리가 모여 있다고 하여 99봉이라고도 불리는 송악산에는 3개의 전망대가 있어 주변의 빼어난 경치를 감상할 수 있다. 특히, 마라도와 가파도, 형제섬 그리고 한라산과 해안을 따라 펼쳐진 주변 경관을 감상할 수 있어 관광객들이 많이 찾는 곳이다. 전망대를 향해 오르다 보면 일제 강점기 일본군의 군사기지를 위해 만들어 놓은 인공 동굴들도 볼 수 있다. 넓은 평지와 계단이 번갈아 있어 산책 삼아 해안을 내려다보면서 한 바퀴 둘러보기에도 좋다."
쇠소깍,제주특별자치도 서귀포시 쇠소깍로 104 (하효동),129617,12,outdoor,outdoor:계곡/공원/산/폭포/해수욕장,A01,A0101,A01010900,자연관광지,국립공원,계곡,126.6224173342,33.2542757170,"제주도 서귀포시 하효동에 있는 쇠소깍은 원래는 소가 누워있는 형태라 하여 쇠둔이라는 지명이었는데, 효돈천을 흐르는 담수와 해수가 만나 깊은 웅덩이를 만들고 있어 ‘쇠소깍’이라고 붙여졌다. 쇠는 소, 소는 웅덩이, 깎은 끝이라는 의미를 담고 있다. 쇠소는 용암이 흘러내리면서 굳어져 형성된 계곡 같은 골짜기로 이름만큼이나 재미나고 독특한 지형을 만들고 있다. 쇠소깍은 서귀포칠십리에 숨은 비경 중 하나로 깊은 수심과 용암으로 이루어진 기암괴석과 소나무숲이 조화를 이루면서 아름다운 풍광을 연출한다. 쇠소깍이 위치한 하효동은 한라산 남쪽 앞자락에 자리 잡고 있어 감귤의 주산지로 유명하여 마을 곳곳에 향긋한 감귤 냄새가 일품이다. 주변에는 주상절리대와 중문해수욕장, 천제연 폭포 등 유명한 관광지가 많아 함께 둘러보기에 좋다."
쇠소깍 복순이네,제주특별자치도 서귀포시 쇠소깍로 156 (하효동),2850090,39,indoor,indoor:리조트/숙박/식당/음식점 | outdoor:산,A05,A0502,A05020100,음식점,한식,한식,126.6210730819,33.2509121773,"쇠소깍 복순이네는 제주 서귀포시 쇠소깍로에 위치한 정겨운 분위기의 한식당으로, 바다와 자연을 함께 즐길 수 있는 쇠소깍 인근에 자리해 있어 식사와 여행을 함께 즐기기에 좋은 곳이다. 대표 메뉴인 해물탕은 신선한 해산물이 푸짐하게 들어가 깊고 시원한 국물 맛이 일품이다. 그 외에도 제주 향토 음식인 옥돔구이, 성게 미역국 등 제주 바다의 맛을 제대로 느낄 수 있는 메뉴들이 다양하게 준비되어 있다. 처음에는 현지 주민들 사이에서 알려진 숨은 맛집이었지만, 입소문이 퍼지고 여러 매체에 소개되면서 많은 여행객들이 찾는 인기 식당이 되었다. 아침식사나 혼밥이 가능한 단품 메뉴도 마련되어 있어 누구나 부담 없이 들를 수 있다. 금호리조트에서 가까운 위치에 있어 숙박객들이 찾기에도 좋으며, 식사 후에는 쇠소깍의 맑은 물길을 따라 산책을 할 수 있다."
쇠소깍산물관광농원,제주특별자치도 서귀포시 남원읍 하례로 90,3015632,12,outdoor,indoor:박물관/카페 | outdoor:산,A02,A0203,A02030100,역사관광지,농.산.어촌 체험,농.산.어촌 체험,126.6247170530,33.2579003538,"쇠소깍산물관광농원은 제주도 동쪽의 대표적인 관광지 쇠소깍 바로 옆에 있다. 산물이란 글자 그대로 산과 물을 의미한다. 산에서 나는 물, 제주의 생명서 그 물이 산물이란다. 한의사 원장님이 운영하는 한라봉 하우스 안의 이색 박물관과 빈티지 카페로 쇠소깍 근처를 지나간다면 한번쯤 들러볼 만한 곳이다. 입구 주변으로 넓은 길가에 주차를 하고 내부 관람이 가능하다. 입구에 들어서면 앞마당에 다양한 제주 볼거리와 예쁜 꽃과 조형물을 배경으로 제주관광기념 사진을 찍기 좋다. 농원에는 모루박물관, 농기구 박물관, 제주 전통 고재, 온실 카페, 감귤 체험, 아치터널 등 볼거리, 즐길 거리뿐만 아니라 공간 구석구석 레트로 감성 포토존이 가득해 기억에 남는 컨셉 사진 찍기는 물론 과거 어린 시절의 향수를 듬뿍 느낄 수 있다. 한라봉, 천혜향 생과일 주스와 제주 토종 유자로 만든 제주 댕유자차 등 제주도다운 음료를 제공한다."
쇠소깍축제,제주특별자치도 서귀포시 쇠소깍로 151-1 (하효동) 하효항 및 쇠소깍 일원,577899,15,unknown,,A02,A0207,A02070200,역사관광지,문화관광축제,일반축제,126.6215230516,33.2505344492,"천혜의 자연경관을 지닌 쇠소깍 일대에서 오는 9월 20일부터 9월 21일까지 이틀간 펼쳐지는 쇠소깍축제는 올해로 21회째를 맞는 효돈동의 대표축제이다.
테우모형 만들기 등 다채로운 체험 프로그램이 운영되며, 현장 참여 이벤트를 통해 테우, 카약, 제트보트 무료체험도 즐길 수 있다.
이번 축제에서는 청소년 문화·락(樂) 페스티벌을 운영하여 도내 청소년들이 꿈과 끼를 마음껏 펼칠 수 있는 기회를 제공한다.
지역주민이 참여하는 문화공연 뿐만 아니라 초청가수(문희경, 사우스카니발)의 축하공연도 함께 펼쳐지며 축제 첫날인 9월 20일 밤에는 불꽃놀이가 펼쳐져 하효항의 밤을 화려하게 수놓을 예정이다."
쇠와꽃승마장,제주특별자치도 서귀포시 성산읍 섭지코지로25번길 88-17,3030978,28,outdoor,outdoor:레포츠/산/숲길/해변/해안,A03,A0302,A03021100,레포츠소개,수련시설,승마,126.9200204894,33.4473452917,"성산일출봉과 광치기해변이 배경인 쇠와꽃승마장은 성산읍의 유일한 정식 허가업체로 제주관광공사가 추천하는 곳이다. 또한 전문 승용마 생산 지정 농장이기도 하다. 쇠와꽃승마장은 그동안 드라마, 영화 촬영을 진행해 많은 연예인들이 찾았던 곳이며, 제주도에서 촬영해 많은 사람들에게 각인되었던 드라마 맨도롱 또똣의 촬영지이기도 하다. 전문 강사진이 안전과 기술을 가르쳐주어 처음 승마를 접하는 사람부터  쉽게 즐길 수 있으며 전문가까지 즐길 수 있는 다양한 코스가 마련되어 있다. 성산일출봉과 광치기 해변의 경치를 배경으로 가족, 연인, 친구와 함께 특별한 추억을 만들기 위해 여행 중 편리하게 방문 가능하다. 가장 대표적인 코스로는 해안코스와 숲코스 두 가지가 있는데 가장 많이 찾는 코스는 해안코스로 솨외꽃승마장에서 출발해 유네스코 자연경관으로 등재된 바다인 광치기해변까지 전문강사와 함께 직접 말을 타고 다녀오는 코스이다. 성산일출봉의 아름다운 단면과 푸른 하늘, 바다가 한눈에 들어오는 황홀한 순간을 더 높은 시야에서 가득 담을 수 있다. 쇠와꽃승마장 주변은 관광지가 많아서 빛의 벙커, 사려니숲길, 녹산로 유채꽃밭, 섭지코지와 한화 아쿠아플라넷 제주 등 함께 방문하기 좋다."
수눌음,제주특별자치도 서귀포시 하모항구로 50 수눌음,2941421,39,indoor,indoor:실내/음식점,A05,A0502,A05020100,음식점,한식,한식,126.2500532068,33.2181793865,"수눌음은 제주 서귀포시 대정읍에 위치한 횟집이다. 방어축제가 열리는 모슬포항에 위치하여 저렴한 가격에 싱싱하고 맛있는 특방어회와 고등어회를 맛볼 수 있는 곳이다. 외관도 깔끔하고 실내도 깔끔하며 널찍한데도 웨이팅이 있을 정도로 인기있다. 세트메뉴를 시키면 회와 함께 회국수, 생선 조림, 지리탕 등이 함께 나와 가성비가 좋다. 이외에도 회정식과 보말성게국, 고등어구이 등의 메뉴도 준비되어 있어 남녀노소 든든한 한 끼 식사가 가능하다."
수망다원,제주특별자치도 서귀포시 남원읍 태수로608번길 84,2871954,39,indoor,indoor:음식점/카페 | outdoor:산,A05,A0502,A05020900,음식점,한식,카페/전통찻집,126.7189265562,33.3365903957,"수망다원은 제주 서귀포시 남원읍 수망사거리 인근에 위치한 유기농 차 전문 카페이자 다원이다. 깨끗한 자연환경 속에서 유기농 방식으로 녹차를 재배하고 있으며, 넓게 펼쳐진 녹차밭을 바라보며 차를 즐길 수 있는 공간이다. 신선한 잎녹차를 비롯해 말차, 홍차 등 다양한 차를 맛볼 수 있다. 직접 재배한 유기농 녹차와 홍차가 수망다원의 대표 메뉴이며, 유기농 말차 라떼 역시 또 다른 대표 메뉴이다. 다양한 찻잎도 구매할 수 있다. 차밭은 산책하기 좋을 뿐 아니라 배경도 좋아 사진찍기에도 좋다. 자연 속에서 차 한 잔의 여유를 즐기고 싶은 사람들, 가족 단위 여행객이나 부모님과 함께하는 여행 코스로도 추천한다."
수망리 마흐니숲길,제주특별자치도 서귀포시 남원읍 수망리 산203,3015608,12,outdoor,outdoor:계곡/공원/산/숲길/오름,A01,A0101,A01010400,자연관광지,국립공원,산,126.6914561552,33.3612177928,"마흐니숲길은 물영아리오름(세계 람사르 습지) 맞은편 탐방로에서부터 마흐니오름 정상까지 편도 5.3㎞의 숲길이다. 입구부터 펼쳐지는 풍경은 평지가 대부분이지만 간혹 오르막도 있다. 총 10㎞ 조금 넘으니 중간에 쉴 때 마실 물이나 음식을 싸고 가는 것을 추천한다. 보통 성인 걸음으로 3~4시간 정도 걸린다. 오랫동안 사람 손길이 닿지 않는 원시림 코스가 이어진다. 숲길 처음에 들어서면 제주의 곶자왈을 만날 수 있고 하늘이 보이지 않을 정도로 쭉쭉 벋은 울창한 삼나무 숲으로 이어져 청정자연이 뿜어내는 피톤치드를 가득 들이키며 몸과 마음이 정화되는 싱그러운 숲길트레킹을 할 수 있다. 높은 습도 덕분에 바닥의 바위뿐 아니라 나무줄기에도 이끼가 덮여있고 나무 사이로 햇살이 갈라져 쏟아지는 모습도 장관이다. 이 삼나무 숲은 바람이 거센 제주에서 방풍을 위해 1970년대에 조성한 인공림이다. 제주 사람들은 삼나무를 대나무처럼 쑥숙 자란다고 쑥대낭이라고도 부른다. 기분 좋게 삼나무 숲길을 한참 걷다 보면 숲의 풍광이 달라지며 마흐니오름 삼거리가 나온다. 여기서 마흐니오름 정상으로 가는 추천 길은 용암대지, 마흐니 수직굴, 정부인이씨묘, 마흐니 궤 등을 보며 오르는 좌측 코스를 추천한다. 곧게 뻗은 인공림의 나무들과는 달리 서로 뒤엉켜 있는 단풍나무부터 단풍나무와 때죽나무가 한 몸이 된 연리목도 보인다. 용암이 굳어 만들어진 마흐니 용암대지는 용암유로를 따라 흘러나온 용암이 편평하게 굳어져 만들어진 것으로 물장오리조면현무암 5~6매가 시루떡처럼 굳어진 용암류의 상부를 흐르는 물에 의한 풍화와 침식 작용으로 만들어진 용암단애를 관찰할 수 있다. 비가 내리면 용암단애에서는 폭포수를 이루로 하부에서는 소(沼)를 형성한다. 마흐니 오름 하부 의귀천의 짧은 구간에서 용암단애들로 이루어진 5단계의 폭포가 있으며 수십 차례의 용암 유출이 있었음을 알 수 있다. 마흐니 수직굴은 일반적인 용암동굴이 수평으로 발달하는 것과 달리 수직으로 발달하며 수직굴 직하부에서 남쪽(수망리 민오름)으로 수평굴이 형성되어 있어 ㄴ자 모양을 하고 있는 독특한 동굴이다. 동굴의 깊이는 약 20m이며 지표면에서의 직경은 약 2.7m이나 아래로 내려갈수록 직경이 커진다. 제주 명월진의 만호를 지낸 황한규의 정부인 이씨의 무덤(20세기 초반 제주 전통적인 무덤양식)이 보이고 자연스럽게 자람 숲을 지나자 바닥에 제주조릿대가 나타나고 마흐니 궤로 향한다. 울퉁불퉁한 길을 지나 구멍이 움푹 패어있는 웅덩이가 보이고 여기서 아래로 약 100m를 내겨가면 마흐니 궤가 나타난다. 궤는 제주어로 동굴을 의미한다. 마흐니 궤는 반원형으로 이루어져 있으며 폭이 약 10m, 높이 약 7~8m에 이르고, 깊이는 4m정도 되는 바위굴로 마흐니 오름 남서쪽 의귀천 상류 계곡에 있다. 궤를 이루고 있는 암석은 휘석과 사장석 반정을 함유하고 있는 물장올조면현무암으로 지표면을 따라 흐르던 물이 궤의 상부에 모여 낙수를 만든다. 마실 물이 있으므로 이로 인하여 마을 사람들이 겨울철에 노루 사냥이나 나무를 벌채하기 위해 마흐니 궤 내부에서 며칠 동안 숙식하며 지냈다고 한다. 숲길을 걷다 보면 잣성이라고 하는 제주도 특유의 목축 문화를 엿볼 수 있고 탐방로 풀들과 꽃 등 식생을 살피다 보면 어느새 마흐니오름 정상에 도착한다. 마흐니오름은 남원읍 수망리 산 203번지에 위치한 표고가 552m, 비고 47m인 말굽형 분화구이고 아쉽게도 우거진 나무 탓에 조망이 없다. 그저 잠시 쉬어갈 수 있는 벤치와 정상표시가 전부이다. 마흐니오름은 마안이오름, 마하니오름 등으로 불리는데 마흐니의 원말은 머흐니로, 험하고 사납다 또는 험하고 거칠다는 의미라 한다. 1948년 제주 4·3사건 이전에는 이 오름의 굼부리에서 밭농사를 했고 1960년대 후반까지도 노루 사냥을 했던 곳이라는데 지금은 숲길뿐이다."
수목원테마파크(아이스뮤지엄),제주특별자치도 제주시 은수길 69,2553685,12,mixed,indoor:시장/실내 | outdoor:공원/수목원 | mixed:관광단지/복합/테마파크/파크,A02,A0202,A02020600,역사관광지,관광단지,테마공원,126.4879352279,33.4706885565,수목원테마파크(아이스뮤지엄)는 날씨에 상관없이 즐길 수 있는 실내 공간으로 1년 내내 다양한 얼음조각과 시원하고 스릴 넘치는 얼음 썰매를 즐길 수 있다. 이색적인 공간과 더불어 세상에 없던 재미를 선사하는 짜릿한 가상 현실 VR 체험 등 다양한 즐길 거리가 있다. 테마파크 주변으로는 대한민국 최초의 소나무 숲 안에 조성된 자연 그대로의 형태를 갖춘 야시장과 LED 공원 주변으로 다양한 먹거리와 여행 중 피로를 풀어 줄 족욕 체험도 있어 제주 자연을 느낄 수 있는 ‘도심 속 작은 휴식처’로 관광객들에게 다양한 콘텐츠를 제공하는 제주 최대 규모 복합 관광지이다.
수산봉,제주특별자치도 제주시 애월읍 수산리 산1-1,2714826,12,outdoor,outdoor:공원/산/오름,A01,A0101,A01010400,자연관광지,국립공원,산,126.3828359615,33.4738476510,애월읍 수산리에 있는 수산봉은 소화산체이다. 동그란 형태의 분화구를 지니고 정상에 물이 고인 작은 연못이 있어 물메오름 혹은 정상에 봉수가 있어 수산봉이라고 불린다. 제주 올레 16코스에 포함되어 올레길을 따라가다 보면 수산봉 근처에 있는 수산저수지와 곰솔을 지나 수산봉 정상에 오르게 된다. 수산봉은 계단과 길이 잘 다듬어져 있어 어린 자녀와 함께 오르는 가족단위 여행객도 많다. 수산봉의 산행시간은 약 20분 정도 소요되며 주변을 둘러보며 올라갈 계획이라면 40분 정도 계획을 하고 가면 된다.
수산한못,제주특별자치도 서귀포시 성산읍 수산리,3011245,12,outdoor,outdoor:공원/산,A01,A0101,A01011800,자연관광지,국립공원,강,126.8432275630,33.4290849574,"수산한못은 과거 수산정의 마장의 말과 소에게 물을 먹이고 화산 지형으로 인해 물이 귀한 제주 지역 주민들의 식수로도 사용해왔던 유래 깊은 곳이다. 수산한못 이름의 한은 크다라는 뜻으로 수산평에 있는 큰 못이라는 뜻을 가지고 있다고 한다. 이곳은 말물통이라고도 불리기도 했는데 고려시대 삼별초를 진압하고 여몽 연합군이 일본 정벌 목적으로 군마를 키우면서 인공적으로 조성되었다고 하니 역사적 의미가 있다. 이 곳은 보라색 꽃을 피우는 멸종위기 야생 식물인 전주물꼬리풀 복원지이기도 하고, 가을에는 억새의 조화가 멋진 풍경을 자아내어 가을 매력을 충분히 느낄 수 있다. 제주에서 물이 고여 있는 저수지나 연못에서 한라산 전경을 한눈에 볼 수 있는 곳은 그리 많지 않은데, 수산한못은 연못에서 한라산이 그대로 펼쳐져 아름다운 장관을 보여준다. 잔잔히 퍼지는 연못을 따라 길지는 않지만 산책코스가 잘 정비되어 있고 정자가 두 군데 있으나 그늘이 별로 없으므로 풀이 아주 무성하게 자라는 한여름은 피해 방문하길 권하며 가을엔 억새도 가득하다. 특히, 여기는 곳곳의 위치에 따라 달라 보이는 반영 사진이 예쁘게 나오는 곳이므로 맑은 하늘과 뭉게구름이 못에 비치는 날에 방문하거나 가족이나 연인끼리 피크닉 세트를 준비해 방문하기에도 좋다."
수악(물오름),제주특별자치도 서귀포시 남원읍 516로 1042,1945208,12,outdoor,outdoor:공원/산/오름,A01,A0101,A01010400,자연관광지,국립공원,산,126.6094946439,33.3246677430,"수악은 원추형 측화산이다. 지역 일대는 한라산 기슭 깊숙한 곳으로 가운데 선돌이 한 개 있다. 이 돌을 지역주민들은 장군이라고 부르며, 이 돌을 중심으로 하여 그 안 지경 일대가 안쪽에 군대가 진을 친 형태라 하여 ‘안진모루’, 그리고 장군 바깥 지경을 밖에 진을 친 형태라 하여 ‘밧진모루’, 연병장에 해당하는 지역이 ‘벵디왓’, 이들 군사들이 먹을 군량미를 쌓아놓은 듯하다 하여 ‘오름’이라 했는데, 한자표기화에 의해 ‘수악(水岳)’이라 표기하고 불리고 있다. 해송과 삼나무가 조림되어 울창한 숲을 이루고 있으며, 정상부에는 산불감시용 초소와 자연보호간판이 서 있다. 이 오름은 송이를 다량 채취하여 기층재로 사용되어 훼손되었으나, 현재는 삼나무 등을 식재하여 조림지로 복구되어 있다.  오름 북쪽 도로건너편에는 천연기념물로 지정 보호되고 있는 신례리 왕벚나무 자생지가 있다."
수애기베이커리,제주특별자치도 서귀포시 동일하모로98번길 48-59,2831920,39,indoor,indoor:베이커리/음식점/카페,A05,A0502,A05020900,음식점,한식,카페/전통찻집,126.2442091801,33.2222482902,"제주 서귀포시 대정읍에 위치한 수애기베이커리카페는 오션뷰와 베이커리로 유명한 대형 카페이다. ‘수애기’는 제주 방언으로 돌고래를 의미하며, 카페가 위치한 모슬포항과 동일리포구 일대에서 돌고래를 관찰할 수 있어 이름이 지어졌다. 카페는 원형 구조로 설계되어 있으며, 통유리 창을 통해 탁 트인 바다 전망을 감상할 수 있다. 주요 메뉴로는 아몬드크림라떼, 딸기라떼, 스무디, 에이드 등이 있으며, 직접 구운 소금빵과 포카치아 등 베이커리도 인기 있다. 주차 공간도 넉넉하여 편리하게 방문할 수 있으며, 카페 내부에는 잉어를 볼 수 있는 분수대도 있어 아이들과 함께 방문하기에도 적합하다. 여유로운 분위기를 동시에 즐길 수 있는 장소로 추천한다."
수와래베이커리,제주특별자치도 서귀포시 남원읍 태위로 17,2873724,39,indoor,indoor:베이커리/음식점/카페 | outdoor:산,A05,A0502,A05020900,음식점,한식,카페/전통찻집,126.6498228833,33.2724741457,"제주 서귀포시 위미초등학교 근처 주택가에 자리한 수와래베이커리는 오래된 구옥을 그대로 활용한 빵집이다. 이곳은 커피 메뉴 없이 빵과 약간의 병음료만 판매하는 순수 베이커리로, 테이크아웃만 가능하다. 인기 있는 메뉴는 소금빵으로, 프랑스산 엘르엔비르고메버터와 맥선 유기농 밀가루를 사용하고 가격이 합리적인 편이다. 앙버터 메뉴를 주문하면 치아바타, 소금빵, 바게트 중 원하는 빵을 선택해 취향에 따라 즐길 수 있다. 주변에는 위미항, 공천포, 쇠소깍 등 자연 경관과 관광지들이 가까이 있어 함께 둘러보기 좋다."
수월봉,제주특별자치도 제주시 한경면 고산리 3760,126434,12,outdoor,outdoor:공원/산/섬/해안,A01,A0101,A01010400,자연관광지,국립공원,산,126.1634201497,33.2947890147,"제주의 가장 서쪽 끝머리에 있는 한경면 고산리에 가면 제주에서 가장 넓은 들이 있다. 이 들판 끝  해안가에 솟아있는 조그마한 봉우리가 수월봉이다. 수월봉은  해안에 돌출해 있는 높이 약 77m의 봉우리로 절벽이 예리하고 운치가 있으며 곳곳에서 솟는 용천수는 약수로 유명하다. 수월봉 정상에는 기우제를 지내던 육각정인 수월정이 있다. 수월봉 아래 해안을 끼고 이어지는 절벽은 화석층이 뚜렷하여 자연의 신기함을 더하는 곳이다. 수월봉에서는 제주에서 가장 아름답다는 섬인 차귀도가 내려다 보이고, 더욱이  수월봉 정상에 있는 수월정에 앉아서 바라보는 낙조는 제주 어느 곳에서 보는 것보다 아름답다."
수월봉과 차귀해안,제주특별자치도 제주시 한경면 노을해안로 1013-70,228859,12,outdoor,indoor:몰 | outdoor:공원/산/섬/전망대/해안,A01,A0101,A01011100,자연관광지,국립공원,해안절경,126.1630063111,33.2941224154,"수월봉은 해발 77m 높이의 제주 서부지역 조망봉이다. 특히 깎아 만든 듯한 수월봉 해안절벽은 동쪽으로 2㎞까지 이어져 있다. 이 해안절벽은 ‘엉알’이라 불리며, 벼랑 곳곳에는 샘물이 솟아올라 ‘녹고물’이라는 약수터로 널리 알려져 있다. 수월봉 아래쪽에는 해안선을 따라 지질트레일이 있다. 해안 절벽을 따라 화산 퇴적물이 쌓여 있는 모습이 유명하다. 수월봉 정상에는 기우제를 지내던 육각정인 수월정이 있으며 수월정 옆으로는 고산기상대가 우뚝 서 있다. 우리나라 남서해안 최서단에 있는 기상대로서 거의 모든 기상 관측이 이루어지는 곳이다. 이곳 5층에는 일반인인도 출입 가능한 전망대가 있다. 수월정에 앉아서 차귀도로 떨어지는 낙조의 모습은 제주도에서 아름답기로 손꼽히는 일몰 중 하나이다. 수월봉 언덕이 해안가에 우뚝 솟구쳐 있는 절벽이기 때문에 정상부에 쳐놓은 울타리 바깥으로 나가지 않도록 주의해야 한다.
또한 북쪽으로 보이는 해안가에 차귀도라는 섬이 있는데 정상부에만 초지가 형성되어 있고 그 외는 온통 검은 바위 절벽으로 이루어져 있다. 한때 유인도였다고도 전해진다."
수희식당,제주특별자치도 서귀포시 태평로 377,1305270,39,indoor,indoor:식당/음식점,A05,A0502,A05020100,음식점,한식,한식,126.5612617215,33.2453646181,"소박하지만 깔금한 분위기의 수희식당은 제주 서귀포 향토 음식 전문점이다. 적당한 양념으로 신선한 원재료와 맛을 살려 유명해졌다. 특히 전복뚝배기와 갈치조림 요리가 인기이고 시원하고 깔끔한 국물의 해물 뚝배기는 청청한 바다에서 갓 잡은 싱싱한 해물로 끓여 시원하면서도 담백하여 해장국으로도 안성맞춤이다. 계절에 맞춰 제공되는 담백한 맛의 성게물회도 수희식당의 인기 메뉴 중 하나다. 이외에도 옥돔구이, 왕소금을 뿌려 구운 제주 은갈치 구이 등의 메뉴가 준비되어 있다."
숙성도 제주본점,"제주특별자치도 제주시 제원길 30 (연동) 2, 3층",2798036,39,indoor,indoor:음식점,A05,A0502,A05020100,음식점,한식,한식,126.4888958794,33.4873145093,"숙성도는 100% 제주 흑돼지를 차별화된 기술로 숙성하여 제공하는 돼지고기구이 전문점이다. 이곳은 선별된 정육을 진공으로 포장해 영하 1도의 염수로 보관하는 워터에이징 후, 바람과 온도, 습도를 관리하는 드라이에이징까지 교차로 숙성한다. 또한, 돼지고기 하면 떠오르는 삼겹살 부위가 아니라 비선호 저지방 부위인 등심, 앞다리, 뒷다리 등 기타 부위들을 전문적인 숙성법으로 더 맛있게 맛볼 수 있다는 점이 이 집만의 특징이다."
순두부엔짬뽕,제주특별자치도 제주시 통물길 30,2894496,39,indoor,indoor:음식점 | outdoor:산/해변,A05,A0502,A05020100,음식점,한식,한식,126.4348421978,33.4894328604,"순두부엔짬뽕은 제주시 외도동 월대천 근처에 있다. 매일 새벽 100% 국내산 콩 만으로 전통 재래방식 손두부를 만드는 집이다. 대표 메뉴는 순두부 짬뽕으로 불맛 나는 국물에 순두부와 숙주가 푸짐하게 올라 있어 얼큰하면서 시원하지만, 오전 10시부터 3시 사이에만 판매한다. 동충하초로 직접 발효하는 냄새 없는 청국장, 모 두부, 두부전골, 매운 순두부찌개, 재래식 순두부 등 건강한 콩 음식을 판매하고 있다. 주변 여행지로 월대천, 내도알작지해변, 이호테우해변 등이 있다."
순례자의 교회,제주특별자치도 제주시 한경면 일주서로 3960-24,2789652,12,unknown,,A02,A0201,A02010900,역사관광지,고궁,종교성지,126.1805486613,33.3198309570,"순례자의 교회 제주 올레길 13코스에 위치한 교회로 가장 작은 교회라고 알려져 있다. 예배 시간이 정해지지 않고 방문객을 맞이하는 시설도 없이 조용한 명상과 묵상을 할 수 있게 마련된 예배당이다. 교회 탑에 길 위에서 묻다라는 문구가 방문객들에게 많은 질문을 던진다. 종교에 상관없이 길 위에서 이곳을 지나는 모든 사람들에게 열린 공간으로 홀로 조용히 지나온 길들을 돌아볼 기회를 선사해 준다. 넓은 한경면 일대 전원 풍경에 자그마한 교회의 이국적인 모습이 조화를 이룬다. 입장료도, 운영시간도 따로 없어 부담 없이 지나가다 둘러보기 좋다."
순아커피,제주특별자치도 제주시 관덕로 32-1 (삼도이동),2840505,39,indoor,indoor:시장/음식점/카페 | outdoor:산,A05,A0502,A05020900,음식점,한식,카페/전통찻집,126.5227367964,33.5131038591,"순아커피는 제주목관아 관덕정 앞에 위치한 카페이다. 이 카페는 신축 건물이 아닌, 옛 일본식 건물을 그대로 보존하여 사용하고 있는 것이 특징이다. 해당 건물은 소유자였던 해당 건물은 과거 일본에 취업하여 재산을 모은 한 제주 할머니가 고향 제주에 대한 그리움을 안고 매입한 것으로, 그녀가 제주를 방문할 때 머물기 위한 공간이었다. 현재는 그 할머니의 이름인 ‘순아’를 그대로 사용하여 ‘순아커피’라는 상호로 운영되고 있다. 이곳에서는 다양한 유기농 차와 음료를 판매하고 있어 건강을 생각하는 이들에게 적합하다. 순아커피는 제주 원도심 여행의 주요 거점 중 하나로, 관덕정, 동문시장, 제주목관아 등과 가까운 거리에 있어 함께 둘러보기 좋다."
순천미향 제주산방산본점,제주특별자치도 서귀포시 안덕면 사계남로216번길 24-73,2783376,39,indoor,indoor:음식점 | outdoor:산,A05,A0502,A05020100,음식점,한식,한식,126.3124946210,33.2357006510,"제주 산방산 맛집으로 알려진 순천미향제주산방산 본점은 문어, 전복, 흑돼지를 넣어 만든 제왕삼합이 대표 메뉴이다. 제주 은갈치조림, 은갈치구이, 고등어구이, 전복구이, 전복해물뚝배기, 성게미역국도 있다. 돌냄비에 흑돼지, 전복, 치즈, 돌문어가 크게 들어가 음식이 나오면 푸짐한 양에 눈으로 한번 놀라고 맛으로 반한다는 제주순천미향 제왕삼합은 재료가 신선하고 과일 소스로 만들어 모두 다 좋아할 수 있는 맛이다."
숲 제주,제주특별자치도 제주시 무근성3길 9 (삼도이동),2864269,39,indoor,indoor:식당/음식점,A05,A0502,A05020700,음식점,한식,이색음식점,126.5189482217,33.5137787240,"숲 제주는 제주공항에서 가까운 무근성길에 위치한 감각적인 종합분식 전문점이다. 영국풍 가정집을 연상시키는 따뜻하고 깔끔한 인테리어가 인상적이다. 이곳의 메뉴인 통 우럭튀김은 신선한 우럭 한 마리를 통째로 바삭하게 튀겨낸 뒤, 숲 제주만의 특제 소스를 뿌려 고소하고 담백한 맛을 자랑한다. 비린맛이 나지 않아 생선을 즐기지 않는 이들도 부담 없이 먹을 수 있는 메뉴이다. 또한 방앗간 쌀떡볶이, 제주 통한치튀김, 회오리 오므라이스 등 다양한 메뉴 구성으로 취향에 따라 선택해 먹을 수 있다. 식당 내부는 혼자 방문한 손님부터 가족 단위, 단체 손님까지 모두 편안하게 이용할 수 있도록 자리 배치가 잘 되어 있어 누구에게나 열려 있는 공간이다."
숲으로 오라,제주특별자치도 제주시 오남로 221 (오라이동),3495841,15,unknown,,A02,A0207,A02070200,역사관광지,문화관광축제,일반축제,126.5148299868,33.4762494799,"2025 숲으로오라 <똑!똑! 숲의 문이 열렸어요>가 오는 6월 6일 금요일부터 8일 일요일까지 한라도서관 일대에서 개최된다. 올해 행사에서는 자연의 소중함을 배우고 즐길 수 있는 다양한 체험 프로그램이 준비되어 있다. 어린이들이 직접 참여하는 어린이 환경수호대, 숲 속에서 펼쳐지는 신나는 액티비티, 어린이들의 호기심을 자극하는 곤충 프로그램, 어린이들이 직접 물건을 사고파는 플리마켓까지. 자연을 체험하고 배우는 이색적인 공간에서 아이들과 가족 모두에게 잊지 못할 추억을 선사할 예정이다."
쉬리의언덕,제주특별자치도 서귀포시 색달동 3093-1,2858445,12,mixed,indoor:호텔 | outdoor:공원/산/해수욕장 | mixed:관광단지,A01,A0101,A01010500,자연관광지,국립공원,자연생태관광지,126.4072611777,33.2456204901,"쉬리의 언덕은 제주 중문단지 내 신라호텔과 파르나스호텔 사이 산책로에 위치한 아름다운 명소로, 1999년 개봉한 영화 ‘쉬리’의 마지막 장면이 촬영된 장소다. 이 언덕에서 흐르던 영화의 OST와 감성적인 장면이 많은 이들의 기억에 깊이 남았다. 영화 속 주연 배우들이 앉았던 쉬리 벤치에 실제로 앉아볼 수 있는 경험도 가능하다. 쉬리의 언덕에 오르면 발아래 펼쳐진 중문 색달해수욕장과 제주 남쪽 바다의 시원한 풍경이 눈앞에 펼쳐지며, 탁 트인 바다를 배경으로 사진을 찍기 좋다. 드넓은 바다와 절벽, 부드러운 산책길이 어우러져 산책하는 내내 영화 같은 풍경을 만끽할 수 있다. 쉬리의 언덕은 중문관광단지를 찾은 이들이라면 들러보기 좋은 포토 스폿이자 산책로이다."
쉬어갓,제주특별자치도 서귀포시 성산읍 일주동로 5023,2845335,39,indoor,indoor:음식점/카페 | outdoor:산/야외,A05,A0502,A05020900,음식점,한식,카페/전통찻집,126.8822834985,33.3861208867,"쉬어갓은 제주도 동쪽 성산읍에 위치한 감성 가득한 디저트 카페이다. 이름처럼 여행 중 잠시 쉬어가기 좋은 곳으로, 탁 트인 제주 바다 풍경과 함께 여유로운 시간을 보낼 수 있는 공간이다. 이곳의 시그니처 메뉴는 현지에서 직접 배워 온 튀르키예(터키) 전통 디저트인 '카이막'으로, 꾸덕꾸덕하고 크리미한 식감에 고소한 우유의 신선함이 어우러진 독특한 맛을 자랑한다. 제주에서 나는 식재료를 활용해 만든 특색 있는 음료도 함께 제공되며, 그 외에도 다양한 디저트와 마실 거리가 마련되어 있어 입맛 따라 고를 수 있는 즐거움이 있다. 특히 넓은 잔디 마당과 바다가 어우러진 야외 공간에서 인생샷을 남기고 싶은 이들에게도 인기 있는 장소이다. 조용한 분위기에서 달콤한 디저트와 함께 진정한 휴식을 원한다면, 쉬어갓은 제주 여행 중 꼭 들러볼 만한 매력적인 카페이다."
쉼한모금,제주특별자치도 서귀포시 산록남로 1258 (색달동),2602774,12,mixed,indoor:센터 | outdoor:공원/산/섬/오름 | mixed:관광단지/월드,A02,A0202,A02020700,역사관광지,관광단지,공원,126.4224782273,33.2937431939,"제주다원 쉼한모금은 한라산 해발 500m 청정 지역인 제 2산록도로 1115번 도로상에 위치하고 있어 4계절 내내 멋진 제주의 풍광을 감상할 수 있으며 방문객에게는 녹차와 커피 다식을 제공한다. 서쪽으로는 서귀포 문섬과 범섬, 월드컵경기장과 남쪽으로는 국제 컨벤션센터와 여미지식물원을 포함한 중문관광단지가 한눈에 내려다 보이고 수평선 아래로 대한민국 최남단인 마라도와 가파도 보이며 서남부지역으로는 우보악오름, 군산, 산방산, 단산, 모슬봉 등이 굽이치듯 대자연의 파노라마를 연출하여 가슴 시원한 전망을 즐길 수 있다.

(출처 : 제주관광공사 홈페이지)"
스누피가든,제주특별자치도 제주시 구좌읍 금백조로 930,2714222,12,mixed,indoor:실내/전시/전시관/카페 | outdoor:공원 | mixed:관광단지,A02,A0202,A02020600,역사관광지,관광단지,테마공원,126.7786189466,33.4434017790,"스누피 가든 하우스는 감정에 솔직하고 개성 있는 피너츠 친구들을 만나 그들 간의 상호 관계를 통한 공감과 위로의 메시지를 얻는 곳이다. 가든 하우스의 테마홀은 피너츠 에피소드에 담긴 일상의 이야기와 ‘Peanuts, Nature & Life’를 주제로 나의 일상을 연결할 수 있는 공간이다. 5개의 테마홀과 카페 스누피, 피너츠 스토어에서 걷고, 보고, 먹고 쉬면서 피너츠 캐릭터를 통해 지금의 나에게 휴식과 위로의 메시지를 건네어보길 바란다. 매주 수요일은 반려동물데이로, 반려동물과 동반입장이 가능하다. 반려동물과 동반 시야 외 가든에선 목줄을 착용해야 하며, 실내(전시관, 카페, 스토어)에선 케이지/슬링백/반려동물 유모차 탑승이 필수이다."
스마일러,제주특별자치도 제주시 애월읍 상고길 47,2755879,39,indoor,indoor:음식점/카페 | outdoor:야외,A05,A0502,A05020900,음식점,한식,카페/전통찻집,126.4158748424,33.4699597157,"아이들과 가기 좋은 동물 카페 스마일러. 마당에는 염소, 돼지, 고양이, 토끼, 앵무새 등이 있고 미끄럼틀도 있어 아이들이 야외에서도 즐겁게 놀 수 있다. 주택을 리모델링한 카페에는 방별로 악어, 거북이, 개구리, 새, 물고기들이 있다. 열대어나 도마뱀 등 희귀 애완동물들 모두 분양할 수 있고 쉽게 키울 수 있도록 풀세팅된 키트도 있어 처음 애완동물을 기르고자 하는 사람도 사장님께 컨설팅을 잘 받아볼 수 있다."
스모크하우스인구억,제주특별자치도 서귀포시 대정읍 보성구억로 223,2843921,39,indoor,indoor:음식점 | outdoor:공원 | mixed:월드,A05,A0502,A05020200,음식점,한식,서양식,126.2783968021,33.2708184610,"스모크하우스인구억은 서귀포 대정읍 구억리삼거리에 위치해 있는 양식전문점이다. 건물 외부 그라피티가 인상적이며, 내부 역시 옛날 마늘창고를 리모델링하여 이색적인 인테리어를 보여주고 있다. 미국음식점이자 펍으로 미국식 수제버거와 샌드위치, 미국 남부 바베큐의 대표인 폴드포크를 이용한 음식을 판매한다. 곁들이는 생맥주로는 맥파이 생맥주를 제공한다. 햄버거와 샌드위치의 속 재료로 쓰이는 햄, 파스트라미, 패티 등을 직접 만들고, 재료소진 시 영업을 조기 마감한다. 반려동물과 함께 입장할 수 있다. 근처에 오설록티뮤지엄, 신화월드와 제주곶자왈도립공원과 함께 둘러봐도 좋다."
스시애월,제주특별자치도 제주시 애월읍 장전로 57,2838100,39,indoor,indoor:음식점 | outdoor:산/해변/해안,A05,A0502,A05020300,음식점,한식,일식,126.3842807673,33.4522250681,"스시애월은 제주특별자치도 애월읍에 위치한 일식 오마카세 전문점으로, 애월항 근처 바닷가에 자리하고 있어 아름다운 해안 풍경과 함께 식사를 즐길 수 있는 곳이다. 이곳은 일식 초밥과 회, 소바, 튀김 등으로 구성된 정갈한 코스요리를 제공하며, 전 메뉴는 예약제로만 운영된다. 고급 초밥을 합리적인 가격에 즐길 수 있어 제주에서 가성비 좋은 오마카세 맛집으로 입소문이 나 있다. 조용하고 집중도 높은 식사 분위기를 위해 노키즈 존으로 운영되며, 예약은 전화로만 가능하다. 스시애월 주변에는 한담해변, 고내봉, 고내리포구 등 함께 둘러보기 좋은 여행지가 가까워, 식사 후 가볍게 산책하며 제주의 자연을 느끼기에도 좋다. 조용한 분위기 속에서 고급스러운 일식을 즐기고 싶은 이들에게 추천할 만한 곳이다."
스타빌,제주특별자치도 서귀포시 광평로 34-154,2908846,28,outdoor,outdoor:레포츠/산/야외/캠핑,A03,A0302,A03021700,레포츠소개,수련시설,"야영장,오토캠핑장",126.3963822653,33.3386405997,"제주 서귀포의 스타빌은 한라산 600m고지에서 위치해 청정 자연을 느낄 수 있는 캠핑장이다. 스타빌 내부에서는 스타빌 카트를 타고 이동할 수 있다. 모든 객실이 독채형이며 개별 화장실 및 샤워실, 그리고 별도 바베큐 공간도 마련되어 있다. 망아지, 강아지 볼 수 있는 목장도 작게 있고 카트 라이딩을 할 수도 있으며 도서관과 별 보는 망원경 공간과 함께 야외 온수풀과 온천을 즐길 수도 있다. 그 외에 체육관도 있어 탁구, 배드민턴, 농구 등을 하며 운동도 할 수 있다. 내부에 24시간 운영되는 편의시설들이 있어서 편리하다. 
※ 반려견 동반 불가능"
스테이위드커피,제주특별자치도 제주시 해안마을5길 29 (해안동),2858942,39,indoor,indoor:음식점/전시/카페 | outdoor:산/해안,A05,A0502,A05020900,음식점,한식,카페/전통찻집,126.4557438621,33.4582838623,"스테이위드커피는 제주시 평화로 중산간 쪽 해안초등학교 근처에 있다. 핸드드립 커피전문점으로 세계 각국의 스페셜티 커피를 맛볼 수 있으며, 원두와 드립백 커피를 매장에서 판매하며 인터넷 주문도 할 수 있다. 커피 애호가들의 취향을 만족시킬 수 있는 20여가지 이상의 스페셜티 원두가 준비되어 있다. 스페셜 티를 처음 접하는 사람들도 한가지씩 시향해보면서 나의 커피 취향을 알수있다. 스테이위드커피는 층마다 컨셉이 다른데 1층은  로스팅실에서 풍겨오는 원두볶는 향을 맡으며, 바리스타와 소통할 수 있는 공간이다. 2층에서는 주기적으로 바뀌는 전시회들을 즐기며 은 통창에 비친 제주도의 풍경을 바라볼 수 있고 3층은 조용한 공간에서 커피와 자신의 감각에 집중 할 수 있다."
슬로보트,제주특별자치도 제주시 애월읍 하귀2길 46-16,2782843,39,indoor,indoor:음식점/전시/카페,A05,A0502,A05020900,음식점,한식,카페/전통찻집,126.4143856280,33.4901296811,"애월읍에 위치한 슬로 보트는 감귤창고의 형상을 한 아틀리에로 제주의 북쪽 바다 경관과 어울리도록 건축한 멋스러운 카페이다. 천장고가 높은 복층 구조로 되어있는 슬로 보트의 내부는 우드 특유의 따뜻함과 유니크한 인테리어로 꾸며놓아 전체적으로 세련된 분위기다. 카페 입구에 들어서면 제주를 주제로 찍은 사진들과 고양이 사진도 볼 수 있다. 제주에서 전시와 책, 커피를 한곳에서 즐기며 한적하고 조용하게 시간을 보낼 수 있다."
시골길,제주특별자치도 제주시 오복2길 23 (이도이동),2854078,39,indoor,indoor:음식점,A05,A0502,A05020100,음식점,한식,한식,126.5363666008,33.4940311883,"제주의 숨은 맛집 중 하나인 시골길은 낙지볶음 전문점으로, 단출하게 낙지볶음과 청국장 두 가지 메뉴만을 선보인다. 특히 이곳의 낙지볶음은 달짝지근하면서도 매콤한 소스 맛이 일품인데, 자극적이지 않으면서도 입맛을 확 당기는 중독적인 맛으로 많은 사람들의 입맛을 사로잡고 있다. 잘 익은 낙지와 각종 채소가 어우러진 볶음 위에 소면이 함께 곁들여져 있어 한 끼 식사로도 손색없을 만큼 든든하다. 처음에는 근처 직장인들 사이에서 입소문이 난 도민 맛집으로 알려졌지만, 점차 푸짐한 양과 뛰어난 가성비로 여행객들 사이에서도 입소문을 타기 시작했다. 제주의 소박한 정취와 함께 제대로 된 한 끼를 즐기고 싶다면, 시골길의 낙지볶음은 꼭 한 번 맛볼 만한 메뉴이다."
시스터필드,제주특별자치도 서귀포시 월드컵로 8 (강정동),2871971,39,indoor,indoor:베이커리/음식점/카페 | outdoor:산 | mixed:월드,A05,A0502,A05020900,음식점,한식,카페/전통찻집,126.5073357581,33.2490216935,"시스터필드는 제주 월드컵경기장 앞에 위치한 베이커리집이다. 유기농 통밀로 오랜 시간 정성 들인 발효종을 사용하며 유기농 밀가루, 유기농 호밀, 유기농 통밀을 사용하고 유화제 보존제 보습제 등 다른 첨가물은 사용하지 않는다. 대표 메뉴인 크루아상은 유기농 밀과 프랑스산 천연 버터로 느리게 발효해 구워낸 결이 살아있는 담백한 맛으로 방문객들에게 인기를 끌고있다. 이외에도 브라우니와 바게트 등 다양한 베이커리가 있어 취향메 맞게 선택해 맛볼 수 있다. 재료소진시 조기 마감할 수 있어 참고하기를 바란다. 주변에 함께 둘러보기 좋은 여행지로 법환포구, 월드컵경기장 등이 있다."
식당 마요네즈,제주특별자치도 제주시 다랑곶3길 18 (노형동),2810906,39,indoor,indoor:식당/음식점,A05,A0502,A05020200,음식점,한식,서양식,126.4786745086,33.4889419444,"식당 마요네즈는 제주시 노형동에 위치한 양식 집이다. 오픈키친으로 손님에게 신뢰감을 주고 다양한 메뉴로 현지인은 물론 관광객에게 인기 있는 곳이다. 대표 메뉴인 등심, 안심 돈카츠와 마요네즈 필라프이다. 이외에도 바질페스토 스파게티, 매콤크림 스파게티, 화이트라구 아란치니, 멘치카츠와 크리미나폴리탄 등의 메뉴를 제공하고 있다. 매콤크림 스파게티는 느끼함 없이 매콤한 맛이 특징이며, 멘치카츠는 바삭한 튀김과 부드러운 속살이 조화롭다. 가게 내부는 아늑하고 분위기 있으며 바 테이블이 있어 혼밥하기에도 좋다."
신도포구,제주특별자치도 서귀포시 대정읍 신도리 3046-2,2738715,12,outdoor,outdoor:공원/산/전망대/해안,A01,A0101,A01011400,자연관광지,국립공원,항구/포구,126.1698755227,33.2776660082,"신도포구는 제주 올레 12코스에 속해 있어 도보 여행객들이 주변의 경치를 감상하기에 좋을 뿐만 아니라, 이곳이 특별한 이유는 돌고래를 자주 만날 수 있는 장소이기 때문이다. 소공원에는 돌고래를 조망할 수 있게 돌 전망대가 마련되어 있다. 위로 올라가 바다를 내려다보면, 바다를 조망하는 눈높이의 다양성을 느낄 수 있다. 신도포구에는 나무 또는 돌의 속을 동그랗게 파놓은 형태의 말이나 소 또는 돼지의 먹이통으로 불리는 ‘도구리’를 발견할 수 있다. 이곳의 도구리는 용암으로 인해 자연적으로 형성되었다. 도구리 안의 원형 바닷물은 장관을 이루며 그 안에는 휩쓸려온 물고기들이나 문어 등이 산다고 알려져 있다. 신도포구 해안로를 따라 거닐다 보면 잔디가 깔린 공원을 발견할 수 있는데 ​​​​​​​ 잠시 산책을 하며 쉬거나 바다 풍경을 감상하는 시간을 가지는 것도 좋다."
신라면세점(제주점),제주특별자치도 제주시 노연로 69,132177,38,outdoor,indoor:쇼핑 | outdoor:산,A04,A0401,A04010400,쇼핑,5일장,면세점,126.4875960157,33.4862784922,"제주 신라면세점은 제주 시내에 위치한 면세점이다. 패션, 뷰티, 시계, 주얼리, 전자제품, 식품 등 다양한 브랜드 제품을 면세로 판매하고 있다. 제주 전용관을 운영하여 제주 특산품도 면세로 구매가 가능하다. 세계적인 명품, 최신 유행 상품을 보다 저렴하게 만나 볼 수 있다. 품위 있는 초현대식 시설, 최고 수준의 서비스로 고객 만족을 구하고 있으며, 쾌적한 매장 분위기, 넓은 주차 공간은 최고의 편안함을 선사한다."
신라스테이 제주,제주특별자치도 제주시 노연로 100,2716736,32,indoor,indoor:숙박/호텔,B02,B0201,B02010100,숙박시설,관광호텔,관광호텔,126.4910512883,33.4855175198,"단순함과 간결함을 추구하는 현대시대의 흐름을 객실 인테리어에 반영하였고 편안함과 쾌적함이 인상적인 최상의 휴식 환경을 제공하는 호텔이다. 깔끔하고 침구가 편안하다는 평이 지배적이다.
제주 항공과는 차로 10분 거리로 가깝다."
신산공원,제주특별자치도 제주시 신산로 92-12,2414812,12,mixed,indoor:박물관 | outdoor:공원/산 | mixed:관광단지,A02,A0202,A02020700,역사관광지,관광단지,공원,126.5337915690,33.5052799020,"신산공원은 제주 시민들이 애용하는 도심 속 공원 중 한 곳이다. 신산공원 중심에는 올림픽 성화의 국내 도착을 기념하는 기념물이 세워져 있어 88 서울올림픽을 상징하는 공원이기도 하다. 또한, 1995년 10월에 광복 50주년 기념으로 제주 문물을 담은 총 1,250점의 95 제주타임캡슐을 매설한 뜻깊은 장소이다. 공원 내에는 제주 4·3 해원 방사탑과 6·25 참전 기념탑 등 역사적으로 의미 있는 다양한 조형물이 자리하고 있다. 신산공원은 넓은 잔디밭과 단풍나무를 비롯하여 예쁜 꽃밭과 나무들이 어우러진 도심 속에 있는 시민들의 휴식 공간이다. 특히, 봄에는 벚꽃들이 흩날려 아름답다. 신산공원에는 게이트볼장, 배드민턴장, 족구장 등의 시설이 있고 아이들을 위한 놀이터도 있어 가족이 함께 모여 즐거운 시간을 보내기 좋은 공간이다. 또한, 신산공원 근처에는 국수문화거리, 삼성혈, 민속자연사박물관 등의 관광명소가 있다."
신양상회,제주특별자치도 제주시 추자로 563,2870862,38,outdoor,indoor:쇼핑 | outdoor:산,A04,A0401,A04011200,쇼핑,5일장,스키(보드) 렌탈샵,126.3268551120,33.9452527308,"신양상회는 제주 하추자도 신양항 앞에 있다. 현재까지 4대째 운영하고 있는 100년 넘은 구멍가게로 추자도 명소이기도 하다. 물건이 쌓여 있는 작은 가게에서 컵라면을 고르면 따뜻한 물을 부어 주는데 이것을 신양항에 가지고 나가서 먹는 것도 별미다. 제주올레 18-1코스 지나는 길에 있어 신양상회 컵라면이 여행자 사이에 알려지기 시작했고 노란색으로 도색해 눈에 잘 띈다. 주변 여행지로 신양항, 황경한의 묘, 예초 포구, 돈대산 등이 있다."
신양섭지해수욕장,제주특별자치도 서귀포시 성산읍 섭지코지로 107,126447,12,outdoor,outdoor:공원/산/해수욕장,A01,A0101,A01011200,자연관광지,국립공원,해수욕장,126.9280674087,33.4302500880,"섭지코지는 성산일출봉과 함께 제주도 동쪽의 대표 관광지로 코지는 바다로 돌출되어 나온 지형을 뜻하는 곶의 제주 방언이다. 제주도 바람의 언덕이자, 많은 영화나 드라마, 광고 촬영지로 이용되면서 국내는 물론 해외 관광객들의 발길이 끊이지 않고 있다. 섭지코지를 향해 오르기 전 오른편에 자리한 신양섭지해수욕장을 만날 수 있고, 신양해수욕장이라고도 불린다. 신양섭지해수욕장은 섭지코지 곶부리 안쪽에 자리해  때묻지 않은 자연의 아름다움을 그대로 간직하고 있다. 둥그런 초승달 같은 반원형의 이 해수욕장은 파도가 잔잔하고 아늑해서 어린이들도 안심하고 해수욕을 즐길 수 있고 백사장은 돌, 자갈이 거의 없는 대신에 가늘고 고운 연갈색의 모래가 깔려 있다. 마을과 떨어져 있어서 한가롭고 조용한 분위기를 즐기고픈 사람들에게 권할만한 피서지이다.  해수욕장 반대쪽에서는 바다와 성산일출봉, 유채꽃이 조화를 이룬 아름다운 풍경도 감상할 수도 있다. 또한 국제윈드서핑대회가 개최됐던 곳으로 윈드서핑을 즐기는 이들에게 사랑받는 곳이며, 주변 관광지로 섭지코지, 아쿠아플라넷, 성산일출봉, 온평리 혼인지 등이 있다."
신왕,제주특별자치도 서귀포시 신양로 112 1층,2877751,39,indoor,indoor:식당/음식점 | outdoor:산,A05,A0502,A05020400,음식점,한식,중식,126.9215622735,33.4364604082,"신왕은 제주도 섭지코지 들어가는 입구에 위치한 중식당이다. 정통중화요리 전문점으로 다양한 식사류와 요리가 있으며 모든 면 요리는 밥으로 대체할 수 있다. 전복 한 마리가 통째로 올라가며 각종 삼선 해물과 함께 불향의 맛을 느낄 수 있는 전복해물짬뽕과 싱싱한 전복, 새우, 갑오징어가 올라가 조화로운 맛을 이루는 전복해물간짜장이 이곳의 시그니처메뉴이다. 또 알과 곤이를 가득 넣고 불향을 입힌 알짬뽕과 제주산 돼지고기를 즉석에서 바로 튀긴 탕수육 등도 인기가 많은 메뉴이다. 별도의 주차장은 없지만 대로변에 주차가 가능하다."
신제주삼보식당,제주특별자치도 제주시 신대로16길 10 (연동),655553,39,indoor,indoor:식당/음식점 | outdoor:산,A05,A0502,A05020100,음식점,한식,한식,126.4953119970,33.4869340978,"신제주삼보식당은 제주시 연동에 있는 소문난 된장뚝배기 맛집으로 2001년 문을 열었다. 가게이름 삼보는 세가지 보물이라는 뜻으로, 식당의 대표메뉴인 자리물회, 옥돔구이, 전복뚝배기를 일컫는 말이다. 그중에서도 전복뚝배기가 손님들에게 가장 인기가 많은데 뚝배기에 전복, 닭새우, 바지락, 성게알 등의 제주산 식재료가 들어간다. 해녀들이 직접 잡아올린 제주의 해산물로 시원하게 끓여낸 맛이 일품이다. 30년 전통의 본점이 서귀포에 있고 신제주점은 창업자의 아들 부부가 운영하는 것으로 알려져 있다."
신창풍차해안도로,제주특별자치도 제주시 한경면 한경해안로 485,2663250,12,outdoor,indoor:몰 | outdoor:공원/산/전망대/해안,A01,A0101,A01010500,자연관광지,국립공원,자연생태관광지,126.1721349880,33.3431254722,"제주도 서쪽 끝을 따라 연결된 신창 풍차 해안도로는 해상풍력단지가 조성되어 있어 해안도로를 따라 줄지어 서 있는 풍차를 만날 수 있다. 구불구불 해안선을 따라 보이는 하얀 풍차와 에메랄드빛 바다는 우리에게 상쾌한 가을 풍경을 보여준다. 여기에 저 멀리 보이는 차귀도까지 푸른 바다 위 다양한 볼거리가 펼쳐져 있다. 특히 신창 해안도로는 아름다운 일몰로도 손꼽히는 장소이기에 사진을 찍고 일몰을 감상하는 것도 좋다. 또한 해안도로를 달리다 보면 생태체험장이라는 이름의 산책코스를 발견할 수 있다. 이곳에는 자바리상과 원담체험장, 휴게 공간이 마련되어 있어 다양한 풍경으로 사진을 찍는 것이 가능하다. 산책코스 중간에 위치한 전망대는 전체적으로 한산한 편이니, 신창 해안도로를 걸으며 가볍게 사진을 남긴 후 전망대로 향해보자."
신천리 벽화마을,제주특별자치도 서귀포시 성산읍 신천서로 5,3013172,12,outdoor,outdoor:산/해안,A02,A0203,A02030400,역사관광지,농.산.어촌 체험,이색체험,126.8498150469,33.3442083224,"신천리는 바람이 머물다 가는 곳이라는 뜻의 바람코지라고 불릴 만큼 바람이 거세게 불어오는 해안 마을이다. 신천리복지회관에서 올레길 3코스 바닷가 방면으로 예쁜 벽화가 그려져 있다. 특히 이곳은 몇 년 전, 단편영화 선샤인 촬영을 위해 그려졌던 벽화가 계기가 되어 다양한 화가들이 아름답고 재미있는 글귀와 그림들로 동네를 채워나가기 시작하며 마을을 가득 메우다시피한 방대한 양의 벽화를 안내하기 위해 벽화 지도까지 있다. 벽화마을답게 담벼락마다 예쁜 그림이 가득한데 특히 꽃그림이 많아 사계절 아름다운 꽃을 마주하게 된다. 동화 속 캐릭터를 비롯하여 유명 만화 캐릭터, 마을 분위기와 어우러진 다양한 벽화들의 이색적인 마을 풍경은 제주도 추억을 남길 수 있는 좋은 숨은 명소이다. 마을에는 벽화 뿐만 아니라 돌담길 곳곳에 동백꽃도 있고 과수원들도 있어서 겨울에 방문하면 빨간 동백꽃들과 노란 귤들이 탐스럽게 열린 귤 나무까지 볼 수 있다. 이곳에서 멀지 않은 신천목장에서는 엄청난 양의 귤피를 해풍에 말리는 이색적인 모습도 볼 수 있다. 또한 근처에 있는 마을 신당인 본향당과 천미연대도 함께 둘러보기 좋다."
신촌 4·3 성터,제주특별자치도 제주시 조천읍 신촌리 (3403),2872927,12,outdoor,outdoor:산/해안,A02,A0201,A02010700,역사관광지,고궁,유적지/사적지,126.6131117136,33.5377303544,"신촌리는 신촌회담을 통해 제주 4·3 항쟁을 결의한 곳으로 항일운동을 가장 활발하게 펼치고 조천 만세운동을 일으킨 조천읍 작은 바닷가 마을이다. 신촌리의 4·3 성터는 제주도 4·3 사건 당시에 사람들을 감시하기 위한 목적으로 돌을 직접 쌓아 만든 성터로, 우리 역사의 단면을 보여주는 곳이다. 닭머르해안 인근에 위치하고 있어, 관광객들이 해안길 방문을 위해 자주 찾는 곳이다. 이곳은 닭머르해안길은 해안누리길 50코스에 포함되어 있다. 역사를 알아보고 중간중간 휴식을 취할 수 있는 의자에서 잠깐 쉬어가며 풍경을 감상하고 산책을 즐길 수 있다."
신촌향사,제주특별자치도 제주시 조천읍 신촌5길 27,1621045,12,unknown,,A02,A0201,A02010700,역사관광지,고궁,유적지/사적지,126.6206833050,33.5365417182,"신촌향사는 조선시대 마을의 공무를 처리하던 곳이었다. 조선 순조 5년(1805)에 이곳으로 옮겨지었다고 하며, 그 뒤로도 여러 차례 고쳐서 원래 형태에서 많이 바뀐 것으로 보이며, 침수에 대비하여 지대를 높이면서 본래의 분위기를 거의 잃었다. 신촌향사는 앞면이 7칸으로 제주도의 일반 민가보다 규모가 크고 가운데 있는 대청도 넓다. 그러나 구조와 양식 등은 민가와 거의 비슷하다. 우진각 지붕의 기와집이며, 전면퇴는 개방되어 있고 내진주에 세살문을 달았으나, 후면은 퇴기둥에 심벽을 치고 간마다 판장문을 달았다."
신풍 신천 바다목장,제주특별자치도 서귀포시 성산읍 일주동로 5417,635701,12,outdoor,outdoor:공원/해안,A01,A0101,A01011100,자연관광지,국립공원,해안절경,126.8638107873,33.3560016909,"신풍 신천 바다목장은 탁 트인 바다 전망을 배경으로 제주올레 3코스가 지나는 곳이다. 과거 주민들이 소유해 말과 소 등의 가축을 방목하던 곳이었지만, 현재는 목장의 기능을 상실한 상태이다. 또한, 1980년대부터 해마다 감귤껍질을 쏟아부어 건조장 등으로 활용해 왔는데, 넓은 부지에 주황색 감귤 껍질이 펼쳐진 모습이 장관을 이루면서 관광객들이 찾아오는 명소가 되기도 했다. 이 목장은 너른 초지와 탁 트인 바다 경관으로 올레꾼들의 사랑을 받는 구간이다."
신풍리 밭담길,제주특별자치도 서귀포시 성산읍 신풍하동로 39,2661821,12,outdoor,indoor:센터 | outdoor:산,A02,A0203,A02030600,역사관광지,농.산.어촌 체험,이색거리,126.8405765535,33.3619034434,"새롭고 풍요로운 마을을 지향한다는 뜻의 신풍리는 제주문화와 민속이 살아 숨쉬는 성산읍의 유서 깊은 마을이다. 2002년 농촌진흥청과 농업기술센터로부터 농촌 전통 테마 마을로 지정됐다. 신풍리는 마을로 향하는 길이 아름답고 초가집, 혼례장 등 체험시설이 잘 갖추어져 있다. 신풍리의 전통이자 정신인 효도의 마음을 담아 ‘어멍아방 잔치마을’이라는 테마로 각종 체험 프로그램을 만들어 운영하고 있다. 밭담은 각자 농지 영역을 표시하기도 하고 농작물과 토양을 보호하기 위해 쌓은 돌담인데, 마치 미로처럼 골목골목 이어진 신풍리의 밭담길을 걷다 보면 감귤 과수원과 원형을 유지하고 있는 집집의 올렛길들을 만날 수 있어 제주의 정겨움이 느껴진다."
신풍리체험휴양마을,제주특별자치도 서귀포시 성산읍 신풍하동로 39,128326,12,outdoor,indoor:숙박 | outdoor:산,A02,A0203,A02030100,역사관광지,농.산.어촌 체험,농.산.어촌 체험,126.8405571105,33.3619201078,"'새롭고 풍요로운 마을'이라는 뜻의 신풍리는 고인돌을 비롯한 선사시대 유적이 산재해 있는 유서 깊은 마을이다. 현재 제주도에서 가장 잘 운영되고 있는 농촌체험마을로서  토종돼지우리, 초가집, 혼례장 등 체험 시설도 잘 갖추어져 있다. 제주도의 전통문화와 생활 풍속이 오늘날까지 잘 살아있는 신풍리체험휴양마을에서는 제주 사투리도 배우고 전통 혼례도 체험할 수 있다. 농업에 대한 의존도가 높으면서도 마을 부근에 아담한 포구가 있어서 농촌과 어촌 체험이 동시에 가능하다. 또한 풍천초등학교 분교를 리모델링하여 게스트하우스와 초가집 형태의 원룸 숙소를 운영하여 숙박도 가능하다."
신해바라기,제주특별자치도 제주시 관덕로13길 13 (일도일동),2854102,39,indoor,indoor:음식점,A05,A0502,A05020100,음식점,한식,한식,126.5259503799,33.5142426737,"신해바라기는 제주 원도심, 북수구광장 인근에 위치한 순두부 맛집으로, 도민들 사이에서 이미 입소문이 난 중독성 강한 순두부 찌개로 유명하다. 대표 메뉴는 매운 순두부 찌개로, 곱게 으깬 순두부에 다진 고기를 듬뿍 넣어 국물의 양이 적고 진한 맛이 특징이다. 마치 밥에 비벼 먹기 딱 좋은 농도로 졸여진 찌개라 밥도둑이라는 말이 나온다. 맵기 조절이 가능해 매운 음식을 잘 못 먹는 사람도 부담 없이 즐길 수 있으며, 하얀 순두부 메뉴도 따로 준비되어 있어 부드럽고 담백한 맛을 원하는 이들에게도 적합하다. 반찬 역시 다양하고 정갈하게 제공되어 찌개와의 조화가 좋다. 식사를 마친 후에는 제주 원도심, 관덕정, 탑동광장 등 인근 명소를 함께 둘러보는 것도 추천한다."
신화워터파크,제주특별자치도 서귀포시 신화역사로304번길 38,2562239,12,mixed,indoor:실내 | mixed:파크,A02,A0204,A02040800,역사관광지,발전소,기타,126.3197479556,33.3072595277,"신화워터파크는 파도풀, 유수풀을 포함한 18개의 풀과 슬라이드, 5개의 식음 매장, 찜질방까지 갖춘 제주 최대 실내외 워터파크로 3,000명까지 동시 수용할 수 있다. 아시아에 최초로 도입된 슬라이드 ‘슈퍼 크리퍼코일’과 ‘자이언트 더블리프’와 함께 신화워터파크에서만 즐길 수 있는 짜릿한 즐거움과 어린이 전용 풀장, 프라이빗한 휴식을 제공하는 카바나, 다양한 음식을 즐길 수 있는 식음료 매장까지 경험할 수 있다."
신화테마파크,제주특별자치도 서귀포시 안덕면 신화역사로304번길 98,2562214,12,mixed,mixed:월드/테마파크/파크,A02,A0204,A02040800,역사관광지,발전소,기타,126.3076045827,33.3065177523,"인기 캐릭터 ‘라바’를 탄생시킨 글로벌 3D 애니메이션 제작사, 투바앤(TUBAn)의 다양한 캐릭터와 스토리가 가득한 신화테마파크는 방문객들에게 흥미롭고 환상적인 하루를 선사한다. 환상적인 여행으로 안내하는 ‘로터리 파크’를 지나, 정글 속 신비한 고대 도시 ‘오스카 뉴월드’를 거쳐, 귀여운 캐릭터와 볼거리 가득한 ‘라바 어드벤처 빌리지’에 다다르는 여정, 12가지 짜릿한 놀이기구와 어트랙션을 즐길 수 있다."
심바카레,제주특별자치도 제주시 애월읍 애월로 87-16,2852108,39,indoor,indoor:음식점,A05,A0502,A05020300,음식점,한식,일식,126.3168641577,33.4634172083,"심바카레는 제주시 애월읍 금성포구 근처에 위치한 카레 전문점이다. 자극적이지 않고 순한 맛의 일식 카레와 두툼하고 바삭한 돈카츠를 맛볼 수 있다. 대표 메뉴는 돈카츠 카레이며 이 외에도 돈카츠 샌드위치, 돈카츠 카레 우동, 부드러운 계란 카레 등이 준비되어 있다. 가족, 친구, 연인들의 방문도 많지만 편안한 분위기이기 때문에 혼밥을 하기에도 좋다. 관광객들은 물로 현지인들도 자주 찾는 카레 맛집이다. 강아지가 그려진 간판이 독특한데 사인 프런티어에서 선정하는 ‘시민이 뽑은 아름다운 간판’ 최우수작으로 선정된 바 있다. 반려동물 동반도 가능하다."
싱계물공원,제주특별자치도 제주시 한경면 신창리 1322-1,2742307,12,outdoor,outdoor:공원/등대/해안,A01,A0101,A01010500,자연관광지,국립공원,자연생태관광지,126.1739042716,33.3434476864,"제주시의 숨은 비경 중 하나로 선정되기도 했던 싱계물공원은 신창-풍차 해안이라는 이름으로 더 유명한 곳으로 주변의 풍력발전기들과 함께 이국적인 풍경을 보여준다. 싱게물(싱계물)은 제주 사투리로 ‘새로 발견한 갯물’이라는 의미이며 갯물이라는 것은 용천수를 의미한다. 싱계물공원에는 예전에 목욕탕으로 쓰이던 곳이 있는데, 돌담으로 남탕·여탕이 구분되어 있으며, 용천수라 맑고 깨끗하며 시원하다. 싱계물공원에는 등대까지 직접 걸어갈 수 있도록 바다 위로 다리가 설치되어 있다. 바람과 파도에 살짝 흔들거리기도 하는 다리를 건너면 마치 바다 위를 걷는 것만 같은 이색적인 느낌을 받을 수 있다. 바다에 떠 있는 느낌의 사진이나 근방의 억새를 배경으로 촬영을 많이 하며 최근에는 셀프웨딩 명소로 주목받고 있다. 싱계물공원의 최고의 아름다운 순간은 노을이 질 때다. 신창-용수 해안도로로 이어지며 바다와 풍차가 어우러진 이곳에서는 멀리 보이는 차귀도, 수월봉과 함께 떨어지는 낙조가 아름다운 풍경을 선사한다."
싸이공레시피,제주특별자치도 제주시 애월읍 하귀로25길 2,2863658,39,indoor,indoor:식당/음식점,A05,A0502,A05020700,음식점,한식,이색음식점,126.4002870893,33.4797111671,"싸이공레시피는 제주 애월에 위치한 베트남 음식 전문점으로, 베트남 현지의 전통 레시피를 그대로 활용해 정통의 맛을 재현하는 곳이다. 이 식당에서는 대표 메뉴인 퍼보(소고기 쌀국수)와 퍼보타이(익히지 않은 소고기가 얹어진 쌀국수), 분보싸오(볶음 쌀국수)를 포함해 다양한 베트남 요리를 선보인다. 신선한 채소, 고기 등으로 구성되어 현지의 맛을 그대로 느낄 수 있다. 식당 내부는 소박하면서도 따뜻한 분위기로 꾸며져 있으며, 테이블과 식기, 조명 등 세세한 요소들이 베트남 현지의 동네 식당을 떠올리게 한다. 베트남 특유의 정겨운 느낌을 제주에서 느낄 수 있다는 점이 이곳만의 매력이다. 식당 뒤편에는 작은 마당이 있어 잠시 쉬어갈 수 있는데, 이 마당은 귤 박스로 아기자기하게 꾸며진 작은 화단이 있어 포토존으로도 인기가 많다."
썬셋클리프,제주특별자치도 제주시 애월로1길 19-8,2893743,39,indoor,indoor:몰/음식점/카페 | outdoor:해변,A05,A0502,A05020900,음식점,한식,카페/전통찻집,126.3107175054,33.4618395082,"썬셋클리프는 제주시 애월읍 카페거리 근처에 있는 디저트 카페다. 나무 상자를 쌓아놓은 것 같은 빈티지한 외벽에 내부는 식물과 라탄 제품으로 꾸민 이국적인 감성의 오션뷰 카페이다. 가게 이름처럼 일몰이 아름다운 곳이며 디제이 플레이로 음악을 잘 들려주는 곳이기도 하다. 피자 종류가 유명하고 커피, 에이드, 맥주, 칵테일 등 다양한 음료와 디저트류가 있다. 주변 여행지로 곽지 과물해변, 고내봉, 연화지 등이 있다."
씨에스 호텔 앤 리조트,제주특별자치도 서귀포시 중문관광로 198 (중문동),142948,32,indoor,indoor:리조트/센터/숙박/호텔 | outdoor:산/섬/해수욕장 | mixed:관광단지,B02,B0201,B02010100,숙박시설,관광호텔,관광호텔,126.4202906636,33.2429293255,"제주도 중문관광단지에서 한적하면서도 뛰어난 경관을 감상할 수 있는 곳이 베릿내다. 별이 내리는 개울이란 뜻을 가지고 있는 이곳은 중문의 오아시스라 불린다. 바로 이 베릿내와 바다가 만나는 곳에 씨에스 호텔이 있다. 오른쪽에는 제주컨벤션센터가 바로 보이고 왼쪽으로는 중문해수욕장과 하얏트호텔이 보이는 경관 좋은 곳이다. 또한 제주도의 여행 트렌드로 자리잡은 올레길 제8코스가 호텔을 통과하고 있는 것도 이곳만의 자랑이다. 이곳에는 전통 한옥 두 채가 있다. 고당과 초당이라 이름 붙여진 객실은 완전히 개별적인 독채 형식이다. 씨에스호텔에서도 바닷가와 가장 가까운 맨 아래쪽에 지어져 있어 제주에서 가장 아름다운 잠자리 중 하나로 꼽힌다. 제주 전통의 초가집 외관에 내부는 전통 선비집으로 꾸몄다. 찻상이 놓인 대청마루 양쪽으로 온돌방과 침대방이 각각 하나씩 갖춰져 있다. 방에서 나오면 바로 마당인데, 울창한 해송이 시원한 그늘을 만들고, 햇빛 강한 바다 쪽에는 자그마한 풀장과 선베드까지 놓여있다. 객실에서도 바다가 보이지만 마당에 나서면 발아래까지 파도가 넘실댄다. 굳이 고당과 초당이 아니라도 씨에스 호텔은 객실 모두가 독립적으로 꾸며져 있다. 마치 제주의 집 한 채씩을 임대하는 느낌이다. 뿐만 아니라 모든 객실에서 바다와 문섬을 바라볼 수 있다. 호텔의 오른쪽으로는 제주도의 푸르름이 느껴지는 알드르 잔디광장과 산책로가 자리하고 있는데 야자수와 잔디가 어우러진 산책로로 바다를 보며 가족, 연인과 거닐며 여가를 즐길 수 있다. 산책로를 따라가다 보면 끝은 바다를 통하고 있어 바닷가를 걷는 기분을 느낄 수 있다."
아끈다랑쉬 오름,제주특별자치도 제주시 구좌읍 세화리 2593,2740133,12,outdoor,outdoor:공원/산/오름,A01,A0101,A01010400,자연관광지,국립공원,산,126.8302942866,33.4754212946,"제주 동쪽에서 오름의 여왕이라 불리는 ‘다랑쉬오름’ 바로 맞은편에 자리하고 있다. 다랑쉬오름처럼 낮고 자그마한 원형 분화구를 이루고 있으며, 다랑쉬오름과 비슷한 모양을 띠고 있어 아끈다랑쉬라고 부른다. ‘아끈’이란 버금가는 것, 둘째 것이라는 뜻의 제주 방언이다. 아끈다랑쉬 오름은 가볍게 산책하듯이 오를 수 있어 어린이를 동반해도 좋다. 서사면으로 난 작은 길을 따라 10분 정도면 쉽게 오를 수 있고 억새의 물결이 이루는 가을에는 아름다운 풍경을 감상할 수 있다. 키 높이의 억새가 가득 차 있고, 특히 일출 무렵에는 바람에 따라 흔들리는 억새의 파도와 낮에는 햇빛을 받아 반짝이는 은빛 억새가 아름다운 경관을 연출한다. 또한 하얀 억새꽃들이 떨어진 겨울 억새밭은 또 다른 느낌으로 다가온다. 특히 바람이 많이 부는 날에 아끈다랑쉬를 찾으면 흔들리는 억새가 만들어낸 겨울 감성을 느낄 수 있다."
아날로그감귤밭,제주특별자치도 제주시 해안마을5길 124-85 (해안동),2763820,12,outdoor,indoor:카페 | outdoor:산,A02,A0203,A02030100,역사관광지,농.산.어촌 체험,농.산.어촌 체험,126.4633015454,33.4579895705,아날로그감귤밭은 그 이름처럼 아날로그 감성으로 가득 채워진 감귤 체험장 & 카페다. 귤이 나는 철에는 농약을 치지 않은 귤 밭에서 직접 귤을 따는 체험을 해볼수 있다. 귤 밭 곳곳에 꾸며진 포토 스팟은 제주에서의 감귤 체험을 특별한 감성으로 채울 수 있게 공간을 선물한다. 유기농 음료를 마실 수 있는 카페의 내부 공간도 카메라 셔터를 유발할 만큼 깔끔하고 감각 있게 꾸며져 있다. 애견 동반과 외부 음식은 반입이 금지된다.
아날로그사운즈,제주특별자치도 제주시 구좌읍 하도9길 72,2785883,39,indoor,indoor:음식점/카페 | outdoor:산,A05,A0502,A05020900,음식점,한식,카페/전통찻집,126.8903215808,33.5116682578,"제주 동쪽의 조용한 시골 마을 하도리에 있는 카페다. 오리지널 빈티지 스피커와 다양한 목조 가구들 덕분에 편안하면서도 여유로운 분위기를 즐길 수 있다. 구좌 당근을 사용한 당근주스와 당근우유, 당근사과주스 등 신선한 주스가 대표 메뉴다. 당근을 이용한 디저트도 인기다. 당근쿠키와 당근티라미수는 이곳만의 독특한 맛과 식감으로 손님들의 입맛을 사로잡는다. 한라산카푸치노와 우도땅콩아포가토 등 제주의 특징을 내세운 개성 넘치는 메뉴들도 만날 수 있다."
아덴힐리조트&골프,제주특별자치도 제주시 한림읍 화전길 82,3084988,32,indoor,indoor:리조트/센터/숙박/호텔,B02,B0201,B02010500,숙박시설,관광호텔,콘도미니엄,126.3672651377,33.3481279810,"아덴힐리조트&골프는 제주시 한림읍에 위치한 골프장이 있는 고급 리조트이다. 이곳은 이탈리아 토스카나 지방의 건축 양식을 기반으로 디자인되어 이국적이며 고풍스러운 분위기이다. 골프장은 제주 초지의 광활한 억새숲으로 둘러싸여 있으며 18홀 전 코스가 한눈에 조망되며 가을에는 바람에 따라 흔들리는 억새숲의 풍경이 장관을 이룬다. 부대시설은 클럽하우스, 커뮤니티 센터, 2동의 그늘집, 스포츠 체육시설, 연립단독형 빌리지가 있다. 리조트에는 주시설인 객실이 있고 부대 시설은 레스토랑, 스타트하우스, 라커와 사우나, 프로샵, 연회장, 노래주점, 수영장, 편의점 등이 있다. 객실은  프리미어, 스위트 피치니, 스위트 루피노, 스위트 안티노리, 로얄 듀플릭스, 로얄스위트 아덴 6가지 타입이 있다. 공항에서 리조트까지 셔틀버스 운행 서비스를 한다."
아라리오뮤지엄 동문모텔2,제주특별자치도 제주시 산지로 23,2834656,14,outdoor,indoor:미술관/박물관/시장/전시 | outdoor:산,A02,A0206,A02060500,역사관광지,박물관,미술관/화랑,126.5293750659,33.5149843124,아라리오뮤지엄의 다섯 번째 전시공간 아라리오뮤지엄 동문모텔 II는 동문모텔 I과 더불어 제주 구도심의 최대 번화가였던 동문재래시장과 제주의 역사를 안고 흐르는 산지천 사이에 자리하였던 모텔들을 인수하여 문화시설로 개축한 현대미술관이다. 산지천은 물이 귀한 제주에서 가장 큰 용천수가 솟아나는 하천이자 항만물류의 중심으로 주택과 상가들이 조밀하게 모여있는 지역이었다. 바다에서 항구로 들어오면 바로 마주하게 되는 동문모텔 II는 건물이 밀집된 지역의 자투리 땅을 활용하기 위해 삼각형으로 지어졌다. 그러나 신도심 개발과 항공교통의 발달로 인해 산지천 일대를 찾는 사람들의 발길이 줄어들자 효용가치가 낮아 지난 10여 년간 방치되어 있었다. 동문모텔 I과 동문모텔 II는 산지천의 옛 기억이 묻어있는 기존 건물의 흔적들을 보존함과 동시에 현대적인 미술작품을 감상할 수 있는 곳으로 새롭게 태어났다. 과거 여정에 지친 사람들의 휴식처였던 모텔들은 이제 새로운 예술적 경험을 선사하는 공간으로 탈바꿈되어 산지천 일대에 새로운 문화적 활기를 불어넣을 것이다.
아라리오뮤지엄 탑동시네마,제주특별자치도 제주시 탑동로 14,2931932,14,indoor,indoor:미술관/박물관/전시/전시관/카페,A02,A0206,A02060500,역사관광지,박물관,미술관/화랑,126.5234033068,33.5174506110,"국내 최고의 미술품 커렉터로 꼽히는 김창일 회장이 제주 탑동 인근 원도심에 버려진 건물을 이횽해 만든 현대미술 전시관이다. 오래된 건물을 크게 개조하지 않고 곳곳에 이전의 흔적을 남겨두어 현대 미술품 뿐만 아니라 원도심의 정취를 느낄 수 있다. 제주 여행 중 친구와 가족과 함께 방문해 여러 전시품을 보며 추억을 남기기에도 좋다. 플래시를 끄면 카레마 촬영이 가능하며 건물 5층에는 원도심과 탑동을 내려다보며 음료를 즐길 수 있는 카페와 기념품샵이 있다, 아라리오뮤지엄 입장권을 끊으면 도보 2분 거리의 바이크샵(시즌전시)도 입장이 가능하다."
아르떼뮤지엄 제주,제주특별자치도 제주시 애월읍 어림비로 478,2714241,14,indoor,indoor:몰/미술관/박물관/전시/전시관,A02,A0206,A02060500,역사관광지,박물관,미술관/화랑,126.3449882076,33.3967250327,"국내최대몰입형 미디어아트전시관 아르떼뮤지엄 아르떼뮤지엄은 코엑스 ‘WAVE’ 작품으로 유명한 세계 수준의 디지털 디자인 컴퍼니 d’strict가 선보이는 국내 최대 규모의 몰입형 미디어아트 전시관이다. 스피커 제조 공장으로 시용되던 바닥 면적 1,400평, 최대 10M에 육박하는 웅장한 공간에서는 빛과 소리가 만들어 낸 16개의 다채로운 미디어아트 전시가 펼쳐진다."
아리,제주특별자치도 서귀포시 홍중로 99 (서홍동),2851375,39,indoor,indoor:음식점,A05,A0502,A05020300,음식점,한식,일식,126.5554202004,33.2614377519,"아리는 제주 서귀포시 서귀북초등학교 근처에 자리한 인기 일식집으로, 특히 텐동(튀김덮밥)으로 유명하다. 이곳은 맛과 품질이 뛰어나 재방문율이 높으며 제주 강정마을에서 현재의 위치로 이전해 더욱 쾌적한 공간에서 식사를 즐길 수 있다.   아리는 나뭇결이 고스란히 느껴지는 깔끔하고 모던한 인테리어가 돋보이며, 곳곳에 아기자기한 피규어들이 배치되어 있어 아늑하고 따뜻한 분위기를 자아낸다. 텐동은 바삭하게 튀겨진 새우와 야채 튀김이 정성스럽게 올라가 있으며, 살짝 양념된 밥과 톡 터지는 온천계란이 함께 어우러져 부드러우면서도 고소한 맛의 조화를 이룬다. 이외에도 신선한 재료로 만든 초밥 단품 메뉴와 함께 튀김, 온천계란을 추가할 수 있어 취향에 맞게 다양하게 즐길 수 있다."
아리랑밀면,제주특별자치도 서귀포시 서홍로 29 (서홍동),2840920,39,indoor,indoor:미술관/음식점/전시 | outdoor:공원/산,A05,A0502,A05020100,음식점,한식,한식,126.5532067468,33.2505805813,"아리랑밀면은 제주 서귀포시 서홍동, 걸매생태공원 바로 옆에 위치한 밀면 전문점이다. 이곳은 일반 밀면과는 차별화된 맛을 자랑하는데, 메인 메뉴인 한우 밀면에는 국내산 한우 양지를 고명으로 사용하여 깊고 진한 풍미를 더한다. 면은 생면을 사용해 탱글하고 매끄러운 식감을 자랑하며, 특제 양념장과 잘 어우러져 조화로운 맛을 낸다. 육수는 깔끔하면서도 감칠맛이 뛰어나 식사 후에도 부담이 없다. 곁들임 음식으로는 힌돈편육이 인기 메뉴로, 밀면과 잘 어울린다. 인근에는 걸어서 둘러볼 수 있는 걸매생태공원과 아름다운 자연 풍경이 펼쳐진 서귀포 칠십리시공원, 다양한 전시가 열리는 기당미술관 등이 있어 밀면 한 그릇과 함께 소소한 제주 여행의 여유를 느끼기에 안성맞춤이다."
아망뜨펜션(제주),제주특별자치도 서귀포시 표선면 민속해안로 11,733613,32,indoor,indoor:숙박/펜션/호텔 | outdoor:산/해변/해안,B02,B0201,B02010700,숙박시설,관광호텔,펜션,126.8064363380,33.3060923857,"제주 서귀포시 표선면에 있는 아망뜨펜션은 표선 해안가가 눈 앞에 펼쳐지는 전망 좋은 숙소이다. 하얀 건물 외관이 이국적인 분위기를 풍기고 펜션 주변으로 큰 야자수 나무들이 있다. 총 3층 건물에 17개의 객실이 있으며 조용하고 넓은 방에서 편하게 휴식을 취할 수 있다. 9평형, 20평형, 30평형 세 타입의 객실이 있고 전체적으로 천정이 높게 탁 트여 있어 답답한 느낌이 없다. 화이트톤의 내부와 원목가구 인테리어로 따뜻한 느낌을 준다. 주방 사용이 가능하고 식기류와 냉장고, 전자레인지 등이 구비된 객실이 있어 간단한 식사를 할 수 있다. 차로 5분 거리에 제주허브동산, 표선 해비치해변 등이 있어서 같이 방문하기 좋다."
아베베베이커리,제주특별자치도 제주시 동문로6길 4 동문시장 12번 게이트 옆,2899545,39,indoor,indoor:베이커리/쇼핑/시장/음식점/카페 | outdoor:산,A05,A0502,A05020900,음식점,한식,카페/전통찻집,126.5288029453,33.5126845582,"아베베 베이커리는 도민들이 사랑하는 제주 빵집으로 제주시 일도 1동  동문시장 12번 게이트 옆에 있다. 제주 로컬 식재료를 재해석하여 열다섯 가지 내외의 다양한 빵들을 선보이는 곳으로 대표 메뉴는 우도 땅콩 크림 도너츠, 조천 오메기 품은 단팥빵, 산방산 고구마 크림 도너츠, 사려니 크림 왕밤빵 등이다. 빵마다 제주 지명을 넣어 친근감을 높였고 대부분 달콤한 크림빵이 많다. 제주 공항에서 가까워 여행을 마치고 돌아갈 때 동문시장 쇼핑과 함께 빵을 사가는 여행자들이 많다. 포장 전문점이며 주변 여행지로 제주 원도심, 제주성지 등이 있다."
아부오름,제주특별자치도 제주시 구좌읍 송당리 산164-1,1351320,12,outdoor,outdoor:공원/산/오름,A01,A0101,A01010400,자연관광지,국립공원,산,126.7776133886,33.4473291064,"아부오름은 일찍부터 아보름이라 불렸고 송당마을과 당오름 남쪽에 있어서 앞오름이라 하여 이것을 한자로 빌어 표기한 것이 전악(前岳)이다. 또한 산 모양이 움푹 파여있어 마치 가정에서 어른이 믿음직하게 앉아있는 모습과 같다하여 아부오름(亞父岳)이라고도 한다. 어렵지 않게 오름 둘레까지 오를 수 있고 제주오름의 모습을 가깝게 느낄 수 있어 최근 각광 받고 있다. 오름 정상에 함지박과 같은 둥그런 굼부리가 파여있다. 특히 굼부리 안 원형 삼나무숲의 특징적인 모습이 주목 받고 있다. 오름 대부분은 풀밭으로 이루어져 있는데, 인공으로 심은 삼나무가 있고 그 사이로 상수리나무, 보리수나무 등이 있다. 풀밭에는 송양지꽃, 풀솜나물, 향유, 쥐손이풀, 청미래덩굴, 찔레 등이 여기저기 서식한다. 아부오름 주변에는 새미오름, 민오름, 백악이오름, 문석이오름 등의 오름이 둘러싸고 있다."
아서원,제주특별자치도 서귀포시 칠십리로 699 (하효동),2765209,39,indoor,indoor:센터/식당/음식점,A05,A0502,A05020400,음식점,한식,중식,126.6171816748,33.2543617354,"아서원은 효돈동 주민센터 인근에 있는 중식당이다. 제주에서 3대 짬뽕으로 알려져 있으며 예능프로그램에 방송된 곳이다. 대표 메뉴는 진하고 깊은 사골 육수를 이용한 짬뽕으로 오징어, 홍합, 새우, 채소 등의 재료를 불향이 잘 느껴지도록 볶은 뒤 얼큰하게 끓여내 맛이 깊다. 국물 색깔 역시 일반 짬뽕처럼 붉은색이 아닌 주황빛을 띤다. 먹을수록 얼큰한 맛이 올라와 중독성이 강하다. 바삭하게 튀겨낸 돼지고기에 새콤달콤한 소스를 얹은 탕수육 역시 식사에 곁들여 먹기 좋다. 모든 메뉴는 주문과 함께 선불이다."
아이바가든,제주특별자치도 제주시 애월읍 고성남서길 10,3005374,14,mixed,indoor:갤러리/미술관/박물관/실내/전시 | mixed:복합,A02,A0206,A02060500,역사관광지,박물관,미술관/화랑,126.4220751222,33.4336471658,"제주 서쪽 애월에 위치한 아이바가든은 미디어 전시관을 넘어, 현대적인 감각으로 디자인된 복합문화공간이다. 아이바가든은 9개의 독특한 테마로 구성된 미디어 전시관과 함께 아트갤러리, 라이브공연, 카페, 한식뷔페가 있는 제주 실내 관광지로 가족과 연인 모두에게 잊지 못할 추억을 선사한다."
아인스 호스텔,제주특별자치도 서귀포시 태평로 432 (서귀동),2634320,32,indoor,indoor:숙박/시장/호텔 | outdoor:섬/폭포,B02,B0201,B02011100,숙박시설,관광호텔,게스트하우스,126.5663918312,33.2454341363,"아인스 호텔은 환상의 섬 제주도에서 에메랄드빛 서귀포 바다 전망을 경험할 수 있는 특별한 호텔이다.

또한 올레 6코스에 중간에 자리 잡아 천지연폭포, 정방폭포, 새연교, 이중섭거리, 올레시장 등을 5~20분 내로 갈 수 있으며, 특히 서귀포 시내와 인접하여 언제나 다양한 맛집들과 즐길 거리가 많아 더욱 즐거운 여행이 될 수 있다."
아일랜드팩토리 풍류,제주특별자치도 제주시 관덕로8길 31,2902911,39,indoor,indoor:시장/음식점/카페,A05,A0502,A05020900,음식점,한식,카페/전통찻집,126.5233756881,33.5105485969,"아일랜드 팩토리 풍류는 제주시 이도 1동, 동문시장 근처에 있다. 핸드드립 커피를 제공하는 로스터리  카페로 1층과 3층에 공간이 있다. 대표 메뉴는 록담만설로 더치커피에 사탕수수로 가미하고 수제크림을 올렸다. 풍류모카의 경우 다크 초콜릿과 에스프레소가 어울렸으며 에스프레소의 경우 아일랜드 팩토리 풍류의 하우스 블랜드 '종일'로 제공한다. 구시가의 오래된 건물에서 느껴지는 빈티지한 감성이 있으며 2층에는 의류숍이 있다. 주변 여행지로 관덕정, 제주 원도심 등이 있다."
아줄레주,제주특별자치도 서귀포시 신풍하동로19번길 59,2851125,39,indoor,indoor:갤러리/실내/음식점/카페 | outdoor:정원,A05,A0502,A05020900,음식점,한식,카페/전통찻집,126.8388016012,33.3665251268,"아줄레주는 제주특별자치도 서귀포시 신풍리 조용한 마을 안에 있다. 제주도의 작은 리스본을 지향하는 아줄레주는 포르투갈어로 타일을 뜻한다. 카페의 입구와 외관을 타일로 꾸몄고, 외부에는 작은 정원이 있으며, 심플한 내부에는 창문마다 테이블을 배치해 바깥 풍경을 볼 수 있게 하였다. 포르투갈 사람들이 즐겨 먹는 에그타르트가 시그니쳐 메뉴이고, 이에 어울리는 커피와 수제청 음료를 판매한다. 근처 여행지로 김영갑갤러리두모악이 있다.  
※ 반려동물 동반 가능(실내 케이지나 가방 필수)"
아쿠아플라넷 제주,제주특별자치도 서귀포시 성산읍 섭지코지로 95,2048059,12,mixed,indoor:아쿠아리움/전시 | outdoor:공원/산 | mixed:관광단지/월드,A02,A0202,A02020600,역사관광지,관광단지,테마공원,126.9278590339,33.4328331325,"아쿠아플라넷 제주는 제주 동부 성산일출봉 옆에 위치한 국내 최대의 아쿠아리움이다. 월드 클래스급 초대형 해양종합문화시설로써, 전시 생물 4만 5천여 마리의 생물들이 전시되어 있다. 특히 최대 6,000톤까지 해수를 수용할 수 있는 메인 수조는 2만 7천 마리의 어류를 관람할 수 있는 초대형 수조로 수조앞면에서 바라보면 마치 바닷속에 들어와 있는 듯한 착각을 불러온다. 희귀한 해양 생물을 가까이에서 관찰할 수 있어 제주 자연과 해양 생태계를 동시에 느낄 수 있는 공간으로, 교육적 가치와 즐거움을 함께 제공하는 관광지이다. 매 시간마다 진행하는 오션아레나 공연과 제주전통해녀시연은 또 다른 볼거리이다."
아트인명도암,제주특별자치도 제주시 봉개동 290-1,2755895,39,indoor,indoor:몰/음식점/전시/카페 | outdoor:공원/산 | mixed:복합,A05,A0502,A05020900,음식점,한식,카페/전통찻집,126.6113106873,33.4677297391,"화가 강부언 님이 운영하는 복합문화공간 아트인명도암은 6610㎡에 달하는 넓은 잔디가 있는 마당과 숲으로 이어지는 산책길이 있어 애완동물도 동반 가능한 카페이다. 라이브공연과 그림 전시를 같이 즐길 수 있고 스몰 웨딩 장소로도 탁월한 곳이다. 제주산 수제 생맥주인 맥파이가 있고 천연발효를 통해 만든 치아바타, 마늘 바게트, 깜빠뉴도 명물이다. 건물 외벽에 자리 잡은 작품은 피카소의 <게르니카>를 작가가 직접 파서 만든 것으로 제주의 4·3 평화공원을 생각하며 만든 것으로 드넓은 자연 속에서 역사, 사람, 이야기 등을 생각하기 좋은 곳이다."
아프리카 박물관,제주특별자치도 서귀포시 이어도로 49 (대포동),130180,14,mixed,indoor:박물관/센터 | outdoor:산 | mixed:관광단지,A02,A0206,A02060100,역사관광지,박물관,박물관,126.4290955229,33.2398992429,"아프리카 박물관은 1998년 11월 서울 대학로에 아프리카란 우리에겐 다소 생소한 문화를 토대로 한 박물관을 개관하였으며, 2004년 12월 새로운 문화적 도약을 위해 제주도 서귀포시 중문관광단지 국제컨벤션센터 동쪽에 박물관 건물을 신축하고 이전하였다. 서귀포시 중문관광단지에 새롭게 선보인 아프리카 박물관의 건물은 서아프리카 말리의 젠네에 위치하고 있는 이슬람 대사원을 토대로 설계하였다. 젠네 대사원은 흙으로 지어진 건물 중 세계 최대 규모이며, 국제 문화 협력 교류기관인 유네스코는 전 인류가 함께 보존해야 할 세계문화유산으로 지정하고 있다. 신축된 아프리카 박물관은 아프리카 대륙 문화의 정통성을 훼손하지 않고 보다 다양한 시각으로 소개하고자 하는 본 박물관의 의지를 표방하고 있다."
안거리 밖거리,제주특별자치도 서귀포시 솔동산로 6-1,2359168,39,indoor,indoor:식당/음식점,A05,A0502,A05020100,음식점,한식,한식,126.5640615038,33.2442786707,"서귀포 이중섭거리 근처에 위치한 안거리밖거리는 제주 서귀포의 한정식 맛집으로, 정식 메뉴에는 흑돼지 돔베고기, 왕옥돔구이, 계란찜 등이 포함되어 있다. 반찬이 다양하고 정갈하며, 특히 돔베고기는 잡내 없이 부드럽다. 이외에도 비빔밥과 가지튀김 등 다양한 한식 메뉴를 맛볼 수 있다. 푸짐한 데다 깔끔한 맛의 한식을 제공하기 때문에 여행객은 물론, 서귀포 현지인들도 즐겨찾는 식당 중 하나이다. 식사 후 이중섭거리를 방문하여 둘러볼 수 도 있다."
안녕전복,제주특별자치도 제주시 오일장중길 89-16 (도두일동),2767589,39,indoor,indoor:식당/음식점,A05,A0502,A05020100,음식점,한식,한식,126.4759245195,33.4989963433,"제주시 도두동에 위치한 누구나 쉽게 접할 수 있는 신선한 퓨전전복요리를 제공한다. 모든 메뉴엔 활전복만을 사용하며 전복폭탄 전복죽, 아보카도 전복밥, 전복폭탄 물회 인기 메뉴이다. 튿히 전복죽은 신선한 활전복의 내장과 안녕전복만의 배합초 비법으로 끓이기 때문에 죽에 비린 맛이 전혀 없어 어린아이도 잘 먹을 수 있는 메뉴이다. 아보카도전복밥은 안녕전복에만 있는 이색 메뉴로 특별한 맛을 경험할 수 있다. 매장 내부는 넓고 쾌적하며 입식 좌석으로 구성되어 있어 편안한 식사가 가능하다. 또한, 좌석 수가 많아 단체 모임이나 회식 장소, 특별한 식사 장소로도 알맞은 식당이다."
안녕협재씨,제주특별자치도 제주시 한림읍 금능길 12,2792536,39,indoor,indoor:음식점 | outdoor:해수욕장,A05,A0502,A05020100,음식점,한식,한식,126.2249905356,33.3865992669,"안녕협재씨는 협재해수욕장 근처에 있는 비빔밥 전문점이다. 햇볕이 들어오게 창을 내어 전체적으로 밝은 분위기이며, 직원들도 친절하다. 이곳은 딱새우비빔밥, 돌문어비빔밥, 통전복내장비빔밥, 돔베고기 등의 메뉴를 팔고 있다. 세트메뉴가 있어서 일행이 있다면 가성비 좋게 즐기는 것을 추천한다. 1, 2층 공간이 있는데 2층에는 저 멀리 협재 바다가 보인다. 돌문어 비빔밥은 문어가 통째로 들어가 있어 눈으로 보는 재미도 쏠쏠하다. 기름기가 없는 돔베고기는 묵은지랑 함께 나온다."
안덕계곡,제주특별자치도 서귀포시 안덕면 감산리 1946,126440,12,outdoor,outdoor:계곡/공원/산/오름,A01,A0101,A01010900,자연관광지,국립공원,계곡,126.3529100773,33.2573294533,"안덕계곡은 서귀포 안덕면의 감산리 마을을 지나 바다로 유입되는 창고천 하류에 형성된 계곡으로 한대오름 주위를 발원지로 한다. 안덕계곡의 안덕(安德)은 치안치덕(治安治德)의 줄임말로, 태초에 안개가 끼고 하늘과 땅이 진동하며 태산이 솟아날 때 암벽 사이에 물이 흘러 치안치덕한 곳이라 하여 유래된 말이다. 제주도 특유의 계곡미를 보이는 골짜기가 깊게 침식된 유년기곡으로, 용암 동굴 천장이 붕괴하여 형성된 계곡이라는 설도 있다. 안덕계곡은 전체 길이의 절반이 수직 단애를 이루며, 하천 하류에는 협곡에 조면암류 주상 절리와 판상 절리군이 발달되어 있다. 병풍처럼 둘러쳐진 기암절벽과 평평한 암반 바닥에서 유유히 흐르는 맑은 물이 멋스러운 운치를 자아낸다. 계곡의 양쪽에는 난대 수목의 고목이 울창하게 덮여 있으며, 하층 식물을 형성하고 있다. 이곳에는 300여 종의 식물이 분포하는데, 특히 양치식물이 많은 것이 특징이다."
안덕월라봉,제주특별자치도 서귀포시 안덕면 감산리,3026668,12,outdoor,indoor:몰 | outdoor:계곡/공원/산/섬/오름,A01,A0101,A01010400,자연관광지,국립공원,산,126.3497828747,33.2436725784,"월라봉은 서귀포시 안덕면 감산리마을의 오름이다. 오름 모양새가 마치 달이 떠오르는 모습같다하여 붙여진 이름이다. 다래 나무가 많이 자생하고 있어 다래오름이라고도 불린다. 북동쪽과 남서쪽으로 개석된 두 개의 말굽형 화구로 이루어져 있다. 오름의 남서사면을 돌고 돌아 정상을 오르고 내릴 수 있도록 탐방로가 잘 되어 있다. 오름의 표고는 낮은 편이지만 화순리와 대평리를 걸쳐 있을 정도로 넓은 면적을 자랑하기 때문에 정상까지 약 1시간 정도가 소요되며 오름 초심자들도 정상까지 쉽게 오를 수 있다. 정상에서는 서귀포 해안 풍경 속의 산방산, 화순 앞바다, 형제섬 등을 조망할 수 있다. 월라봉은 서쪽 화순항, 동쪽의 군산과 대평마을, 남쪽 먼쪽 밑에는 주상절리 해안 절벽으로 일몰 명소인 박수기정, 북쪽으로는 사시사철 물이 흐르는 모습을 볼 수 있는 명승지인 안덕계곡이 있다. 기생화산인 월라봉은 그 이름에서 낭만이 느껴지기도 하지만 사실 아픈 전생의 역사 흔적도 간직하고 있는 오름이다. 정상에서 조금 내려오다보면 여러 개의 진지동굴을 볼 수 있는데, 월라봉 진지동굴은 일제강점기 때 화순항으로 상륙하는 미군을 저지하기 위한 최후의 저항기지였다고 한다. 그래서 월라봉은 오름 등반은 물론 진지동굴까지 함께 둘러볼 수 있는 다크투어리즘 역사 현장이다. 태평양 전쟁이 끝난지 거의 80년이 지났어도 월라봉에는 총 7개의 일제 진지동굴이 확인되었고 다른 곳의 진지동굴보다 유난히 깊고 둥근 형태로 수풀까지 우거진 채 보존이 잘 되어 있다. 길을 따라 올라가다보면 안내판이 나오는데 왕복으로 하면  짧지 않은 길이지만 목재데크, 목재계단, 식생매트를 깔아 산책길이 잘 조성돼 있다. 초입 계단이 조금은 지루할 수도 있지만 중간에 보이는 산방산의 모습을 보며 오르막을 올라 정상을 보고 진지동굴까지 보면 월라봉은 마무리가 된다. 월라봉에 우뚝 솟은 바위산은그 아래가 절벽이라서 위험해서 현재는 들어갈 수 없다."
안도르,제주특별자치도 제주시 구좌읍 송당리 2148-5,2853471,39,indoor,indoor:베이커리/음식점/카페 | outdoor:오름,A05,A0502,A05020900,음식점,한식,카페/전통찻집,126.7709498938,33.4553586672,"안도르는 제주 송당무끈모루 정류장 근처에 있다. 사진 스폿과 함께 유명해진 카페로 나무 사이 뚫린 공간을 통해 들판과 건너편의 나무, 오름, 하늘을 한 사진 안에 그림처럼 담을 수 있다. 이뿐 아니라 콘크리트 벽을 배경으로 한 커다란 로고, 나무 아래 전신거울 등 포토존이 많다. 당근케이크와 송당건강당근빵을 비롯해 다양한 베이커리류와 돌땅크라떼, 안돌오름 같은 시그니처 메뉴가 있다. 근처 여행지로 안돌오름, 아부오름, 백약이오름 등이 있다."
안돌오름,제주특별자치도 제주시 구좌읍 송당리 산 66-2,2724387,12,outdoor,outdoor:공원/산/오름,A01,A0101,A01010400,자연관광지,국립공원,산,126.7560844718,33.4573054352,"구좌읍 송대천간 도로 건영목장 입구 주변에서 서쪽방향으로 바라보면 세 오름이 나란히 있는데, 제일 왼쪽의 도로가에 붙어 있는 것이 거슨세미, 오른쪽에 나란히 안돌오름, 밧돌오름이다. 남서쪽에 있는 안돌오름은 안쪽에 들어앉아 있어서 안돌오름(內石岳)이라 부르고 있으며, 웃송당에서 송당공동묘지를 돌아 들어가면 오름 앞에 이르게 된다. 안돌오름은 북서쪽 봉우리가 정상이고, 남동쪽 봉우리와의 사이에 동쪽으로 골이 파여 있는 형태로 말굽형 화구를 이루면서, 화구 안사면의 골이 패인 곳에서만 유일하게 나무가 우거져 자연림의 숲을 이루고 있는 특징을 보이며, 그 외 사면은 매끈한 풀밭오름이다."
안성리수국길,제주특별자치도 서귀포시 대정읍 안성리,2778897,12,outdoor,outdoor:공원,A01,A0101,A01010500,자연관광지,국립공원,자연생태관광지,126.2837741374,33.2696992239,안성리수국길은 관광지로 개발된 곳이 아니라 마을에 살고 계신 노부부께서 돌담에 심어 놓은 수국들이 멋진 장관을 이뤄 사람들이 방문하여 유명해진 곳이다. 개발 지역이 아니기에 주차장이 따로 마련되어 있지 않아 수국이 피는 시기에 방문하면 혼잡할 수 있다. 수국 개화 시기에 따라 다르지만 6월 중순쯤 마을에 들어서면 양쪽 돌담 사이 쭉 피어있는 수국 풍경을 감상할 수 있다. 수국이 만개하는 시기에는 아름다운 순간을 담기 위해 웨딩 촬영으로도 많이 온다. 관광명소로 개발된 곳이 아닌 주민들이 사는 동네이기에 조용히 감상하는 것이 좋다.
안의울림,제주특별자치도 제주시 애월읍 애월북서길 15,3396532,12,outdoor,outdoor:산,A02,A0203,A02030400,역사관광지,농.산.어촌 체험,이색체험,126.3119978701,33.4653835799,"안의울림은 마음과 몸의 고요를 위한 쉼, 깊은 이완을 위한 소규모그룹 싱잉볼 사운드힐링세션과 프라이빗 힐링프로그램이 준비되어 있는 곳이다. 히말라야싱잉볼 사운드배스(누워서 진행), 히말라야싱잉볼의 잔잔하고 깊은 울림의 사운드와 진동 안에서 이완하고 휴식을 경험할 수 있다.  스트레스완화 이완, 힐링, 에너지 균형을 위한 프로그램등이 준비되어 있다."
알동네집,제주특별자치도 제주시 한경면 연명로 543,2911053,39,indoor,indoor:음식점 | outdoor:공원,A05,A0502,A05020100,음식점,한식,한식,126.2673967427,33.3164771319,알동네집은 저지리 명리동회관 근처에 있다. 제주도 흑돼지 자투리구이와 흑돼지 삼겹살 연탄구이 전문점으로 자투리고기란 고기를 부위별로 나누어 추렴한 후 남는 부위를 뜻한다. 즉 어느 부위의 자투리인지 특정할 수 없기 때문에 구성은 항상 바뀌고 가격대가 저렴하여 도민이 즐겨 찾는 맛집이다. 함께 주문할 수 있는 돌 솥밥과 찌개 세트도 푸짐하여 여행자들도 많이 찾으며 식사류만 주문은 점심시간까지 운영한다. 주변 여행지로 환상숲곶자왈공원 등이 있다.
알뜨르비행장 및 일본군 비행기 격납고,제주특별자치도 서귀포시 대정읍 상모리,128640,12,outdoor,outdoor:산/오름,A02,A0201,A02010700,역사관광지,고궁,유적지/사적지,126.2727654572,33.2031230704,"송악산, 단산, 모슬봉, 산방산 아래쪽 뜰이라는 뜻을 가진 알뜨르비행장은 일제강점기 시대에 일본이 중일전쟁의 전초기지로 삼은 곳이며 정뜨르비행장과 함께 대표적인 일제의 군사시설이다. 행장, 관제탑, 대공포진지, 격납고 등이 보전되어 있으며, 비행장, 관제탑, 대공포진지, 격납고 등을 견학할 수 있다. 알뜨르비행장은 중일전쟁, 남경 폭격을 준비하기 위해 만들어졌다. 당시 일본군 전투기를 은폐하고 정비하기 위한 시설물로 약 10년간 모슬포 지역의 주민들을 강제 동원하여 만들었다고 알려져 있다. 일본군의 극단적 전술인 가미카제를 위한 조종 훈련도 이곳에서 시행했다고 한다. 넓은 들판 가운데 곳곳에 20개의 격납고가 있으며 19개가 원형의 모습대로 보존되어 있다. 격납고가 있는 섯알오름은 제주 4.3사건의 학살터이기도 한 가슴 아픈 장소이다. 일제가 만든 폭탄 창고에서 폭발로 인한 커다란 웅덩이가 생겼는데 해방 후 그곳에서 예비 검속으로 수감됐던 일반인들을 학살했다고 한다. 이곳에 섯알오름 4.3 희생자 추모비가 세워져 있다. 드넓은 벌판에서 일어났던 전쟁과 우리나라의 비극적인 현대사 유적을 체험할 수 있다. 현재는 국방부 소유 군용지지만 농지로 임차되어 농작물이 경작되고 있다."
알엔알(rnr),제주특별자치도 제주시 협재1길 29,2904955,39,indoor,indoor:베이커리/음식점/카페,A05,A0502,A05020900,음식점,한식,카페/전통찻집,126.2432386950,33.3979233005,"알엔알(rnr)은 제주시 협재포구 근처에 위치하고 있다. 빵에 진심인 베이커리 카페로 빵지순례 여행자들이 시간을 내어 찾아오는 곳이다. ‘즐기되 원칙을 지킨다’를 표방하며 작은 빵집의 내부는 빈티지한 아메리칸 스타일이다. 바게트, 소금빵, 캄파뉴, 치아바타 등을 제공하며 각기 빵이 가진 개성과 본연의 맛을 잘 살려 늘 일찍 소진되는 편이다. 베이커리 외에도 음료메뉴가 준비되어 있어 빵과 함께 즐기기 좋다."
알작지,제주특별자치도 제주시 테우해안로 60,2740135,12,outdoor,outdoor:계곡/공원/산/해변/해수욕장,A01,A0101,A01011200,자연관광지,국립공원,해수욕장,126.4412414879,33.4962044339,"제주시 내도동에 있는 알작지 해변은 평범한 모래사장으로 이루어진 해변과는 다르게 동글동글한 돌들로 이루어진 해변이다. 동그란 ‘알’과 돌멩이를 뜻하는 제주도 말 ‘작지’가 합쳐져 만들어진 알작지는 몽돌해변이다. 알작지의 자갈들은 한라산 계곡에서부터 운반되어 퇴적된 것들로, 오랜 세월 동안 무수천과 월대천을 따라 이곳 알작지까지 운반되는 동안 파도에 의해 다듬어지는 과정을 겪었기 때문에 자갈의 모양이 더욱더 동글동글하다.  알작지는 독특함과 아름다움을 공식적으로 인정받아 지난 2003년 12월, 문화유산으로 지정되었다. 진하고 동그란 먹돌과 차돌로 이루어진 해안가와 부서지는 파도가 어울리는 알작지 해변의 이국적인 풍경에 전문 사진작가들도 즐겨 찾는다. 바로 옆이 도심지인데도 불구하고 알작지는 한적하고 조용한 분위기를 만끽할 수 있어, 일상에 지친 시민들이 힐링하며 휴식을 취하기에 적합한 장소이다."
앙끄레국수 서귀포본점,제주특별자치도 서귀포시 법환상로2번길 97-18 (법환동),2859072,39,indoor,indoor:센터/음식점 | outdoor:산 | mixed:월드,A05,A0502,A05020100,음식점,한식,한식,126.5117576314,33.2474636019,"앙끄레국수 서귀포본점은 제주월드컵경기장 인근, 대륜동주민센터 뒤편에 자리 잡고 있는 제주 국수 전문점이다.  이곳은 제주산 돼지고기만을 사용하여 맛을 낸 다양한 국수 요리를 선보이고 있다. 대표 메뉴인 고기국수는 돼지 사골을 12시간 이상 정성껏 푹 고아 깊고 진한 국물 맛을 내며, 여기에 치차즙을 활용한 쫄깃한 면을 더해 건강하고 깔끔한 국수를 제공한다. 고기국수 외에도 매콤한 비빔국수, 성게국수, 바삭하고 고소한 한치부추전 등 다양한 메뉴가 준비되어 있으며, 여러 메뉴를 함께 즐길 수 있도록 구성된 가성비 좋은 세트 메뉴도 마련되어 있다. 또한 어린이용 의자와 같은 편의 시설도 잘 갖추어져 있어 가족 단위 여행객이나 단체 손님이 편하게 이용할 수 있다."
앙끄리에펜션,제주특별자치도 서귀포시 색달로61번길 59-8,733622,32,indoor,indoor:숙박/펜션/호텔 | outdoor:폭포/해수욕장 | mixed:관광단지,B02,B0201,B02010700,숙박시설,관광호텔,펜션,126.4138213265,33.2632769775,"제주 서귀포시 색달로에 위치하고 있는 앙끄리에펜션은 전원으로 둘러싸인 아늑한 숙소이다. 제주도 말로 안채라는 뜻으로 따뜻한 분위기가 돋보인다. 15평형, 24평형, 40평형 3타입의 객실 총 7개가 있다. 혈액순환을 촉진하고 피로회복에 좋으며 숙면할 수 있도록 우리나라 전통 소재인 황토를 이용해 객실을 꾸몄다. 넓은 대지에 3동의 건물이 있으며 건물과 건물 사이 잔디에 돌을 깔아 길을 만들었다. 동화 속 집 같이 아늑하고 아름다우며 날이 좋을 때는 정자에 앉아 책을 읽는 것도 좋다. 
주변 관광지로는 중문관광단지, 중문해수욕장, 천제연폭포, 주상절리대, 대유랜드, 카멜리아 힐 등이 있다."
애월 너와의 첫 여행 감귤창고카페,제주특별자치도 제주시 애월읍 장소로 16,2851880,39,indoor,indoor:음식점/카페 | outdoor:야외,A05,A0502,A05020900,음식점,한식,카페/전통찻집,126.3845530010,33.4506585782,"애월 너와의 첫 여행 감귤창고카페는 감귤밭을 지나 제주 애월의 감성과 자연을 가득 담은 공간이다. 옛 감귤창고를 개조한 감성 가득한 인테리어와 제주 자연 그대로의 따뜻한 햇살이 느껴지는 공간이다. 이곳의 메뉴로는 셰프가 직접 조리한 수제 돈까스와 딱새우가 들어가 크림파스타 등 브런치 메뉴를 맛볼 수 있고 수제 감귤 크로플과 프랑스식 디저트, 제주 감귤청과 한라봉을 활용한 에이드와 스무디 등 다양한 디저트도 준비되어 있다. 방문객은 감귤밭에서 사진촬영, 야외 좌석을 무료로 이용할 수 있으며 별도의 체험장에서 여름에는 청귤, 겨울에는 감귤 따기 체험을 할 수 있다."
애월 우니담,제주특별자치도 제주시 고내로13길 107 2층,2905409,39,indoor,indoor:음식점 | outdoor:산,A05,A0502,A05020100,음식점,한식,한식,126.3484278733,33.4725305859,"애월 우니담은 고내리포구 근처에 있다. 성게&미역국 전문점으로 탁 트인 통창으로 애월 바다를 한눈에 볼 수 있으며 저녁에는 아름다운 노을을 볼 수 있다. 대표메뉴는 성게덮밥이며 전복, 옥돔, 장어, 톳 등 싱싱한 해산물과 미역국, 가마솥밥을 조화롭게 한 상으로 맛볼 수 있다. 주문과 함께 조리가 진행되므로 여유를 가지고 방문하는 것이 좋다. 주변 여행지로는 고내포구, 고내봉, 하가리 연화지 등이 있다."
애월더선셋,제주특별자치도 제주시 애월읍 일주서로 6111,2862045,39,indoor,indoor:음식점/카페 | outdoor:산/해변/해수욕장/해안,A05,A0502,A05020900,음식점,한식,카페/전통찻집,126.3090427778,33.4562095496,"애월더선셋은 제주시 애월읍, 한담해변산책로 위쪽 일주서로에 위치한 감성 가득한 브런치 카페로, 애월 바다를 한눈에 내려다볼 수 있는 탁 트인 전망이 특징이다.  카페 내부는 물론 외부 테라스와 루프탑까지 어디에 앉아도 바다 풍경이 시야에 들어온다. 애월더선셋은 많은 여행자들에게 포토존 카페로 알려져 있으며, 감성 가득한 사진을 남기기에도 좋은 장소다. 메뉴 또한 인상적인데 대표 시그니처 메뉴인 코코선셋, 선셋슈페너, 애월더선셋파르페는 비주얼부터 눈길을 끌며 눈과 입이 동시에 즐거운 경험을 선사한다. 카페 아래쪽으로는 바다가 보이는 해안 산책로가 이어져 있어 여유롭게 걷는 사람들을 바라보며 잠시 쉬어가기에 좋다. 주변에는 곽지해수욕장, 한담해안산책로(장한철산책로), 연화지 등 함께 둘러보기 좋은 명소도 많다."
애월리순메밀막국수,제주특별자치도 제주시 애월읍 애월해안로 11,2864216,39,indoor,indoor:식당/음식점 | outdoor:산/해수욕장/해안,A05,A0502,A05020100,음식점,한식,한식,126.3163947036,33.4656613963,"제주 애월리순메밀막국수는 애월항 근처에 위치해 있는 자가제면 메밀 막국수 전문점이다. 이곳은 첨가물이 전혀 들어가지 않은 순수 메밀로 만든 막국수를 제공하는 곳으로, 건강하고 담백한 한 끼를 먹을 수 있다. 순 메밀로 직접 뽑은 면은 일반 면보다 쫄깃함은 덜하지만, 구수한 메밀 고유의 향과 부드러운 목넘김이 특징이다. 글루텐이 첨가되지 않아 소화가 잘되고 자극적이지 않아 남녀노소 편안하게 즐길 수 있다. 내부는 전체적으로 깔끔하고 정돈된 분위기를 유지하고 있으며, 넓은 홀과 테이블 배치 덕분에 단체 손님도 여유롭게 방문할 수 있다. 또한 식당 앞에는 넉넉한 주차 공간이 마련되어 있어 차량을 이용한 방문도 매우 편리하다. 인근에는 애월환해장성, 한담해안산책로, 곽지해수욕장 등 함께 둘러보기 좋은 관광지가 위치해 있어 식사 후 제주 자연을 즐기기에도 좋은 위치에 자리하고 있다."
애월빵공장앤카페,제주특별자치도 제주시 애월읍 금성5길 42-15,2791306,39,indoor,indoor:음식점/카페 | outdoor:해수욕장,A05,A0502,A05020900,음식점,한식,카페/전통찻집,126.3015713821,33.4483353041,"애월빵공장앤카페는 최고의 쉐프들이 엄선된 재료만을 사용하여 최신 설비와 오븐으로 4시간 이내에 구운 빵을 판매하여 신선하고 맛있는 빵과 음료를 즐길 수 있는 곳이다. 특히 현무암쌀빵, 고구마빵, 한라봉모히또, 에멜랄드비치에이드는 이곳 시그니처 메뉴이다. 곽지해수욕장의 에메랄드빛 바다 뷰와 제주다운 맛과 멋을 만끽할 수 있는 여유로운 공간에서 여행 중 잠시 힐링 타임을 가져보자."
애월튀김간,제주특별자치도 제주시 애월읍 애월로 118,2780230,39,indoor,indoor:음식점,A05,A0502,A05020100,음식점,한식,한식,126.3197749933,33.4643977009,"애월튀김간은 일식 수제모듬튀김과 달큰한 국물떡볶이 전문점이다. 메뉴는 떡볶이와 다양한 종류의 튀김들로 구성되어 있는데, 특히 혼자 오는 손님들은 위한 1인 한정 메뉴를 제공한다. 떡볶이와 김밥은 물론, 김말이와 새우, 고구마, 깻잎으로 구성된 튀김까지 알차게 채운 한상 세트메뉴다. 대표 메뉴인 떡볶이는 매콤 달콤한 맛으로 어린 시절에 먹던 추억의 맛을 떠올리게 한다. 김밥은 계란말이 김밥으로, 떡볶이와 함께 먹으면 탁월한 조화를 이룬다. 갓 튀겨낸 튀김들도 재료 본연의 맛과 바삭한 식감이 어우러져 입맛을 돋운다."
애월해안누리(구 하얀둥지),제주특별자치도 제주시 애월읍 애월해안로 298,977101,32,indoor,indoor:숙박/펜션/호텔 | outdoor:해안,B02,B0201,B02010700,숙박시설,관광호텔,펜션,126.3416562839,33.4705668076,"제주시에서 애월 해안도로를 따라가다 보면 파란 바다 언덕 위에 하얀 집, 애월 해안누리 펜션이 있다. 애월 해안누리 펜션은 도심의 각박함 속에서 벗어나 편안한 휴식과 추억을 제공하며 힐링과 재충전의 시간을 갖게 한다. 픽업은 불가능하나 바베큐 숯과 그를 이용이 유료로 이용 가능해 펜션을 더 즐길 수 있다."
애월해안도로,제주특별자치도 제주시 애월읍 구엄리,2791501,12,outdoor,indoor:숙박/카페 | outdoor:공원/산/트레킹/해안,A01,A0101,A01010500,자연관광지,국립공원,자연생태관광지,126.3754114120,33.4825299050,"제주 공항에서 불과 10㎞ 정도 달리다 보면 제주를 좀 안다는 이들 사이에서 아름답기로 소문난 애월해안도로를 만날 수 있다. 북서부의 해안선을 따라서 이어진 애월해안도로는 빼어난 제주의 바다 풍경을 감상할 수 있는 약 9km의 드라이브 코스이다. 자전거 전용도로와 도보길도 잘 갖추어져 있어 드라이브 외에도 사이클링과 산책 등의 방법으로 다양하게 즐길 수 있다
이 도로는 제주 올레길 16코스의 일부이며, 자전거 라이딩과 트레킹의 명소로도 유명하다. 가는 길목마다 구엄포구, 남도리쉼터, 신엄리 방파제, 고내포구, 다락 쉼터, 큰 바위 얼굴 등 해안 명소들이 많아 중간중간 내려 아름다운 풍경을 감상하는 것도 좋다. 또한 다양한 맛집들과 카페, 숙박시설 등이 많이 있어 여행객들의 제주 여행 코스로서도 인기가 많다."
애플망고1947,제주특별자치도 서귀포시 대정읍 신평로 32,2858479,39,indoor,indoor:음식점/카페 | outdoor:공원/산,A05,A0502,A05020900,음식점,한식,카페/전통찻집,126.2575126051,33.2662630814,"애플망고1947은 제주 서귀포시 신평리 마을회관 근처에 자리한 애플망고 전문 카페이다. 아버지의 애플망고 농장을 이어 애플망고 농사를 짓고 있는 주인이 운영하고 있으며, 제주 농부 촌장이 직접 재배한 애플망고를 아낌없이 올려주는 애플망고 빙수가 시그니처이고, 애플망고주스, 애플망고요거트스무디와 함께 대정마농빵도 판매한다. 마농은 제주어로 '마늘'로 대정읍에서 나오는 재료를 사용한다. 제주 중산간의 한가로운 마을 분위기가 있으며, 인근에 위치한 제주곶자왈도립공원을 함께 둘러보는 것도 좋다. 맛, 정성, 제주스러움이 어우러진 애플망고1947은 특별한 디저트 여행지로 꼭 들러볼 만한 장소다."
액티브파크 제주,제주특별자치도 제주시 한림읍 금능남로 76,2858860,12,mixed,indoor:실내/카페 | outdoor:공원 | mixed:관광단지/복합/파크,A02,A0202,A02020600,역사관광지,관광단지,테마공원,126.2360869133,33.3811722638,"액티브파크 제주는 남녀노소 누구나 신나는 체험을 통해 최고의 성취감을 느낄 수 있는 복합체험공간이다. 이곳은 아이부터 어른까지 모두가 즐길 수 있는 다양한 액티비티가 마련되어 있다. 대표적인 시설 중 하나인 클립 앤 클라임은 독특한 디자인과 안전한 시스템을 갖춘 실내 클라이밍 놀이로 도전과 재미를 동시에 느낄 수 있어 남녀노소 인기가 많은 체험이다. 친환경 카트 트랙 위에서 스피디 하고 바람을 가르는 짜릿한 질주 체험을 느낄 수 있는 엑티브 파크의 카트 체험은 일상의 스트레스를 시원하게 날려버릴 수 있다. 여기에 호기심 많고 에너지가 넘치는 어린이들을 위한 키즈 카페도 마련되어 있는데, 이곳은 마치 마법 같은 공간으로 아이들에게 창의력과 상상력을 자극하고 다양한 놀이를 통해 배움의 즐거움을 느끼게 해준다."
"야구박물관에서 부터 바닷길이 열리는 신비의 섬 까지, 서귀포 강정 여행",,2006495,25,outdoor,indoor:박물관 | outdoor:섬/폭포,C01,C0115,C01150001,가족코스,도보코스,도보코스,126.4987917922,33.2607036029,"제주도 서귀포시 강정동에는 야구박물관에서 부터 절벽과 조화를 이루는 폭포, 서귀포의 비경을 만나볼 수 있는 강정천과 하루에 두번 바닷길이 열리는 신비의 섬 서건도 까지 아름다움을 만끽할 수 있는 여행지가 있다. 혼자만의 시간, 커플과의 데이트, 가족과 함께하는 시간, 누구와 함께 해도 좋을 것만 같은 제주 서귀포 강정으로 여행을 떠나보는건 어떨까?"
야크마을,제주특별자치도 서귀포시 색달중앙로 162,3112141,32,indoor,indoor:숙박/호텔 | outdoor:산/정원,B02,B0201,B02010500,숙박시설,관광호텔,콘도미니엄,126.4146822318,33.2691263446,"반려동물 전용 객실은 반려동물용 다양한 어메니티가 준비되어 있어 반려동물과 함께 불편함 없이 제주에서의 하루를 즐길 수 있다. 또한 산책로와 정원이 가꾸어져 있고, 다양한 포토존을 즐길 수 있다."
약천사(제주),제주특별자치도 서귀포시 이어도로 293-28 (대포동),127862,12,unknown,,A02,A0201,A02010800,역사관광지,고궁,사찰,126.4496741720,33.2453656306,"제주 약천사는 제주도 서귀포시의 명물이라 불리는 거대 사찰이자 큰 규모의 법당이 있는 대한불교 조계종 제10교구 본사 은해사의 말사이다. 본래는 약수암이라는 이름의 작은 암자였는데, 근처에 유명한 약수터가 있어서 약천사란 이름이 붙었다. 1981년에 주지로 부임한 혜인에 의해 불사가 크게 일어나 1996년 단일 사찰로는 큰 규모를 자랑하는 대적광전이 세워져 유명해졌다. 대적광전은 조선 초기 불교 건축 양식을 띤 콘크리트 건물로 통층으로 되어 있고, 법당 앞 종각에는 효도를 강조하는 글과 그림이 새겨진 범종이 걸려 있다. 또, 1960년대 유학자 김형곤이 신병 치료차 자그마한 굴 속에서 100일 기도를 올리던 중 꿈에 약수를 받아 마신 후 건강을 회복하여 부처님의 은혜에 보답코자 약수암을 짓고 수행 정진하다 그곳에서 입적했다는 이야기도 전해오고 있다. 장엄한 규모로 제주도 관광객들도 꼭 들려야 할 필수 관광코스로 대접받고 있으며 내외국인을 위한 템플스테이 역시 운영하고 있다. 약천사에는 세종의 아들이었던 문종 임금과 현덕왕후, 그리고 영친왕과 이방자 여사의 위패가 모셔져 있다."
양가네 신화월드 본점,제주특별자치도 서귀포시 안덕면 동광로 112,2840903,39,indoor,indoor:식당/음식점 | outdoor:산 | mixed:월드,A05,A0502,A05020100,음식점,한식,한식,126.3389629754,33.3062571628,"양가네는 제주특별자치도 동광리 농촌체험마을 인근에 위치한 쇠고기 국밥 전문점이다. 이곳은 제주식 해장국을 전문으로 하며, 가게 앞에 걸린 커다란 가마솥이 인상적인 곳이다. 가마솥에서는 한우 사골을 오랜 시간 우려내 깊고 진한 맛의 육수를 끓여내며, 여기에 신선한 재료를 더해 정성스럽게 만든 쇠고기 해장국이 대표 메뉴로 자리 잡고 있다. 양가네는 아침 일찍 문을 열어 지역 주민들과 여행객들이 아침 식사로 즐기기에도 좋다. 여름철에는 냉면과 막국수도 함께 판매하여 다양한 입맛을 만족시킨다. 식당 뒤뜰에는 주인이 정성껏 가꾼 작은 꽃밭이 조성되어 있어 식사 후 산책하듯 둘러보기에 좋다."
양가형제,제주특별자치도 제주시 청수동8길 3,2899528,39,indoor,indoor:음식점,A05,A0502,A05020200,음식점,한식,서양식,126.2539592266,33.3072473859,양가형제 본점은 2016년 3월 26일 시작한 수제버거 전문 브랜드이다. 본점이 위치한 30년이 넘은 청수리 평화동회관은 반딧불이 최대 서식지 청수곶자왈의 마을 한경면 청수리 평화동의 옛 마을회관이며 길종상가와 함께 현대적 쓰임에 맞게 재생시켰다. 양가형제 본점은 미국식 전통 수제버거 레스토랑으로써 제주 수제버거와 크래프트비어를 서비스한다. 매일매일 지역 식자재로 햄버거 빵부터 패티까지 직접 조리하며 다양한 풍미의 유명맥주가 합리적인 가격으로 준비되어 있다. 신선하고 좋은 재료로 미국 전통식 밀크쉐이크를 만들며 제주 양파로 하나씩 튀겨내는 어니언링도 일품이다.
어니스트밀크 본점,제주특별자치도 서귀포시 성산읍 중산간동로 3147-7,2791194,39,indoor,indoor:음식점/카페 | outdoor:산,A05,A0502,A05020900,음식점,한식,카페/전통찻집,126.8718968106,33.4504413940,어니스트밀크 본점은 신선한 우유로 만든 아이스크림과 밀크쉐이크가 맛있는 카페이다. 매장 내부는 깔끔하고 사진 찍기 좋은 분위기이다. 건물의 외관은 우유 패키지를 형상화하여 아이들이 좋아하며 매장 내부는 깔끔한 인테리어와 통유리로 된 창으로 성산 일출봉을 볼 수 있다.
어라운드폴리,제주특별자치도 서귀포시 성산읍 서성일로 433,2734081,28,outdoor,indoor:호텔 | outdoor:레포츠/산/캠핑,A03,A0302,A03021700,레포츠소개,수련시설,"야영장,오토캠핑장",126.8359757176,33.4158196384,어라운드폴리는 제주특별시 서귀포시 성산읍 서성일로 433에 위치하고 있다. 기존의 호텔과 캠핑의 경계를 허물며 신개념 캠핑 문화를 선보이고 있다. 제주도 중산간의 아름다움과 개성있는 숙소를 경험할 수 있다. 1인 캠핑 장비부터 가족단위로 이용할 수 있는 캠핑 장비까지 캠핑을 처음 경험하는 사람도 쉽게 이용할 수 있도록 준비되어 있다.
어리목탐방지원센터,제주특별자치도 제주시 1100로 2070-61 (해안동),2858291,12,outdoor,indoor:센터/전시 | outdoor:산,A02,A0203,A02030400,역사관광지,농.산.어촌 체험,이색체험,126.4939225924,33.3921723370,"한라산어리목탐방안내소는 한라산 어리목 탐방로 주차장, 어승생악 입구 옆에 있다. 한라산 탐방 정보와 한라산의 탄생, 역사, 지질, 전설, 생태 등 이해를 돕기 위한 전시 공간으로 1~3전시실과 함께 어린이 체험학습장, 영상실, 포토존 등이 있다. 영상실에서는 한라산 및 제주 세계자연유산 홍보영상을 관람할 수 있고 탐방로 입구, 한라산 탐방로, 어리목 등에 설치된 실시간 CCTV 장면도 확인할 수 있다. 한라산 탐방로 가이드와 산행 안전 수칙, 한라산 보호 활동 등 등반과 환경 활동에 필요한 정보를 얻을 수 있어 산행 전 둘러보기 좋다."
어린왕자감귤밭,제주특별자치도 서귀포시 대정읍 추사로36번길 45-1,3030286,39,indoor,indoor:몰/실내/음식점/카페 | outdoor:산/야외/캠핑,A05,A0502,A05020900,음식점,한식,카페/전통찻집,126.2818413352,33.2533260026,"대정읍 추사로에 위치해 있고 바로 앞에 산방산과 단산이 보이는 3대째 이어져 오는 제주도 귤밭으로 카페는 감귤로 실내 인테리어가 되어 있다. 실내 카페공간을 나오면 이국적인 정취가 느껴지는 야자나무밭과 화산송이로 이루어진 길을 따라 곳곳에 해먹의자, 침대의자들과 테이블이 넉넉하게 있어 여유롭다. 나무들 사이 곳곳에 다양한 조형물들이 있는 포토존과 아이들이 타고 놀 수 있는 유아용 트랙터, 마차 속 카페와 구석구석 예쁜 길을 찾아다니는 재미도 있어서 아이와 함께한 가족여행지로 인기가 높다. 음료를 주문하면 야외 넓은 공간에서의 동물 먹이 주기 체험도 가능하고, 야외 중앙에 있는 화로대에서 마시멜로우도 구워 먹을 수 있으며 군고구마 파는 곳도 있어 다양한 경험을 할 수 있는 가성비 높은 이색적인 카페이다. 오후 5시 넘어 일몰이 지기 시작하고 조명이 켜지면 야외의 감성 캠핑장 느낌이 물씬 풍겨나기도 한다."
어멍이해녀,제주특별자치도 제주시 구좌읍 해맞이해안로 2244,2871919,39,indoor,indoor:식당/음식점 | outdoor:산/오름/해수욕장/해안,A05,A0502,A05020100,음식점,한식,한식,126.9112117082,33.4998782328,"어멍이해녀는 제주 동쪽 종달리 방파제 근처 해안도로를 따라 자리하고 있는 해산물 전문 식당이다. 바닷가 바로 앞에 위치해 있어 식사를 하면서도 탁 트인 바다 전망을 감상할 수 있는 점이 큰 매력이다. 신선한 해산물을 활용한 다양한 요리를 맛볼 수 있는데, 특히 여름철에는 시원한 물회와 회덮밥이 인기 메뉴다. 어멍이해녀의 물회는 전복, 해삼, 생선회 등 다채로운 해산물이 들어가며, 살얼음 소스를 넣어 비벼먹는다. 이 외에도 성게 손칼국수, 회국수 등의 메뉴들이 준비되어 있어 입맛에 따라 골라 먹을 수 있다. 소라, 멍게, 해삼 등은 접시 단위로도 판매해 추가로 즐기기에 좋다. 주변에는 지미봉 오름, 하도해수욕장 등의 관광지가 있어 함께 둘러보기 좋다."
어반아일랜드호텔,제주특별자치도 제주시 삼무로 76 (연동),3089195,32,indoor,indoor:숙박/카페/호텔,B02,B0201,B02010100,숙박시설,관광호텔,관광호텔,126.4947508744,33.4895893506,"제주공항 인근의 어반아일랜드 호텔은 비즈니스 부띠크 호텔로 챠콜 색상의 모던한 벽돌 외관 건물이다.  제주 공항에서 차량 7분 거리로 접근성이 좋다. 객실은 스탠다드 트윈, 프리미엄 트윈, 테라스 프리미엄 트윈, 스탠다드 더블, 디럭스 더블 5가지 타입의 룸이 있다. 이외에도 레스토랑과 물품 보관소가 있으며 24시간 리셉션 서비스를 제공한다. 1층 로비에는 버블티를 파는 카페와 편의점이 있다. 주변에는 드림타워 카지노, 신라 면세점, 누웨마루 특화거리의 각종 맛집과 놀거리가 인접해 있고, 호텔 밀집 지역에 위치하고 있어서 인프라 시설이 잘 갖춰져 있다."
어승생,제주특별자치도 제주시 해안동 산220-12 (일대),127202,12,outdoor,outdoor:계곡/공원/산/오름,A01,A0101,A01010400,자연관광지,국립공원,산,126.5067521811,33.3856593715,"정상에는 둘레 약 250m가량의 원형 화구호(火口湖)가 있으나 늘 물이 고여있지는 않다. 남서쪽에는 외도천 상류, 동쪽에는 도근천 상류를 끼고 있다. 오름 정상에는 일제시대 일본군이 설치했던 화포 시설 잔해가 남아 있으며, 남사면 중턱에는 샘이 있다. ‘어승생오름’ 북쪽 기슭에 한밝저수지가 있는데, 명마의 산지로 이름났던 어승생에서 발원하는 물이 계곡을 타서 이곳에 모인다. 현재는 중산간 지대의 수원인 어승생저수지로 사용되고 있다. 민간에서는 어스승이, 어스싱이라고 한다. 어승생(御乘生)은 한자의 뜻 그대로 임금이 타는 말(御乘馬)이 낳기 때문에 붙인 것이라면 음독자로 어승생의 표기라 할 수 있는데, 민간의 어스승이, 어스싱이 등을 고려하면 음가자의 결합 표기라 할 수 있다.

(출처 : 제주 문화관광 홈페이지)"
어영공원,제주특별자치도 제주시 서해안로 451 (용담삼동),1925362,12,mixed,outdoor:공원/해안 | mixed:관광단지,A02,A0202,A02020700,역사관광지,관광단지,공원,126.4875702904,33.5183749384,"어영공원은 제주도 용담해안도로를 따라 길게 만들어진 공원이다. 각종 조명시설을 설치해 해가 지면 어영공원의 야경을 감상하기 좋아 많은 관광객이 찾고 있다. 또한, 제주 올레 17코스에 속한 공원으로 올레꾼들의 발걸음이 끊이지 않고 있다. 낮에도 탁트인 전경과 바로 눈 앞에 펼쳐진 바다, 시원한 바닷바람으로 사람들을 붙잡는다. 어영공원에서는 시원한 풍경과 함께 시도 즐길 수 있다. 공원에 설치된 벤치와 바다 쪽의 방호벽에 유명인들의 시가 이어져 있으며 시와 함께 잔잔한 여운을 남기는 벽화가 그려져 있다. 방호벽 위로 어패류 조형물이 세워져 있어, 이것 또한 볼거리이다. 로렐라이 요정상도 눈에 띈다. 독일의 로렐라이시와 제주시가 우정의 상징으로 각각 로렐라이 요정상과 돌하르방을 교환하여 이곳에 세워졌다고 한다."
어장군,제주특별자치도 제주시 신대로 72,404209,39,indoor,indoor:음식점 | outdoor:산,A05,A0502,A05020100,음식점,한식,한식,126.4962284931,33.4909364471,"제주시 연동에 위치한 어장군은 제주도 지정 향토음식 전문점이다. 어장군의 메뉴로는 돔베고기 세트와 제주바다한상, 괸당한상 등 다양한 한식 메뉴를 제공하고 있다. 제주바다한상에는 제철회를 비롯해 모듬해물과 보말죽, 고등어구이 등이 함께 제공되어 해산물요리를 풍푸하게 즐길 수 있다. 괸당한상에는 돔베고기, 갈치조림, 성게국 등 다양한 조합으로 식사를 즐길 수 있다. 음식의 양도 푸짐하며, 가게 내부도 넓어 쾌적하다. 제주 공항과 5분거리라 접근성도 좋다."
엉덩물계곡,제주특별자치도 서귀포시 색달동,2662743,12,mixed,indoor:호텔 | outdoor:계곡/공원/산/해수욕장 | mixed:관광단지,A01,A0101,A01010900,자연관광지,국립공원,계곡,126.4139105501,33.2479286727,"중문관광단지의 롯데호텔 동편으로 자리한 계곡이다. 큰 바위가 많고 지형이 험준하여 물을 찾는 짐승들조차 접근은 못하고 엉덩이를 들이밀고 볼일만 보고 돌아갔다고 해서 엉덩물계곡이라는 이름이 붙었다고 한다. 봄이면 계곡 경사면을 따라 유채꽃이 만발하여 장관을 이루며, 평지보다 유채꽃 풍경이 입체적인 특징이 있다. 올레 8코스에 포함되어 있으며, 중문달빛걷기공원으로도 불린다. 중문해수욕장 주차장에 주차 후 접근 할 수 있다. 유채꽃길을 따라 걷다보면, 미라지 연못이 나오며 좌측으로 올라가면 롯데호텔 산책로와 이어져있다."
엉또돌다카페앤농원,제주특별자치도 서귀포시 월산로 30 (강정동),3071718,12,outdoor,indoor:카페 | outdoor:산/폭포,A02,A0203,A02030100,역사관광지,농.산.어촌 체험,농.산.어촌 체험,126.4943532290,33.2633393524,"엉또돌다카페&농원은 제주 서귀포 엉또폭포 근처에 위치한 감귤따기 체험 농장 겸 카페이다. ‘돌다’는 맛있다라는 제주도 방언이다.  감귤농원은 지대가 높은 곳에 위치해 제주 서귀포가 한눈에 보이고 전망이 좋다. 
넓은 농원 안에는 다양한 포토존이 있어 귤따기 체험을 하며 귤밭에서의 추억을 남길 수 있다. 감귤따기 체험시 귀여운 감귤모자와 감귤컨셉의 소품들을 무료로 대여해준다. 포토존은 체험객이 아니더라도 무료로 이용가능하다. 카페에서는 커피와 귤을 이용한 음료 등을 판매하며 귤과 제주특산품 등을 판매하고 있다. 
제주올레길 7 -1코스와도 가까워 올레길을 걷다가 잠시 들려도 좋다.  귤 수확시기인 10월말부터 1월말까지 유동적으로 운영하므로 사전에 운영 여부를 확인하고 방문하는 것이 좋겠다."
엉또폭포,제주특별자치도 서귀포시 엉또로 104 (강정동),127052,12,outdoor,indoor:카페 | outdoor:계곡/공원/산/폭포,A01,A0101,A01010800,자연관광지,국립공원,폭포,126.4984055673,33.2672723157,"엉또는 엉의 입구라 하여 붙여진 이름이다. 엉은 작은 바위 그늘집보다 작은 굴을 의미하며 도는 입구를 표현하는 제주어이다. 엉또폭포는 보일 듯 말 듯 숲속에 숨어 지내다 한바탕 비가 쏟아질 때면 위용스러운 자태를 드러내는 폭포로 높이 50m에 이르며 주변의 기암절벽과 조화를 이루어 독특한 매력을 발산한다. 폭포 주변의 계곡에는 천연난대림이 넓은 지역에 걸쳐 형성되어 있어 사시사철 상록의 풍치가 남국의 독특한 아름다움을 자아낸다. 평소에는 건천으로 있으며 산간 지역에 70mm 이상 비가 온 후 풍성한 폭포를 감상할 수 있다. 
엉또폭포 주차장에 주차를 하고 잘 가꾸어진 데크길을 따라 편히 접근이 가능하고 데크길 중간중간 포토존도 잘 꾸며져 있으며, 엉또폭포 무인카페도 운영하고 있다. 엉또폭포는 제주 올레 7-1코스이기도 하며 서귀포 70경 중의 하나이다."
엉알해안,제주특별자치도 제주시 한경면 고산리 3671-1,1898906,12,outdoor,outdoor:공원/산/해안,A01,A0101,A01011100,자연관광지,국립공원,해안절경,126.1676196819,33.2994219009,"제주시 한경면 고산리에 있는 엉알해안은 제주시 숨은 비경 31곳에 선정된 곳이다. 수월봉 밑에서부터 해안선을 따라 2km가량 이어져 있다. 이 해안지대에는 원래 이 지역 일대 어민들의 어장이 있었으나 현재는 주로 산책로로 이용되고 있다. 
해안절벽이 퇴적층으로 이루어져 있으며, 낙조가 아름다운 곳이다. 유네스코에서 등재한 세계지질공원으로서 올레 12코스에 해당하며 아름다운 해안 풍경을 감상하면서 여유롭게 산책을 즐길 수 있어 많은 사람이 찾는 관광명소이다. 해안을 따라 형성된 해식애를 온통 뒤덮으며 지천으로 피어있는 구절초가 볼거리이다.
주변 관광지로는 차귀도잠수함관공, 절부암, 고산리선사유적 등이 있다."
에덴호스텔,제주특별자치도 제주시 서해안로 456-12 (용담삼동),2667498,32,indoor,indoor:숙박/호텔 | outdoor:해안,B02,B0201,B02011100,숙박시설,관광호텔,게스트하우스,126.4891868158,33.5184027384,에덴 호스텔은 제주시 공항 근처 해안도로에 위치한 숙박 업소이다.
에어그라운드,제주특별자치도 서귀포시 남원읍 남태해안로 439,2744499,28,outdoor,outdoor:레포츠/산/캠핑,A03,A0302,A03021700,레포츠소개,수련시설,"야영장,오토캠핑장",126.7465642888,33.2820801862,에어그라운드 캠핑장은 서귀포 남원읍 태흥포구 옆에 있는 카라반 캠핑장이다. 이곳 카라반은 둥글고 반짝이는 모양으로 최근 인기를 끌고 있는 에어스트림 모델로만 구성되어 있다. 뿐만 아니라 제법 넓은 잔디밭을 중간에 두고 빙 둘러 카라반이 배치되어 있어 사진찍기를 좋아하는 젊은 사람들에게 특히 인기가 높다. 캠핑장 바로 앞이 바다이고 뒤로 한라산 자락이 올려다보이는 전경도 훌륭하다.
에오마르,제주특별자치도 제주시 선사로8길 13-6 (삼양일동),2783440,39,indoor,indoor:베이커리/음식점/카페 | outdoor:해변/해수욕장,A05,A0502,A05020900,음식점,한식,카페/전통찻집,126.5865781812,33.5257673656,"포르투갈어로 ‘그리고 바다’라는 뜻의 에오마르는 3층 건물 전체를 베이커리 카페로 운영한다. 전 층 엘리베이터로 이동이 가능하여 유모차나 여행 캐리어 출입이 자유로우며 1층은 커피와 베이커리를 주문할 수 있고, 1.5층 소파 좌석, 2층 라운지 테라스, 2.5층 베이커리 랩, 3층~3.5층 카페 라운지, 4층 루프탑으로 구성되어 있다. 삼양해수욕장 입구에 있어 해변으로 접근이 편리하다."
에코그린리조트,제주특별자치도 제주시 한림읍 귀덕6길 94,2605527,12,mixed,indoor:리조트/실내/호텔 | outdoor:산/야외 | mixed:관광단지/복합,A02,A0202,A02020200,역사관광지,관광단지,관광단지,126.2914864404,33.4353226964,"에코그린리조트는 제주도 한림읍 귀덕리에 위치해 있으며 호텔급 리조트 객실, 실내풀장이 갖춰진 풀빌라를 겸비한 복합형 테마 리조트 & 풀빌라이다. 바다와 한라산이 보이도록 디자인된 객실과 더불어 휴향 리조트로 4계절 내내 비즈니스 미팅, 결혼식, 각종모임은 물론 연인, 가족이 함께 즐기기에 손색이 없다. 하절기에는 야외수영장, 야외바비큐장도 운영하고 있으며, 투숙객에 한하여 주차장을 무료로 이용할 수 있다. 모든 객실에는 TV, 욕실용품 등이 있으며 주방용품이 갖춰진 부엌이 딸려 있다. 풀빌라동 객실에는 개별 바비큐장, 스파욕조, 실내풀장 등이 있어 편리하게 이용할 수 있다. 레스토랑에서는 조식뷔페뿐만 아니라 제주 향토음식을 선보이고 있다."
에코그린캠핑장,제주특별자치도 제주시 애월읍 중산간서로 5587,2755469,28,outdoor,outdoor:레포츠/캠핑,A03,A0302,A03021700,레포츠소개,수련시설,"야영장,오토캠핑장",126.3335353593,33.4442751457,"에코그린캠핑장은 제주특별자치도 제주시 애월읍에 위치하고 있다. 제주공항 20km, 제주항 22km, 제주시내권 15분 거리, 제주캠핑에 최적화된 캠핑장이다. 6X7 넓은 데크사이트, 카라반과 캠핑카 수용이 가능하며 12X8 넓은 자갈사이트가 제주에서 가장 넓은 사이트를 자랑한다. 한 텐트규모에 따라 사이트 내 사이드 주차로 편안한 오토캠핑을 즐길 수 있다. 최대 수용 인원이 사용하여도 여유롭고, 청결한 시설로 캠퍼분들에 만족도를 높였다. 캠핑장 전체를 감싸고 있는 돌담과 관리동 건물에 쌓아진 돌담이 제주 감성을 더 한다."
에코랜드 호텔,제주특별자치도 제주시 번영로 1278-169,2948165,32,indoor,indoor:숙박/호텔 | mixed:테마파크/파크,B02,B0201,B02010900,숙박시설,관광호텔,모텔,126.6681893538,33.4558430751,"제주가 숨겨둔 신비로운 숲, 곶자왈 속에 위치한 에코랜드 호텔은 청정 제주에서의 색다른 경험과 최고의 가치를 선사하는 호텔이다. 제주의 푸른 하늘과 햇살이 가득 담긴 49개의 스위트 객실을 포함한 총 200개의 객실을 갖춘 유럽 캐슬 분위기의 이색적인 호텔이다. 원시 자연 그대로의 숲과 넓고 아름다운 호수에 둘러싸여 있어 자연과 하나 되는 특별한 경험을 할 수 있다. 호수 위를 가로지르는 국내 최대 규모의 연결 다리를 건너면 만날 수 있는 수영장과 레스토랑, 그리고 다양한 부대시설이 있다. 부지 내에 함께 자리하고 있는 에코랜드 테마파크와 국내 최초 무농약 친환경 코스인 에코랜드 골프클럽 또한 함께 즐길 수 있다."
에코랜드테마파크,제주특별자치도 제주시 조천읍 번영로 1278-169,1146121,12,mixed,outdoor:공원/산 | mixed:관광단지/테마파크/파크,A02,A0202,A02020600,역사관광지,관광단지,테마공원,126.6670616591,33.4564874302,"에코랜드 테마파크는 1800년대 증기기관차인 볼드윈 기종을 모델화하여 영국에서 수제품으로 제작된 링컨 기차를 타고 3만 평의 곶자왈 원시림을 체험하는 테마파크이다. 에코랜드 테마파크가 위치한 곳은 교래 곶자왈로 지하수 함양은 물론, 보온, 보습 효과가 높아 북방한계 식물과 남방한계 식물이 공존하는 신비의 숲이다. 용암의 바위 위에 처절하고 치열한 생명의 힘으로 바위를 덮고 하늘을 막아 동식물의 낙원으로 만든 숲의 위대함을 느낄 수 있으며, 4.5㎞의 기차여행을 즐기는 동안 신비의 숲 곶자왈에서 서식하는 곤충과 동물 그리고 다양한 식물을 체험할 수 있어 자연이 우리에게 주는 무한한 혜택을 학습할 수 있는 공간이다. 에코랜드 테마파크는 자연의 섭리를 어기지 않고 풀 한 포기도 소중히 여기며 인간과 자연을 하나로 이어주는 다리가 되고자 한다. 돌과 바위의 화산 땅에 뿌리를 길게게 바위틈으로 내리고 한줄기 빛을 찾기 위해 가지를 하늘로 뻗어 질긴 생명력을 이어가는 나무를 보며 자연의 위대함을 배웠다. 그 위대함을 표현하기에 아직 표현력이 부족하지만 자연과 인간의 공존이라는 대명제를 향하여 멈추지 않고 달려갈 것이다."
에코힐글램핑,제주특별자치도 제주시 애월읍 광령평화8길 22,2747494,28,outdoor,outdoor:레포츠/캠핑/해수욕장/해안,A03,A0302,A03021700,레포츠소개,수련시설,"야영장,오토캠핑장",126.4410481043,33.4499762153,"제주시 애월읍에 자리하고 있는 에코힐글램핑은 제주공항에서 10분 거리에 있는 럭셔리한 글램핑장이다. 무료 와이파이를 사용할 수 있으며, 여름에는 안전을 위하여 어린이용과 어른용 2곳으로 나눠 수영장이 운영된다. 캠핑장에 간단하게 맥주를 마실 수 있는 맥주 바가 있어, 젊은 캠퍼들이 선호하는 캠핑장이다. 에코힐글램핑 수영장은 야간에도 수영을 할 수 있도록 곳곳에 멋진 조명이 있다. 캠핑장 주변으로는 야자수와 나무그네가 곳곳에 설치되어 있어 편하게 쉴 수 있다. 편안하게 누워 하늘을 볼 수 있는 해먹도 눈에 띈다. 주변 관광지로는 애월 해안도로, 올레 16코스, 곽지해수욕장, 이호테우해수욕장 등이 있다."
엘린호텔,제주특별자치도 제주시 은남1길 4 (연동),2594519,32,indoor,indoor:쇼핑/숙박/호텔,B02,B0201,B02010100,숙박시설,관광호텔,관광호텔,126.4954452638,33.4893532766,"호텔엘린은 제주국제공항에서 5분 거리로, 주변에 다양한 편의시설이 있다.  시내 중심가에 위치하고 있어 교통이 편리하고
관광지, 관공서, 쇼핑, 문화 등 주변 시설을 이용하기에 편리한 곳이다. 중증 장애인 직업재활시설이자 사회적 기업으로, 객실 청소, 주방 보조, 객실 예약 업무룰 장애인이 담당하고 있다. 호텔 수익금은 장애인 일자리 창출과 복지에 쓰인다. 전 객실에 침대가 있고 마루로 마감한 바닥에 온돌 난방을 해 겨울철 따뜻하게 이용할 수 있다. 패밀리 스위트에는 월풀 욕조가 구비되어 있다."
엠버리조트,제주특별자치도 제주시 1100로 2671-51 (노형동),2623827,32,indoor,indoor:리조트/숙박/호텔 | outdoor:산 | mixed:복합,B02,B0201,B02011100,숙박시설,관광호텔,게스트하우스,126.4890611940,33.4236160047,"해발 500여미터 제주만의 정취가 가득한 중산간 지대의 유일한 대형 복합 휴양리조트로써 현대인의 지친 심신을 위로하고 치유할 수 있는 온전한 휴식을 위한 쉼터이자 동시에 특별한 경험으로 가득한 복합 휴양 공간이다. 한라산의 녹음이 생생하게 다가오고 눈부신 오션뷰가 파노라마로 펼쳐지는 천혜의 자연 속에서 보내는 여유로운 시간, 특별하고 새로운 경험과 차별화된 서비스의 제공까지 완벽한 휴식을 위한 최적의 공간을 구현하였다."
여미지식물원,제주특별자치도 서귀포시 중문관광로 93 (색달동),126464,12,mixed,indoor:실내 | outdoor:공원/산/수목원/정원/폭포 | mixed:관광단지,A01,A0101,A01010700,자연관광지,국립공원,수목원,126.4145798438,33.2520782258,"여미지식물원은 중문 관광단지 북쪽에 위치하며 1132로를 타면 쉽게 갈 수 있다. 아름다운 땅이란 뜻을 지닌 여미지식물원은 커다란 온실을 지니고 있으며, 대지 11만 2200㎡의 외부 정원과 1만 1361㎡의 실내 식물원으로 구성되어 있다. 
외부 정원은 야자수와 같은 커다란 나무가 숲을 이루며, 한국, 일본, 이탈리아, 프랑스식 정원을 만들어 놓아 동, 서양의 정원을 감상할 수 있다. 총 2,300여 종의 식물이 살고 있으며, 온실 안에서는 약 절반인 1,300여 종의 식물이 살고 있다. 
실내 식물원은 중앙홀과 높이가 38m인 중앙 전망탑이 있어 중문관광단지, 천제연폭포가 한눈에 들어오며 한라산과 인근 해안선 일대를 조망할 수 있음은 물론 쾌청한 날에는 국토 최남단 마라도까지 선명하게 바라볼 수 있다. 
또한 다양한 테마로 꾸며진 정원을 볼 수 있는데, 신비의 정원, 꽃의 정원, 물의 정원, 선인장 정원, 열대 정원, 열대 과수원으로 이루어져 있다. 신비의 정원은 화산 암반석과 양치식물, 자생 식물들로 이루어져 있으며, 꽃의 정원은 열대 및 아열대 식물들로 조성되어 있다. 
물의 정원은 연못과 습지로 조성되어 있으며, 열대 정원과 열대 과수원은 열대 과수와 식물들로 조성되어 있다. 선인장 정원은 어린 왕자에도 나오는 바오바브나무를 볼 수 있다."
연대포구,제주특별자치도 제주시 외도이동,2738683,12,outdoor,indoor:몰 | outdoor:공원/산/해안,A01,A0101,A01011400,자연관광지,국립공원,항구/포구,126.4267094451,33.4950293341,"연대포구는 ‘마지리포’라고도 불린다. 이곳은 예전 제주 포구의 모습 그대로를 가장 잘 보존하고 있는 포구 중 하나다. 포구의 모습뿐만 아니라 포구 근처에 해녀 탈의장과 물질에 사용했던 테왁이나 망사리 같은 도구들이 탈의장 한편에 보관되어 있다. 
연대포구에서는 산책도 즐길 수 있다. 포구가 있는 연대마을에서 외도 1동까지 산책로를 조성했으며, 외도동 해안에는 친수공원도 만들었다. 
제주에는 해안 산책로가 예쁜 곳이 많지만 그중에서도 연대 포구 해안 산책로는 동네 주민들이 적극 추천할 정도로 일몰이 예쁘고 산책로에서 보는 포구의 모습이 평화롭다."
연돈,제주특별자치도 서귀포시 색달로 10 (색달동),2829949,39,indoor,indoor:식당/음식점,A05,A0502,A05020300,음식점,한식,일식,126.4061248696,33.2588912291,"제주도 서귀포에 있는 연돈은, 지난 2018년 SBS [백종원의 골목식당]에서 맛집으로 소개된 후 백종원 대표의 도움으로 기사회생한 돈가스집이다. 소신 있는 오너쉐프의 노력으로 부드럽고 육즙이 살아 있는 바삭한 돈가스, 고급 치즈와 돼지고기가 어우러진 치즈가스 두 가지 대표 메뉴만 판매하고 있다. 매일 100인분 한정판매로 밤새 줄 서는 집으로 유명했지만, 현재는 예약제로 바뀌었다. 여전히 예약은 어렵지만, 좋은 맛을 유지하는 것으로 고객과의 약속을 잘 지켜가고 있다."
연미정,제주특별자치도 제주시 세평항로 14,2877937,39,indoor,indoor:음식점 | outdoor:해수욕장,A05,A0502,A05020100,음식점,한식,한식,126.8538549990,33.5246662305,"연미정은 세화리 마을회관 근처에 있다. 전복요리 전문점으로 전복돌솥밥, 전복죽, 전복회, 전복구이 등을 판매한다. 기본 찬으로 고등어구이와 호박전이 포함되며 음식마다 전복을 푸짐하게 넣은 맛집으로 알려져 있다. 전복밥의 경우 전복 내장을 넣어 가마솥에 지은 후 내올 때 전복을 올리기 때문에 전복을 신선하게 즐길 수 있다. 주변 여행지로는 세화해수욕장, 세화민속오일장 등이 있다."
연북정,제주특별자치도 제주시 조천읍 조천리 2690,126463,12,outdoor,outdoor:산,A02,A0201,A02010700,역사관광지,고궁,유적지/사적지,126.6359680033,33.5402304438,"조천읍 조천리 바닷가에서 위치한 조선시대의 정자이다. 제주도 유형문화재로 지정되어 있다. 연북정은 객사(客舍)로, 원래 조천성(朝天城) 밖에 있었다고 하나 창건 연대는 미상이며, 1590년(선조 23)에 이옥절제사(李沃節制使)가 성을 동 북쪽으로 물려 쌓고 그 위에 옮겨 세워 쌍벽정(雙壁亭)이라 하였다고 한다. 교수(敎授) 곽기수(郭期壽)의 중창기에 의하면, 조천관은 바다 어귀에 있는데, 육지로 나가는 사람들이 바람을 관측하는 곳이다. 조천(朝天)이라 이름을 지은 것도 이 때문이다. 절제사 이옥이 부임한 다음 해 경인년 (庚寅年)에 막부(幕府)의 제공(諸公)과 협의하고 아전과 주민에게, ‘조천에 관을 두게 된 것은 실로 도적들이 다니는 길목의 요충이며, 왕명을 받은 사신들이 왕래하는 곳이기 때문인데, 이같이 성이 좁고 건물이 노후해서야 되겠는가, 어찌 농사를 짓는 틈틈이 개축하여 웅장하고 화려하게 하여야 하지 않겠는가.’ 하니, 모두가 옳다고 하였다. 
마침내 여러 재주 있는 역군들을 동원하여 10월에 착공하고 12월에 마쳤다. 성은 동북쪽으로 물려서 쌓고 그 위에 망루를 안치하여 쌍벽(雙璧)이라 하였다. 쌍벽(雙璧)은 청산녹수(靑山綠水)에 접하여 있다는 뜻에서 붙인 이름이라고도 한다. 그 후 선조 32년(1599)에는 성윤문(成允文) 목사가 그 건물을 중수하고 ‘임금을 사모한다’는 뜻으로 연북정(戀北亭)이라 개칭하였다. 지금의 건물은 1973년에 보수한 것인데, 보수 당시 ‘용(龍) ·가경이십오년경진이월십오일진시입주상량(嘉慶二十五年庚辰二月十五日辰時入柱上樑) · 호(虎)’라 한 명문(銘文)이 발견된 것으로 보아, 연북정은 가경(嘉慶) 25년, 즉 순조 20년(1820) 마지막으로 보수된 듯하다. 이 정자가 세워져 있는 조천포구는 화북포와 함께 관원이나 도민들이 본토를 왕래하는 관문(關門)이었을 뿐만 아니라 순풍을 기다리며 머무는 휴식처이기도 하였다. 일제강점기에는 이 정자가 경찰관 주재소로 사용되기도 하였다."
연정식당,제주특별자치도 제주시 신광로10길 29 (연동),2854121,39,indoor,indoor:식당/음식점,A05,A0502,A05020100,음식점,한식,한식,126.4867766981,33.4838148633,"제주연정식당은 제주시 연동에 위치한 고기구이 전문 맛집으로, 특히 가브리살이 맛있기로 유명하다. 이곳은 지역 주민뿐 아니라 관광객 사이에서도 입소문을 타며, 맛집 소개 프로그램에 등장한 이력도 있어 신뢰도가 높은 식당이다. 깻잎 절임과 멸치젓, 청국장이 함께 제공되는 독특한 조합이 이 집만의 별미를 만든다. 밥 위에 청국장을 올리고 멜젓을 곁들여 비벼 먹는 방식이 추천되고 있다. 이외에도 목살, 오겹살, 삼겹살, 소등심 등 다양한 고기 구이 메뉴와 함께 김치찌개, 곱창전골 같은 식사 메뉴도 준비되어 있어 고기와 국물 요리를 함께 즐길 수 있다. 든든한 한 끼를 원한다면 꼭 들러볼 만한 식당이다."
연화못(하가못),제주특별자치도 제주시 애월읍 하가로,126473,12,outdoor,outdoor:공원,A01,A0101,A01011700,자연관광지,국립공원,호수,126.3475200185,33.4547464297,"연꽃이 많은 연못이라는 뜻으로 지어진 연화못은 제주 유명한 명소인 더럭분교 인근에 있다. 넓이가 3,780여 평으로 봉천수에 의한 연못으로는 제주도에서 가장 넓으며 마을 안에 위치하고 있어 농업용수로 이용할 뿐만 아니라 연꽃, 수련, 소리쟁이, 쇠무릎 등과 각종 수생 식물을 비롯하여 어류 등 다양한 종이 서식하고 있다."
연화키친,제주특별자치도 제주시 상가로 51,2864237,39,indoor,indoor:음식점,A05,A0502,A05020100,음식점,한식,한식,126.3439926768,33.4489831231,"연화키친은 제주 더럭 초등학교 근처, 상가리사무소 근처에 위치하고 있다. 간판의 블록 조각, 크고 작은 피규어와 블록 모형이 가득한 인테리어는 주인장의 취미가 그대로 드러나며 마당에는 언젠가 이곳에 자리 잡았다는 강아지 ‘한치’가 있다. 치즈를 가득 넣은 통오징어와 함께 즉석에서 끓여 먹는 오징어치즈떡볶이가 대표 메뉴이고 상추튀김쌈, 키친크림순대는 평범한 분식에 이 집만의 특징을 살려 별미를 제공한다. 주차 공간이 넉넉한 편이다. 주변 여행지로 상가리야자숲, 연화지, 고내봉 등이 있다."
열대과일농장 유진팡,제주특별자치도 서귀포시 원님로399번길 31-7,2977041,12,outdoor,outdoor:산,A02,A0203,A02030100,역사관광지,농.산.어촌 체험,농.산.어촌 체험,126.7425272126,33.3399459590,"유진팡은 서귀포 남원읍 신흥리에 위치한 열대과일 농장이다. ‘팡’은 제주말로 쉼터를 의미하는데, 농장에 방문한 사람들이 편히 쉴 수 있기를 바라는 마음이 담겨있다. 유진팡 농장은 한국의 동남아를 꿈꾸며 국내에서 찾아보기 어려운 열대 과일을 재배하고 있는데, 주요 생산 작물로는 바나나, 파파야, 파인애플, 사탕수수, 망고스틴, 스타프루트 같은 열대작물과 감귤, 세미향 등 제주 특산물도 있다. 또한 유진팡은 이색적인 농장체험을 제공하고 있다. 체험 프로그램에는 열대농장 투어, 동물 먹이주기, 과일 시식이 포함되어 있다. 추가로 바나나따기 체험도 상시 가능하다. 따기체험을 통해 무농약 바나나를 수확하고 후숙하는 과정을 지켜보는 재미가 쏠쏠하다. 겨울엔 감귤따기, 봄엔 세미향, 금귤따기도 가능하다. 양쪽으로 동백나무를 심은 동백꽃길, 동백팡(꽃밭) 등 여행사진을 남기기 좋은 포토존이 많다. 겨울철에는 농장체험과 더불어 동백꽃도 즐길 수 있다는 점이 매력적이다."
열안지오름(봉개동),제주특별자치도 제주시 봉개동 778-2,1925369,12,outdoor,outdoor:공원/산/오름,A01,A0101,A01010400,자연관광지,국립공원,산,126.6055499659,33.4726124405,"열안지오름은 제주시 봉개동에 위치한 오름이다. 화구는 침식되어 원래의 형태가 말굽형인지 원추형인지 구분이 곤란하나 전체적인 형태로 보아 말굽형 화구였던 것으로 추정된다. 경사진 북사면에는 해송이 숲을 이루고 있으나 남사면은 경작지의 경계에서부터 띠(새)가 덮인 풀밭 오름을 이루고, 남북사면 기슭에는 명도암 마을의 개척자 고이지의 묘가 있다.
열안지오름을 줄여서 보통 열안지라고 부르며, 한자명은 열안지악, 열안악,열안산 등으로 표기되어 있고, 산 모양이 기러기가 열을 지어 날아가는 형상이라는데 연유하여 붙여진 이름으로 열안지라고도 하고, 제비가 알을 품은 형국이라 하여 연난지라고도 한다."
열안지오름(오라동),제주특별자치도 제주시 산록북로 (오라이동),1925366,12,outdoor,outdoor:계곡/공원/산/오름,A01,A0101,A01010400,자연관광지,국립공원,산,126.5207167107,33.4265967334,"열안지오름은 제주과학고등학교 서쪽 편에 위치하고 있는 표고 583m인 오라동을 대표하는 오름이다. 오름 전체가 해송과 편백나무 등이 울창한 숲으로 이루고 있고, 남동쪽에는 ‘열안지 물’이라는 샘물이 있다. 열안지의 지명은 ‘산 모양이 기러기가 줄을 지어 날아가는 형상’에서 유래했다. 제주 4·3 당시 열안지 오름 일대의 숲과 계곡은 오라리 주민들의 피신처이기도 했으며, 많은 주민들이 토벌대에 의해 희생된 눈물의 대지이기도 하다.

(표고는 583.2m, 비고는 113m, 둘레는 2,545m이며, 면적은 368,262㎡, 저경이 902m이다.)"
영국찻집,제주특별자치도 제주시 녹근로 19-15,2892282,39,indoor,indoor:음식점/카페,A05,A0502,A05020900,음식점,한식,카페/전통찻집,126.3141237647,33.4172639406,"영국찻집은 애월읍 봉성리 마을 안에 있다. 이름처럼 영국식 찻집으로 잉글리시 브랙퍼스트 등 영국 티와 밀크티, 오이샌드위치 등의 메뉴가 있다. 동화책에 나올 것 같은 외관에 영국식 탁자와 찬장, 마룻바닥, 샹들리에 등 분위기가 차분하고 사진 찍기 좋은 카페이다. 최대 4명까지 입장할 수 있고 상업사진은 미리 대관 허락을 받아야 하고 마을 길이 좁아 큰 길가에 주차하고 걸어 들어올 것을 권한다."
영실국수,제주특별자치도 서귀포시 일주서로 470 (하원동),2774868,39,indoor,indoor:음식점,A05,A0502,A05020100,음식점,한식,한식,126.4583815477,33.2544508767,"3대째 주방장이 매일 직접 뽑아내는 생면 100%를 사용한 고기국수 전문점 영실국수는 쫄깃하고 탱탱한 식감으로 유명하다. 고기국수, 짬뽕, 회국수, 돌문어 비빔밥 등 다양한 메뉴가 준비되어 있다. 스포츠투데이 주관 2017년 고객 만족 부분 대상을 차지한 업체로 고기국수, 비빔국수, 짬뽕, 돔베고기, 수육, 고기만두 등으로 구성된 가성비 좋은 영실상차림 세트가 유명하다. 또한, 4세 미만의 아이에게는 국수가 무료로 제공된다."
영육일삼,제주특별자치도 서귀포시 이어도로 679 (강정동),2872007,39,indoor,indoor:리조트/음식점 | outdoor:산,A05,A0502,A05020300,음식점,한식,일식,126.4883516177,33.2344702214,"영육일삼은 켄싱턴 리조트 서귀포점 건너편에 위치한 돈가스 전문점이다. 주문과 동시에 만들기 시작하여 제공하는 돈가스와 직접 만든 쯔유 소스를 사용한 냉우동 냉소바를 판매한다. 대표 메뉴는 우동정식과 소바정식이며 정식의 경우 돈까스와 우동, 소바가 함께 제공되어 든든한 한끼 식사가 가능하다. 쿠로까스는 생흑돼지 안심으로 조리하고 로스까스는 제주산 흑돼지 고기를 사용한다. 이 외에도 가라아게와 타코야끼 등의 사이드 메뉴를 함께 판매해 다양한 조합으로 즐길 수 있다. 가게 내부는 아기자기하고 아늑한 분위기이며 예약과 포장주문은 따로 받지 않고 있다. 주변에 함꼐 둘러보기 좋은 여행지로 법환포구, 강정포구 등이 있다."
영주산,제주특별자치도 서귀포시 표선면 성읍리,2704351,12,outdoor,outdoor:공원/산/오름,A01,A0101,A01010400,자연관광지,국립공원,산,12.79737228191,33.4042093891,"영주산은 기생화산으로 분화구는 남동쪽으로 벌어진 말굽형의 형태를 띠고 있는 독특한 곳이다. 신선이 살았던 산이라고 해서 붙여진 이름이며, 오래전부터 오름 봉우리에 아침 안개가 끼면 비가 내린다는 이야기가 전해져 내려온다. 동쪽 탐방로를 따라서만 오를 수 있고, 경사가 완만해 남녀노소 어렵지 않게 오르내릴 수 있다. 영주산은 기나긴 계단이 있는 것으로 유명하며, 계단의 끄트머리가 하늘과 맞닿아 있는 듯해 ‘천국의 계단’이라는 별명으로 불리고 있다. 영주산 정상을 오르면 오른쪽으로는 목장, 왼쪽으로는 성읍마을, 뒤쪽으로는 일출봉을 조망할 수 있다. 서쪽 방향의 기슭에는 바닥이 가마솥처럼 패어 있다 하여 ‘가메소‘라고 불리는 연못이 위치하고 있으며, 남쪽으로는 천미천이 흐르고, 주위에는 넓은 목장 지대가 조성되어 있는 것을 볼 수 있다."
예래포구,제주특별자치도 서귀포시 예래해안로 97,2740052,12,outdoor,outdoor:공원/등대/산/섬/해안,A01,A0101,A01011400,자연관광지,국립공원,항구/포구,126.3745753937,33.2335157559,"예래 포구는 올레 8코스 중간에 위치한 작은 포구로, 올레 8코스의 종점인 박수기정과 산방산의 경치, 포구와 바다를 한눈에 내려다볼 수 있는 동난드르 쉼터가 있다. 포구에서 바라보는 산방산과 형제섬뿐만 아니라 해안 길을 따라가다 보면 보이는 시가 적힌 항아리 작품들이 정취를 더한다. 예래포구에도 다른 포구들처럼 등대가 우뚝 서 있는데, 이곳을 떠나 일본에서 살던 김진황 씨가 물질을 하러 나온 사계리사람을 만나 결혼하고 자수성가하여 고향을 위해 등대를 세웠다고 한다. 하예리에 세운 하얀 등대는 남편 등대, 사계리에 세운 빨간 등대는 아내 등대라고 불리는데, 그중 하얀 등대가 바로 ‘김진황’씨의 이름을 딴 예래포구의 ‘진황등대’이다. 진황등대 옆에 자리한 갯바위는 낚시하는 사람들도 많이 찾는 곳으로, 앞바다에는 바닷물이 얕게 들어와 잠시 발을 담가 시원한 바다를 느껴보는 것도 좋다.

(출처 : 제주 문화관광 홈페이지)"
예술공간 이아,제주특별자치도 제주시 중앙로14길 21 (삼도이동),2852695,12,mixed,indoor:시장/전시 | outdoor:산 | mixed:복합,A02,A0203,A02030400,역사관광지,농.산.어촌 체험,이색체험,126.5221091172,33.5111846177,"예술공간 이아는 예전 제주대학교 병원 건물의 골조를 그대로 살린 채 리모델링하여 만든 복합문화공간으로 1년 내내 다양한 전시가 있어지는 곳이다. 전시장과 연습공간 운영 및 창의적 문화예술교육 프로그램 등을 통해 예술창작의 거점을 마련해 도민들의 문화향유 기회를 확대하고, 지역과의 긴밀한 연계를 통해 원도심 활성화에 함께한다."
옛날국수집,제주특별자치도 제주시 하귀로 56,2905366,39,indoor,indoor:음식점 | outdoor:산/해변,A05,A0502,A05020100,음식점,한식,한식,126.4031590470,33.4803694727,"옛날국수집은 하귀초등학교 근처에 있다. 메뉴는 잔치국수, 비빔국수, 제주산콩국수가 전부인 국수전문점으로 저렴한 가격에 양이 많기로도 유명하다. 잔치국수 육수는 국내산 멸치를 사용하고 비빔국수 단맛은 효소를 담가 만들며 화학조미료를 사용하지 않는다. 곱빼기는 양이 두 배며 다 먹을 경우 보통 가격과 동일하게 받고 남길 경우 곱빼기 가격을 받는다. 곱빼기 성공자는 매장에 이름을 써 준다. 주변 여행지로 하귀 1항, 내도 알작지 해변 등이 있다."
옛날팥죽,제주특별자치도 서귀포시 성읍민속로 130,2847852,39,indoor,indoor:음식점 | outdoor:산/해수욕장,A05,A0502,A05020100,음식점,한식,한식,126.7989489935,33.3885998263,"옛날팥죽은 성읍민속마을 옆에 있다. 말 그대로 옛날식 팥죽 전문점으로 새알심이 푸짐하게 들어 있다. 너무 달지 않고, 부드럽고 구수한 맛으로 도민 맛집이었는데, 몇 해 전 유명 연예인 맛집으로 TV 프로그램에 소개되면서 전국적인 인기를 얻게 되었다. 대표 메뉴인 새알팥죽은 2인분부터 주문 가능하다. 주변 여행지로 성읍민속마을과 영주산, 표선해수욕장 등이 있다."
오는정김밥,제주특별자치도 서귀포시 동문동로 2,2831635,39,indoor,indoor:시장/음식점 | outdoor:산/폭포,A05,A0502,A05020100,음식점,한식,한식,126.5675888551,33.2496475788,"제주 서귀포 여행자의 거리에 있는 오는정김밥은 1985년부터 시작해 2대째 운영되고 있는 제주의 김밥 맛집이다. 줄을 서서 받는 예약이 있을 정도이며, 밥에 양념하고 김밥 소로 유부튀김을 넣는 것이 특징이다. 제주산 재료와 정성으로 만든 전통 김밥으로 관광객 뿐 만 아니라 제주 도민도 자주 찾는 신뢰받는 맛집이다. 메뉴는 원조 오는정김밥을 비롯해 치즈김밥, 떡갈비김밥 등 여섯 가지다. 포장 전문점으로 운영되어, 매장에서의 식사 서비스는 제공하지 않고 있다. 천지연폭포, 정방폭포, 그리고 서귀포 매일 올레시장과 가까운 위치 덕분에 제주 여행 중 방문하기에 좋다."
오늘은 녹차 한잔 카트레이싱,제주특별자치도 서귀포시 표선면 중산간동로 4776,2774821,28,mixed,indoor:카페 | outdoor:레포츠,A03,A0302,A03020600,레포츠소개,수련시설,카트,126.7905304385,33.3815976865,"연중무휴 언제나 즐길 수 있는 제주의 카트 체험장이다. 브레이크 페달을 밟으면서 방향에 맞게 핸들을 돌리면 되기에 조작 법이 아주 어려운 것은 아니나 다른 차와의 충분한 안전 거리를 확보하고 운전하는 것이 좋다. 일방통행으로 달리되, 정해져 있는 코스 주행 횟수가 따로 있는 것이 아니기 때문에 여유롭게 즐길 수 있다. 1층에는 기념품 가게, 2층에는 카페도 마련되어 있다. 녹차밭도 같이 운영하고 있기 때문에 경관이 좋다. 안전을 위한 헬멧 외에도, 혹여나 치마를 입고 온 관광객들을 위한 편안한 바지가 준비되어 있다."
오늘은녹차한잔,제주특별자치도 서귀포시 표선면 중산간동로 4772,2791213,39,indoor,indoor:베이커리/음식점/카페 | outdoor:산,A05,A0502,A05020900,음식점,한식,카페/전통찻집,126.7912859405,33.3810894210,"오늘은녹차한잔은 제주 현지 생산 유기농 녹차를 기반으로 한 메뉴가 특징인 카페이다. 호지차 아이스크림과 말차 아이스크림은 진한 맛으로 사랑받고 있으며, 넓은 주차장과 깔끔한 내부 시설이 장점이다. 오늘은녹차한잔을 방문하면 녹차밭 구경부터 베이커리 카페는 물론 녹차 족욕 체험 그리고 동굴까지 볼 수 있다. 1층에는 녹차 관련 기념품 숍과 족욕 체험실이 있고, 2층에 베이커리 카페가 있다."
오드랑베이커리,제주특별자치도 제주시 조함해안로 552-3,2808937,39,indoor,indoor:베이커리/음식점/카페 | outdoor:해수욕장,A05,A0502,A05020900,음식점,한식,카페/전통찻집,126.6715954192,33.5421641344,"오드랑베이커리는 함덕해수욕장 인근에 위치한 베이커리로 커피와 빵을 판매하고 있다. 다양한 빵을 판매하는데 그 중 제주어로 마늘을 뜻하는 마농바게트와 에그타르트가 인기 메뉴이다. 빵 종류가 다양하고 재료가 풍부하게 들어가 있어 만족도가 높으며, 매장 내 취식도 가능하다. 커피와 티도 있어 베이커리와 함께 즐길 수 있다. 가게 앞에 전용 주차장이 마련되어 있어 접근성이 좋아 현지인은 물로 관광객들도 많이 방문하고 있다."
오뚜기빵집,제주특별자치도 서귀포시 남원읍 태위로 129,2864309,39,indoor,indoor:음식점,A05,A0502,A05020200,음식점,한식,서양식,126.6611773948,33.2751462540,"오뚜기빵집은 제주 위미농협 건너편에 위치한 정겨운 분위기의 빵집이다. 이곳은 마치 옛 동네 골목에 있던 빵집을 떠올리게 하는 아날로그 감성이 가득한 곳으로, 특히 여행자들 사이에서는 ‘빵지순례’ 코스로 소문이 났다. 대표 메뉴인 사라다 햄버거는 양배추를 듬뿍 넣고 케첩과 마요네즈를 섞은 소스로 맛을 내어, 학교 매점에서 사 먹던 추억의 햄버거 맛을 떠올리게 한다. 이 외에도 맘모스빵, 오꾸시, 찹쌀빵 등 요즘 보기 드문 옛날식 빵들을 다양하게 판매하고 있다. 오뚜기빵집의 인기에 힘입어 현재는 제주 도두동에 2호점도 운영 중이다. 소박하지만 정겨운 분위기 속에서 옛날식 빵을 즐긴 후에는 인근의 위미항이나 쇠소깍 등 제주 남부의 아름다운 자연 명소들을 함께 둘러보는 것도 좋은 코스가 된다."
오라숲소리,제주특별자치도 제주시 오라로 80,1896538,39,indoor,indoor:식당/음식점/전시,A05,A0502,A05020100,음식점,한식,한식,126.5117825919,33.4955500733,"제주향토음식과 본토음식을 접목했다는 평을 받는 ‘매화한정식’ 은 30여년간 중학교 영어교사를 하던 식당 주인이 어머니의 손맛을 기억하며 만들어낸 한상차림이다. 샐러드와 닭가슴살 양장피, 부추전, 자체 개발한 우럭탕수, 보쌈, 흑돼지떡갈비, 옥돔구이 등이 가족여행객들에게 인기가 많다. 신문 방송에도 ‘소문난 맛집’으로 소개되었다. 유명 연예인, 정치인, 학자, 체육인 등  다양한 내방객이 남긴 사인 전시도 눈길을 끈다. 제주공항과는 자동차로 5~7분 거리여서, 공항에 도착했을 때나 여행을 마치고 공항으로 가는 길에 들리기 좋은 모범음식점이다. 2층에는 50~60명이 함께 식사할 수 있는 연회실이 있다.

(출처 : 제주 문화관광 홈페이지)"
오라컨트리클럽,제주특별자치도 제주시 오라남로 130-16 (오라이동),131268,28,outdoor,outdoor:계곡/레포츠/산,A03,A0302,A03020700,레포츠소개,수련시설,골프,126.5132502034,33.4482081134,"오라컨트리클럽은 영주십경중의 하나인 한라산 영구춘화 계곡을 따라 그림처럼 펼쳐지는 2,018,369㎡의 대자연 위에 국제수준의 36홀 코스를 갖춘 제주도의 대표적인 골프장이다. 쾌적하고 다양한 부대시설을 갖추어 365일 연중무휴로 푸른 잔디 위에서 라운딩이 가능하며, One Caddie One Bag System 운영과 차별화된 고객서비스를 제공한다."
오랑우탄면사무소,제주특별자치도 서귀포시 산방로 367-1 1층,2904375,39,indoor,indoor:식당/음식점 | outdoor:산/해안,A05,A0502,A05020700,음식점,한식,이색음식점,126.2975710170,33.2311675843,"오랑우탄면사무소는 사계리사무소 근처에 있다. 제주의 식재료를 이용해 탄탄면을 요리하는 단일메뉴 식당으로 매운 정도는 주문할 때 조절할 수 있다. 면, 온천 계란, 고수 등 취향에 따라 추가 주문을 할 수 있고 곁들임 요리로 오이무침이 있다. 밥은 무료 제공이고 온천계란에는 카레가루가 뿌려 나온다. 내부에는 가게 이름처럼 오랑우탄 장식과 소품이 많고 굿즈로 티셔츠도 판매한다. 주변 여행지로 산방산, 사계 해안 등이 있다."
오레브핫스프링앤스파,제주특별자치도 서귀포시 태평로 152 (호근동),3343597,12,mixed,outdoor:산/야외 | mixed:관광단지,A02,A0202,A02020300,역사관광지,관광단지,온천/욕장/스파,126.5382665380,33.2433228122,"제주 서귀포에 위치한 오레브핫스프링앤스파는 제주에서 유일하게 행정안전부로부터 보양온천으로 지정된 프리미엄 온천 스파이다. 지하 2,003m에서 솟아나는 탄산온천수는 유익한 광물질이 풍부하여 건강 증진과 심신의 피로 회복 효과를 발휘한다. 일식 바데풀, 야외 인피니티풀, 8개의 노천탕, 아로마사우나 등 다양한 수(水)치료 시설을 갖추고 있어 모든 연령대의 방문객들이 건강과 즐거움을 동시에 누릴 수 있다. 또한, 7개의 특색 있는 찜질스파와 핀란드 사우나, 편백나무 네이처룸 등 다양한 찜질 및 사우나 경험을 제공한다. 가족과 함께 방문해 몸과 마음의 회복을 돕는 스파를 경험해 보는 것을 추천한다."
오른,제주특별자치도 서귀포시 성산읍 해맞이해안로 2714,2845353,39,indoor,indoor:베이커리/음식점/카페 | outdoor:산/정원/해안,A05,A0502,A05020900,음식점,한식,카페/전통찻집,126.9157675160,33.4718314066,"카페 오른은 봄에는 유채꽃, 여름에는 해바라기, 가을에는 아름다운 억새가 피는 정원이 있는 카페로 성산고등학교 근처 해안도로에 위치해있다. 노출콘크리트와 통창 유리, 낮은 수조로 시선을 사로잡는 외관과 모던하고 심플한 인테리어, 창밖으로 보이는 바다와 우도 풍경으로 인기 있는 대형카페이다. 오른 라테와 같은 시그니처 음료가 있으며 시즌 메뉴와 크로와상과 함께 제공되는 브런치, 다양한 디저트와 베이커리류가 있다. 또한 어린아이들을 위한 키즈메뉴도 있어 아이와함께 방문하기에도 아주 좋다. 주변에 우도, 성산일출봉, 지미봉 등이 가까이 있어 올레 1코스의 아름다운 관광지가 있어 함께 둘러보기에도 좋다."
오만정성 제주협재점,제주특별자치도 제주시 일주서로 5083 1층,2904992,39,indoor,indoor:식당/음식점 | outdoor:공원/산/해수욕장,A05,A0502,A05020100,음식점,한식,한식,126.2504521543,33.3890799473,"한식당 오만정성은 협재리 일주서로 변에 있다. 갈치 조림에 제주산 고사리를 넣은 고사리갈치조림이 대표메뉴로 달고 고소한 갈치살과 통통한 고사리의 조화가 별미이다. 해물전골은 문어, 새우, 전복, 게, 파, 고추 등이 큼직큼직하게 들어 있어 보기에도 좋고 국물도 진하고 풍성하다. 모든 메뉴 포장할 수 있으며 어린이들을 위한 음료를 준비하는 등 가족 여행자들이 방문하기에 좋다. 주변 여행지로 협재해수욕장, 한림공원 등이 있다."
오백나한,제주특별자치도 서귀포시 하원동,1926354,12,outdoor,outdoor:계곡/공원/산/섬,A01,A0101,A01010400,자연관광지,국립공원,산,126.5027115669,33.3545294146,"이곳은 백록담, 물장올과 함께 한라산 3대 성소 중의 하나로서 이 계곡에 돌기둥이 울창한 숲사이를 뚫고 서 있어 마치 장군이 서 있는 것 같기도 하고 나한불상이 공대하여 서 있는 것 같기도 하다. 서쪽 벽 역시 바위기둥이 한데 붙어 서 있어 마치 장삼으로 예장한 불이 공대하여 서 있는 것 같다. 이 바위를 모양에 따라 병풍바위라 부르고 동쪽 바위를 오백나한, 오백장군, 석라한, 영실기암이라 한다. 이 계곡의 웅장하고 둘러친 모습이 마치 석가여래가 불제자에게 설법하던 영산과 비슷하다 해서 영실이라고 불리워졌다고 하며, 이들 기암 괴석은 또한 억센 나한들과 같다하여 오백나한이라고 부른다. 동쪽 암벽에는 흰진달래, 섬바꽃, 어수리, 구상나무, 주목, 제주백회, 고채나무 등 특수 수종들이 한대성 원시림을 이루고, 서쪽 암벽에는 섬매자, 시로미, 주목, 병꽃 등 관목이 주수종을 이루면서 희귀식물이 자생하고 있으며, 계곡 하나를 사이에 두고 온대와 한대가 마주 보고 있는 특수 지역이기도 하다. 또, 지질학적으로도 서쪽 병풍바위는 잘 발달된 주상절리층이지만 동쪽의 기암은 모두 용암이 약대지층을 따라 분출하다가 그냥 굳어진 것으로 하나하나가 용암분출에 의해 형성된 것이다. 암석은 조면질안산암이며 이 절리대를 따라 용출된 지하수가 복류하여 강정천의 발원지가 되고 있다."
오션힐스테이,제주특별자치도 서귀포시 안덕면 사계북로 208,2626800,32,indoor,indoor:숙박/호텔 | outdoor:산/섬,B02,B0201,B02011100,숙박시설,관광호텔,게스트하우스,126.3088143604,33.2368032498,"바람이 머무는 언덕, 산방산의 절경과 제주의 푸른 바다와 그 안의 형제섬, 송악산이 눈 앞에서 펼쳐지는 곳. 솔 향기 그윽한 산방산에 기대어 바라보는 제주의 바다 지척의 형제섬, 송악산, 저 멀리 박무처럼 아련한 마라도까지 치열한 일상의 쉼표처럼 내 안에 펼쳐지는 휴식과 창조의 지평 자연이 허락한 그 지평 위에 아드리아풍의 디오션힐이 있다."
오스모시스,제주특별자치도 제주시 해맞이해안로 1026 주 1동 1층,2903088,39,indoor,indoor:음식점/카페 | outdoor:해변/해수욕장/해안,A05,A0502,A05020900,음식점,한식,카페/전통찻집,126.8308899530,33.5407946303,"오스모시스는 제주시 구좌읍 해맞이 해안로 한동리 바닷가에 있다. 부모님이 직접 농사지은 당근으로 주문과 동시에 착즙하는 100% 구좌 당근주스와 유기농 원당을 사용해 만드는 당근 케이크가 대표 메뉴이며 고메버터스콘, 바스크치즈케이크, ABC주스도 맛볼 수 있다. 빈티지 LP 사운드의 음악을 들을 수 있는 오션 뷰 카페로 모든 디저트는 당일분만 직접 만들어 판매한다. 주변 여행지로는 평대 해변, 코난 해변, 월정리 해수욕장 등이 있다."
오전열한시,제주특별자치도 서귀포시 상예로 248,2756100,39,indoor,indoor:음식점,A05,A0502,A05020100,음식점,한식,한식,126.3942757212,33.2667762829,"서귀포시 중문에 있는 오전 열한 시는 퓨전 한식을 만드는 곳이다. 메뉴는 남녀노소 누구나 좋아할 만한 동치미국수와 수육, 전복 볶음밥, 간장 새우밥이 딱 세 메뉴이다. KBS <배틀트립> 신화 편 (108회)에 나와 웨이팅이 다소 길 수 있지만 매장을 둘러싼 야자수, 나무, 꽃들 사이로 놓인 벤치에서 기분 좋게 사진 찍으며 기다릴 만하다. 시원한 동치미 국수에 돼지고기를 싸 먹거나 3일 숙성한 간장새우에 참기름 고소한 덮밥을 먹거나 땅콩소스를 곁들인 전복 볶음밥을 먹으며 하루를 만끽할 수 있다. 간장새우밥에 고추냉이를 얹어 먹으면 더 맛있다고 한다."
오조마을,제주특별자치도 서귀포시 성산읍 오조로 85 (성산읍),129071,12,outdoor,indoor:식당 | outdoor:산/오름,A02,A0203,A02030100,역사관광지,농.산.어촌 체험,농.산.어촌 체험,126.9229030466,33.4701955919,"오조마을은 성산일출봉에 해가 뜨면 가장 먼저 빛을 받는다는 뜻에서 지명을 유래했다. 사시사철 해상 유람선 관광과 낚시가 가능하고, 1996년도 해양수산부에서 지원한 어촌종합개발사업으로 민박 시설과 식당들을 갖췄다. 가족 단위 관광지로 적합하며, 해녀들이 직접 잡은 싱싱한 수산물을 맛볼 수 있다. 어둠이 걷히면서 초록빛 들판과 알록달록한 원색 지붕, 낮은 돌담이 모습을 드러내어 정겨운 풍경 속에서 조용히 산책하기 좋다. 축제식 오조양어장에서는 뱀장어, 숭어, 우럭, 넙치 등이 자연 서식하고, 양어장 북쪽에는 푸른 대나무와 울창한 소나무가 있는 식산봉이 자리 잡고 있다. 바다를 가로지며 걸을 수 있는 올레2코스 산책로를 따라 제주의 아름다운 자연 풍경을 한눈에 담을 수 있고, 중간에 식산봉으로 빠져 오름을 오르면 우도까지 조망할 수 있다."
오조포구,제주특별자치도 서귀포시 성산읍 오조로 33,2742256,12,outdoor,outdoor:공원/둘레길/산/해안,A01,A0101,A01011400,자연관광지,국립공원,항구/포구,126.9149845836,33.4573829903,"한적하고 조용한 마을에 위치한 오조포구는 바다 위로 성산 일출봉의 모습이 보이는 풍경이 아름다운 곳이다. ‘오조(吾照)’는 '일출봉에 해가 뜨면 제일 먼저 나를 비춘다'라는 의미이다. 주변에는 산책하기 좋은 둘레길이 있어 이곳만의 경치를 만끽하며 여유로운 산책을 즐길 수 있다. 오조리 마을과 연결된 나무다리가 있는데, 이 다리를 거닐면 바다 위를 걷는 듯한 기분을 느낄 수 있다. 올레 2코스가 지나가는 곳이라 도보 여행객들도 잠시 머물며 성산 일출봉과 바다가 어우러진 경치를 즐기다 가곤 한다. 인근의 식산봉에 올라 푸른 나무와 맑은 공기 속에서 오조포구의 풍경을 감상하는 것도 좋다. 재미를 주는 볼거리나 눈길을 사로잡는 화려함은 없지만, 바다의 풍경과 성산 일출봉, 주위 자연경관들이 어우러져 멋진 풍경을 연출하는 곳으로 제주 해안마을의 한적함을 느낄 수 있다."
오조해녀의집,제주특별자치도 서귀포시 성산읍 한도로 141-13,404168,39,indoor,indoor:식당/음식점 | outdoor:등대/산,A05,A0502,A05020100,음식점,한식,한식,126.9223003307,33.4697761845,"성산 일출봉에서 제주 방향으로 방조제를 건너면 등대를 닮은 하얀 건물이 보이는데 이곳이 오조리 어촌계에서 직영하는 해녀식당 오조리 해녀의 집이다. 이곳 메뉴는 전복, 소라, 해삼 등의 해산물 이름만이 적혀있다. 싱싱한 재료의 맛을 온전히 맛볼 수 있는 회나 구이가 주가 되고 그 중 가장 인기 있는 메뉴는 역시 전복죽이다."
오짜장,제주특별자치도 제주시 조공포길 36 (외도일동),2840638,39,indoor,indoor:실내/음식점 | outdoor:산/해변,A05,A0502,A05020400,음식점,한식,중식,126.4341228251,33.4890245608,"제주 오짜장은 제주국제공항과 가까운 외도동에 위치한 중화요리 전문점이다. 대표 메뉴는 신선한 해산물과 채소를 듬뿍 사용해 얼큰하고 매콤하게 맛을 낸 짬뽕이다. 짬뽕 외에도 다양한 중화요리가 준비되어 있어 취향에 따라 골라 먹을 수 있다. 실내 공간이 넓고 테이블 수가 많으면서 룸도 마련되어 있어 가족 외식이나 단체 모임을 하기에도 적합하다. 인근에는 내도 알작지 해변, 이호테우 해변 등 아름다운 제주의 바다를 감상할 수 있는 여행지가 있어 식사 전후로 함께 둘러보기 좋다. 제주도의 맛과 풍경을 함께 즐길 수 있는 중화요리 맛집으로 추천할 만한 곳이다."
오현단,제주특별자치도 제주시 오현길 61 (이도일동),126462,12,unknown,,A02,A0201,A02010700,역사관광지,고궁,유적지/사적지,126.5255810579,33.5102931048,"조선시대에 이곳 제주도에 유배되거나 방어사로 부임하여 이 지방의 교학 발전에 공헌한 다섯 분(5현)을 기리고 있는 제단으로, 이들의 위패를 모시던 귤림서원의 옛 터에 마련되어 있다. 5현은 중종 15년(1520)에 유배된 충암 김정 선생, 중종 29년(1534)에 제주목사로 부임해 온 규암 송인수선생, 선조 34(1601)에 안무사로 왔던 청음 김상헌선생, 광해군 6년(1614)에 유배된 동계 정온 선생, 숙종 15년(1689)에 유배된 우암 송시열 선생 등 다섯 분이다. 고종 29년(1892) 제주사람 김의정이 중심이 되어 비를 세우고 제단을 쌓아놓았는데, 원래는 선조 11년(1578) 임진이 목사로 있을 때, 판관 조인준이 가락천 동쪽에 충암 김정을 모시기 위한 충암묘를 지은 것이 그 시초이다. 현종 6년(1665) 판관 최진남이 이 묘를 장수당 남쪽인 지금의 자리로 옮겨놓은 뒤, 숙종 8년(1682) 예조정랑 안건지를 제주도에 파견하여 ‘귤림서원’이라는 현판을 하사하여 김정 선생·송인수 선생·김상헌 선생·정온 선생 등 네 분의 위패를 모시도록 하였다. 숙종 21년(1695) 송시열 선생도 함께 모시면서 5현을 배향하게 되었으나, 고종 8년(1871) 서원 철폐령이 내렸을 때 서원이 헐리게 되어, 그 터에 이 제단을 설치하게 되었다. 단내에 있는 5현의 자취로는 철종 7년(1856) 송시열 선생의 글씨로 하여 판관 홍경섭이 바위에 새긴 ‘증주벽립’이라는 글씨와, 김정 선생과 송시열 선생의 ‘적려유허비’가 남아있다."
오후새우시,제주특별자치도 서귀포시 천제연로 184 (중문동),2847770,39,indoor,indoor:쇼핑/음식점 | outdoor:오름,A05,A0502,A05020100,음식점,한식,한식,126.4241956865,33.2516145391,"오후새우시는 제주특별자치도 서귀포시 중문동우체국 근처에 위치해있다. 오후 세 시를 좋아하는 동생과 새우를 요리하는 오빠가 만나 문을 열었다. 이곳의 메뉴는 바삭갈릭새우, 와사마요게살김밥, 허니마요게살김밥, 꽃게가 들어간 딱!새우시 라면 등 다양하면서도 이색적인 메뉴가 준비되어 있다. 새우 메뉴는 새우튀김과 밥, 빵이 어우러져 식사용으로 충분하며 길가 작은 매장으로 도시락을 싸 가기 좋다. 인근에는 제주 자연의 아름다움을 느낄 수 있는 베릿네오름, 대포주상절리, 쇼핑을 즐길 수 있는 제주관광공사 중문면세점 등이 있어 여행 코스에 함께 포함하기에도 좋다. 오후새우시는 소박하지만 감성 가득한 한 끼를 즐길 수 있는 특별한 공간이다."
옥돔마을,제주특별자치도 서귀포시 남원읍 남태해안로 509,3030120,39,indoor,indoor:식당/음식점/카페 | outdoor:산/해변,A05,A0502,A05020100,음식점,한식,한식,126.7495194632,33.2875907365,"태흥2리 어촌관리공동체 음식점인 옥돔마을은 바닷가 바로 앞에 있어 경매장에서 사 온 당일바리 옥돔의 신선한 재료로 손맛 좋은 음식을 제공하여 현지인들에게도 인기 있는 맛집이다. 옥돔은 제주어로 솔래기, 솔라니라고 불리는데 비린내가 없고, 담백한 풍미의 흰 살 생선으로 황금빛 줄무늬가 꼬리지느러미에 있는 것이 특징이다. 옥돔마을에서는 가성비 좋은 정식메뉴들, 해물탕, 갱이죽, 옥돔마을 세트, 구이류와 조림류 등 다양한 메뉴들로 선택의 폭이 넓고 반찬 가지 수도 많다. 특이 제주 전통 갱이죽으로도 유명한 곳인데, 갱이는 바닷가에서 잡은 작은 게를 말하고 갱이죽은 그 게를 갈아 쌀과 함께 끓인 죽이다. 입식과 좌식 테이블 공간이 나눠져 있으며, 옥돔마을 식당 앞은 옥돔을 잡으러 가는 배들이 가득한 대흥 포구로 방파제를 산책하면 탁 트인 제주 남원 바다가 보기 좋다. 옥돔 위판장 주변으로 옥돔마을 해변을 바라볼 수 있는, 마을 사람들이 직접 만들어가는 마을카페 간이 옥돔역이 있으니 함께 들러 볼 수 있다. 카페에서는 지역농산물을 이용한 레시피를 직접 개발해 다양한 음료와 디저트를 만날 수 있다."
옥란면옥,제주특별자치도 제주시 신북로 163 1층,2905025,39,indoor,indoor:음식점 | outdoor:산,A05,A0502,A05020100,음식점,한식,한식,126.6308324444,33.5355947635,"옥란 면옥은 제주시 조천읍 조천 초등학교 근처에 있는 냉면 전문점으로 제주도와 백령도의 특산물로 만드는 황해도식 메밀냉면을 맛볼 수 있다. 면은 100% 제주산 메밀가루를 사용하고, 물냉면의 경우 24시간 사골로 우려낸 육수에 제주도 무로 담근 동치미 국물을 더해 시원하고 담백한 맛을 낸다. 비빔 양념장은 과일을 직접 갈아 만들고 김치는 제주 무와 배추로 직접 담근다. 백령도 특산품인 까나리 액젓은 깊은 맛으로 풍미를 더한다. 냉면 외에 녹두빈대떡, 제주 수육, 옥란 식혜 등이 있고 가까운 곳에 조천포구, 연북정, 조천만세 동산이 있어 연계 관광이 가능하다."
온가족이 함께 떠나는 제주 중문단지여행,,2372025,25,unknown,,C01,C0112,C01120001,가족코스,가족코스,가족코스,126.3938447260,33.4121657625,"제주도는 휴양의 도시고 가족이 함께 떠나 즐기기 좋은 체험지이기도 하다. 어린 아이를 데리고도 여행이 가능한 중문단지의 볼기리, 체험거리, 맛볼거리를 두루섭렵해 보자. 여기만 보아도 아쉬울 것이 없다."
온더스톤 브런치카페 제주성산점,제주특별자치도 서귀포시 성산읍 해맞이해안로 2746 H동 1~2층,3030250,39,indoor,indoor:음식점/카페/펜션 | outdoor:산,A05,A0502,A05020200,음식점,한식,서양식,126.9182256717,33.4702982825,"성산읍에 2016년에 오픈한 오조리 바다를 바라보며 브런치를 제대로 즐길 수 있는 카페이다. 흑돼지버거가 대표메뉴로 딱새우 오일파스타와 오픈 샌드위치 등 브런치 카페답게 다양한 메뉴를 갖추고 있고, 푸짐한 양과 질 좋은 재료로 정성을 다하는 맛으로 고객들의 만족도가 매우 높은 편이다. 커피, 스무디, 맥주 등 다양한 음료를 즐길 수 있는 음료 라인업도 매력 포인트이다. 매장 이용 고객들은 음료나 식사메뉴 중 1인 1 메뉴 필수이며 1층에서 주문한 후 2층에서 진동벨이 울리면 주문한 음식을 픽업하여 식사하도록 되어 있고, 물과 식기류는 셀프서비스이다. 매장 내부도 우드 테이블과 조명이 아늑한 분위기로 넓고 예쁘게 꾸며져 있고, 2층 통유리창가 일자테이블의 오션뷰 자리를 사수 못해도 창문너머의 탁 트인 전망을 즐길 수 있으니 단체, 가족, 연인들의 취향껏 테이블을 고를 수 있다. 
성산일출봉 가는 길목에 위치하여 성산일출봉 갔다가 혹은 가기 전에 잠시 들려 휴식을 취하기 좋으며, 아기 의자도 마련되어 있고 애견동반(소형견)이 가능한 카페여서 어린아이와 애견동반 여행객들에게 더욱 매력적인 카페이다. 또한 카페 옆에 바비큐가 가능한 온더스톤 펜션이 있는데 펜션 투숙객들에겐 할인가격으로 조식메뉴를 제공한다고 하니 제주 성산방향으로 여행계획을 세울 때 참고하면 좋겠다."
온차,제주특별자치도 제주시 서부두남길 12,2857388,39,indoor,indoor:박물관/음식점 | outdoor:산,A05,A0502,A05020300,음식점,한식,일식,126.5276835417,33.5151842636,"온차는 제주 원도심 산지천 옆 북수구광장 근처에 있다. '온차'는 제주 사투리로 ‘통째’라는 뜻을 가지고 있으며, 제주 식재료를 오롯이 소개하고자 하는 의미를 담았다고 한다. 계란을 부드럽게 풀어 모양을 낸 회오리 오므라이스와 제주 흑돼지로 만든 등심 돈가스, 한정 메뉴인 치즈돈가스가 있으며 계절 메뉴로 소바 세트가 있다. 주변 여행지로 제주 원도심, 산지천, 제주민속자연사박물관 등이 있다."
올드북촌,제주특별자치도 제주시 일주동로 1437 1층,2903123,39,indoor,indoor:기념관/미술관/음식점/카페/펜션,A05,A0502,A05020900,음식점,한식,카페/전통찻집,126.6883438872,33.5455418078,"올드북촌은 제주시 조천읍 북촌리 일주동로 너븐숭이 4·3 기념관 근처 북촌 플레이스 펜션 1층에 있다. 북 카페로 운영되고 있으며 이름처럼 오래된 책들을 색깔별로 정리해 놓았다. 책을 읽기 편하게 다양한 소파와 의자, 테이블이 준비되어 있으며 아이들이 좋아할 만한 그림책도 있다. 펜션과 함께 운영하며 SNS를 통해 추천작도 소개한다. 대표 메뉴는 대봉감 스무디인 따봉대봉, 여름 시즌에는 돌하르방 팥빙수 등이 있다. 주변 여행지로 너븐숭이 4·3 유적지, 돌하르방 미술관 등이 있다."
올드패션,제주특별자치도 서귀포시 일주동로 8661 (서귀동),2904395,39,indoor,indoor:음식점/카페,A05,A0502,A05020900,음식점,한식,카페/전통찻집,126.5629613938,33.2533859821,"올드패션은 미국의 작은 시골집을 재현한 카페로 구옥을 개조하여 흰색과 민트색으로 외관을 꾸미고 오래되고 낡은 느낌의 다양한 빈티지 소품과 가정식 소파, 식물과 그림 등으로 세심하게 배치하여 특별한 감성을 느낄 수 있다. 스페셜티 커피를 핸드 드립으로 제공하고 더비파이, 스위티올드 등 시그니처 메뉴가 있다. 독특한 음료 메뉴가 많아 다양하게 즐길 수 있다."
올디벗구디,제주특별자치도 서귀포시 일주서로 330,2859054,39,indoor,indoor:음식점/카페 | outdoor:산/야외 | mixed:월드,A05,A0502,A05020900,음식점,한식,카페/전통찻집,126.4734719380,33.2529873880,"올디벗구디는 서귀포 도순마을 복지회관 근처에 있다. ‘낡았지만 좋은 것’이라는 카페 이름의 뜻처럼 구옥을 개조한 카페는 심플함과 빈티지 함이 조화롭다. 진한 크림을 올린 올디커피와 브라운 치즈를 올린 크로플, 쿠키가 인기 메뉴이고, 치즈케이크, 바게트샌드위치 등 디저트와 샌드위치 포장 손님도 많다. 카페 내부는 노키즈 존이고 야외는 어린이들도 방문할 수 있다. 주변 여행지로 한국야구명예전당, 고근산, 제주월드컵경기장 등이 있다. 
※ 반려동물 동반 가능(1층 내부, 야외)"
올래국수,제주특별자치도 제주시 귀아랑길 24,1827714,39,indoor,indoor:음식점,A05,A0502,A05020100,음식점,한식,한식,126.4972061735,33.4914891794,올래국수는 제주시 연동에 있는 제주 고기국수 음식점이다. 고기국수 단일메뉴만 취급하며 두툼한 고기와 중면이 구수한 사골국물과 어우러져 깊은 맛을 자랑한다. 다수 방송에 소개된 맛집으로 설렁탕보다 진한 국물로 손님의 입맛을 사로잡았다. 오픈부터 웨이팅이 있을 정도로 북적이며 자리에 앉으면 국수가 바로 나온다. 돼지 뼈와 고기를 넣고 푹 끓인 육수에 중간 크기 면을 맛 정통 제주 고기국수의 맛을 느낄 수 있다. 큼직한 돼지고기를 듬뿍 넣은 덕분에 한 그릇 먹고 나면 마음까지 든든해진다.
올레안뜰,제주특별자치도 서귀포시 법환로 24 (법환동),2765214,39,indoor,indoor:식당/음식점,A05,A0502,A05020300,음식점,한식,일식,126.5128244343,33.2372591895,"제주 전통 가옥을 개조한 식당으로 어마어마한 크기의 흑돼지 돈가스로 유명하다. 신선한 흑돼지를 두툼하게 썰어 바삭하게 튀겨내며, 성인 손바닥 4개 정도의 크기인데, 2인이 먹어도 배가 부를 정도로 양이 푸짐하다. 올레안뜰은 내부가 아늑하고 편안한 분위기로, 여유롭고 따뜻한 느낌을 주어 더욱 편안한 식사를 즐길 수 있다. 돈가스와 함께 햄버거를 만들어 먹을 수 있도록 모닝빵과 양상추샐러드 등을 함께 내어준다."
옹포천어울공원수영장,제주특별자치도 제주시 한림읍 월계로 21,2864448,28,outdoor,outdoor:공원/레포츠/해변/해수욕장,A03,A0303,A03030700,레포츠소개,윈드서핑/제트스키,수영,126.2551486564,33.4030312553,"옹포천어울공원수영장은 제주도 서쪽 지역에 위치한 여름철 한정 무료 수영장으로, 매년 7월에서 8월 사이에 개장한다. 수영장은 제주 서부 지역의 주요 상수원 중 하나인 옹포천의 깨끗한 물을 사용하며, 용천수이기 때문에 물이 차갑고 시원한 것이 특징이다. 어린아이도 안전하게 물놀이를 즐길 수 있도록 조성되어 있다. 수영장 내에는 족욕장과 간단히 몸을 씻을 수 있는 샤워실, 탈의실 등의 편의시설도 무료로 이용할 수 있어 이용객들의 만족도가 높다. 단, 평상과 튜브 등 일부 편의용품은 유료로 대여할 수 있으며, 반려동물과 음식물 반입은 안전과 위생상의 이유로 금지되어 있다. 인근에는 협재해수욕장, 금능해수욕장 같은 아름다운 해변과 함께, 비양도로 향하는 배를 탈 수 있는 한림항도 가까이에 있어 물놀이 후 관광 코스를 연계하기에도 좋다."
와르다레스토랑,제주특별자치도 제주시 관덕로8길 24-1 (삼도이동),2856999,39,indoor,indoor:음식점,A05,A0502,A05020200,음식점,한식,서양식,126.5231229205,33.5110679801,"와르다레스토랑은 제주 원도심 한가운데, 조용한 성당 앞 골목 안쪽에 위치한 중동 음식 전문점으로, 제주의 숨은 이국적 맛집으로 알려져 있다. 이곳에서는 중동 지역의 전통 요리인 사와르마 치킨 케밥, 훔무스, 아그다 치킨 등 다양한 아랍 요리를 맛볼 수 있으며, 특히 예멘 음식을 중심으로 한 정통의 맛을 느낄 수 있다. 제주에 이주한 중동권 사람들뿐 아니라, 여행 중 색다른 음식을 찾는 외국인 방문객들이나 건강식에 관심 있는 국내 손님들 사이에서도 입소문이 퍼지고 있다. 중동 음식에 익숙하지 않은 사람도 부담 없이 즐길 수 있으며, 가게 내부는 이국적인 분위기와 함께 빈티지한 인테리어가 더해져 색다른 경험을 선사한다."
와이리조트 제주,제주특별자치도 서귀포시 안덕면 화순중앙로124번길 75,1891566,12,mixed,indoor:리조트 | outdoor:산/야외 | mixed:관광단지,A02,A0202,A02020200,역사관광지,관광단지,관광단지,126.3278570231,33.2426334601,"유럽의 지중해처럼 여유롭고, 알프스의 풍경처럼 아름다우며, 동남아의 따뜻함까지 느낄 수 있는 와이리조트 제주는 바쁜 일상 속 잠시 멈춰 서고 싶을 때 찾게 되는 힐링 공간이다. 리조트는 전체적으로 청결하고 깔끔하게 관리되어 있으며, 북적이지 않아 한적하고 조용한 분위기 속에서 온전한 휴식을 즐길 수 있다. 야외 수영장은 가족 단위 여행객에게도 적합해 아이들과 함께 물놀이를 하며 소중한 추억을 만들 수 있고, 객실에서는 제주의 풍경인 산방산을 바라보며 하루의 피로를 풀 수 있다."
와토커피,제주특별자치도 서귀포시 동일하모로 238,2843943,39,indoor,indoor:음식점/카페,A05,A0502,A05020900,음식점,한식,카페/전통찻집,126.2565469257,33.2254897918,"와토커피는 제주 모슬포항 대정초등학교 인근에 위치해 있다. 커피를 직접 볶아 블랜딩하는 로스터리 카페로 블랜드 브라운, 에티오피아 아바야, 인도네시아 디카페인 중 하나를 선택할 수 있다. 시그니처 커피 중 와토 알프스는 아이스크림이 들어간 비엔나커피로 와토커피의 대표메뉴이고 원두 홀빈과 더치 원액도 구매할 수 있다. 주차장이 따로 없어 자동차로 방문할 경우 주차에 불편함이 있으며 반려동물 동반 입장이 가능하다."
와흘메밀마을,제주특별자치도 제주시 조천읍 남조로 2455,2905045,12,outdoor,indoor:센터/식당 | outdoor:산,A02,A0203,A02030100,역사관광지,농.산.어촌 체험,농.산.어촌 체험,126.6500819775,33.4828120241,"와흘메밀마을 메밀 6차 산업화 공동체 사업장은 제주 조천읍 와흘리에 있다. 약 330,580㎡(10만 평) 넓이의 메밀밭으로 제주는 메밀을 2모작 하므로 매년 5월과 10월이면 하얀 메밀꽃이 만개해 사진 촬영 명소로 유명하다. 5월에는 축제가 열리며 다양한 체험행사도 진행한다. ‘먼나머루’는 와흘메밀마을농촌체험휴양센터로 1층에 식당, 세미나실, 2층에 숙소가 있고 3층 옥상에서 메밀밭을 조망할 수 있다. 체험프로그램은 주로 10명 이상 단체로 진행하며 숙소 역시 단체방과 가족방이 있다."
왈종미술관,제주특별자치도 서귀포시 칠십리로214번길 30 (동홍동),2606690,14,mixed,indoor:미술관/박물관/전시 | outdoor:폭포 | mixed:복합,A02,A0206,A02060500,역사관광지,박물관,미술관/화랑,126.5736773135,33.2453287076,"왈종미술관은 제주도 서귀포시 정방폭포 입구에 자리한 사립 미술관이다. 이곳은 평생 동안 제주의 풍요로움과 아름다움을 화폭에 담아 온 이왈종 화백이 자신의 이름을 걸고 개관한 곳이다. 전체 넓이 300평(약 992㎡) 규모의 3층 건물로, 조선백자의 찻잔을 조형화한 모습이 파란 하늘과 짙푸른 바다를 배경으로 멋진 한 폭의 그림을 그려내는 것 같다. 미술관 1층은 어린이 미술교육실과 수장고, 도예실로 이루어졌고, 2층에 마련된 전시실에는 이 화백의 회화와 도예 작품 90여 점이 전시되어 있다. 3층은 이 화백의 작업공간으로 꾸며졌으며, 커피숍을 겸한 아트숍이 미술관 옆에 자리하고 있어 그림과 휴식을 함께 즐기는 복합 문화공간으로 이용할 수 있다."
왕이메오름,제주특별자치도 서귀포시 안덕면 광평리 산 79,2713585,12,mixed,outdoor:공원/산/숲길/오름 | mixed:복합,A01,A0101,A01010400,자연관광지,국립공원,산,126.3750562608,33.3421787614,"서귀포시에 위치한 왕이메오름은 오름을 찾아가는 길도 쉽고 오르기에 그리 힘이 들지도 않으면서 제주의 숲길과 오름의 진수를 모두 만끽할 수 있는 오름이다. 이 오름은 먼 옛날 탐라국 삼신왕이 이곳에 와서 사흘 동안 기도를 드렸다고 해서 왕이메라는 이름이 붙었다. 오름은 여러 개의 크고 작은 봉우리가 어깨를 맞대어 하나의 커다란 산을 이루고 있으며, 오름 정상에는 산굼부리와 흡사한 깔때기 모양의 커다란 원형 분화구가 있고 화구주위가 작은 굼부리들로 이루어진 복합 화산체이다. 이 때문에 동쪽의 산굼부리와 자주 비교되기도 한다. 입구 초반 자연 그대로의 삼나무 숲길과 굼부리 내부까지 들어가 오름의 속살을 느끼면서 걸을 수 있는 것이 이곳의 매력이다. 이 오름은 개인 사유지로 도민과 관광객을 위해 부분적으로 개방한 곳이니, 승인된 등산로로만 다녀야 한다."
왕일번지식당,제주특별자치도 서귀포시 표선면 중산간동로 4610,404165,39,indoor,indoor:식당/실내/음식점 | outdoor:산,A05,A0502,A05020100,음식점,한식,한식,126.8031597057,33.3900830635,"왕일번지식당은 성읍민속마을 부근에 위치한 흑돼지불고기 전문점으로 제주산 고사리와 제주산 흑돼지 재료로 하는 음식점이다. 농림축산식품부에서 인증하는 안심식당으로 흑돼지불고기에 고사리와 표고버섯 곁들인 삼합의 맛이 일품이다. 흑돼지요리 맛집으로 소문났던 옛정의골 식당을 업주의 동생 내외가 인수하여 상호를 변경하고 그 맛을 이어가고 있다. 현대식 대형 건물과 깔끔한 실내, 주차장을 완비한 음식점으로 단체 손님도 편리하게 이용할 수 있어 많은 방문객들이 찾는다."
외도339,제주특별자치도 제주시 일주서로 7345 (외도이동),2836964,39,indoor,indoor:몰/베이커리/음식점/카페 | outdoor:해수욕장,A05,A0502,A05020900,음식점,한식,카페/전통찻집,126.4317173715,33.4937712193,"외도339는 제주특별자치도 제주시 외도동에 위치한 감성 카페로 바다를 배경으로 한 독특한 인테리어와 다양한 음료와 베이커리 메뉴로 유명하다. 탁 트인 테라스에서 제주의 푸른 바다를 한눈에 감상할 수 있으며, 모던하면서도 따뜻한 인테리어와 아늑한 분위기는 도심 속 일상에서 벗어나 여유를 즐기기에 안성맞춤이다. 테라스 자리에서 일몰 시간대에 사진을 찍기에도 좋다. 외도339는 아름다운 제주 바다를 바라보며 휴식을 취할 수 있는 공간으로, 자연과 어우러진 특별한 시간을 보내고 싶은 이들에게 추천할 만한 장소이다. 함께 둘러보기 좋은 주변 여행지로 알작지, 이호테우해수욕장 등이 있다."
외돌개(제주),제주특별자치도 서귀포시 서흥동 791,126470,12,unknown,,A01,A0102,A01020200,자연관광지,희귀동.식물,기암괴석,126.5462159180,33.2402621646,"제주 올레길 7코스의 시작점인 외돌개는 바다에서 20m 높이로 솟아난 형상의 돌기둥이다. 바다 위에 홀로 우뚝 서있어 ‘외돌개’라는 이름이 붙여졌다. '장군석’, ‘할망 바위’라는 이름으로도 불리는데, 최영장군이 원나라와 싸울 때, 이 바위를 장군처럼 꾸며 놓아 적군을 자멸하게 했다는 설화가 있다. '할망바위'라는 이름의 유래에 대해서는 아래의 전설을 읽어보자. 눈에 보이는 암석뿐만 아니라 바다 사람을 기다리던 제주 사람들의 생활상도 엿볼 수 있다.

(출처 : 제주 문화관광 홈페이지)"
용꽈배기,제주특별자치도 제주시 수덕5길 85-7,2851610,39,indoor,indoor:음식점 | outdoor:해변/해안,A05,A0502,A05020100,음식점,한식,한식,126.4716113971,33.4817204094,"용꽈배기 신제주 점은 제주 시내 노형 지구대 옆에 있다. 제주도민 꽈배기 맛집으로 꽈배기 안에 대파를 넣은 대파 꽈배기가 시그니처 메뉴이다. 꽈배기 자체의 쫄깃한 식감과 대파 향이 조화를 이루어 여행자들에게도 인기 메뉴이다. 아침 7시부터 문을 열어 가벼운 아침 식사 대용으로 적합하다. 크로켓의 경우 매콤한 당면이 들어있어 자칫 느끼할 수 있는 튀김 빵의 맛을 잡아준다. 근처 여행지로 이호테우해변, 도두봉, 무지개 해안도로 등이 있다."
용눈이오름,제주특별자치도 제주시 구좌읍 종달논길,572960,12,outdoor,indoor:몰 | outdoor:공원/산/오름,A01,A0101,A01010400,자연관광지,국립공원,산,126.8320556271,33.4588064928,"구좌읍에 위치한 용눈이 오름은 360여개의 오름들 중 유일하게 분화구가 3개이다. 봄, 여름에는 잔디가 가을, 겨울에는 억새가 덮이며 계절마다 옷을 갈아입는다. 인체의 곡선처럼 부드러운 능선이 유독 아름다워 많은 사진 작가들이 찾는다. 한 가운데가 움푹 패어있어 용이 누웠던 자리 같다는 뜻을 담아 용와악(龍臥岳), 용이 놀았던 자리라는 뜻은 담아 용유악(龍遊岳), 용의 얼굴같다 하여 용안악(龍眼岳) 등으로 표기되었는데, 실제로 위에서 내려다보면 화구의 모습이 용의 눈 처럼 보이기도 한다. 용눈이오름은 다른 오름과 달리 세 개의 능선으로 이어져 전체적으로 부드럽다는 인상이 강하다. 경사도가 완만해서 남녀노소 누구나 걷기에 편하다. 억새가 피는 가을에는 스몰 웨딩 사진 촬영지로도 유명하다. 위치 상 동쪽 끝에 있어서 좋은 날씨에는 멀리 성산일출봉과 우도까지 전망이 가능하며 주변의 다랑쉬오름과 지미봉도 볼 수 있다. 세 개의 분화구를 중심에 두고 오름 한바퀴 산책을 하는데 걸리는 시간도 1시간 내외로 주변 풍경을 즐기기에 최적의 조건이다. 인근에는 손지오름, 다랑쉬오름, 은다리오름 등 수많은 오름이 즐비하다."
용담공원,제주특별자치도 제주시 용담일동 373-5,2767900,12,mixed,outdoor:공원/산/해안 | mixed:관광단지,A02,A0202,A02020700,역사관광지,관광단지,공원,126.5150125811,33.5081292873,"용담공원은 용두암 근처에 있는 작은 공원으로, 용연 다리와도 연결된 도심 속의 자그마한 쉼터이다. 근처 관광지인 용두암은 기암괴석 사이에 있는 용머리 모양의 관광 명소이며, 용연 다리는 용담 공원과 건너편을 잇는 거대한 출렁다리다. 밤이면 화려한 조명이 켜지면서 아름다운 야경을 자랑한다. 다리 건너편 용담공원은 비록 규모가 크지는 않지만, 오밀조밀 잘 꾸며놓아 산책하기에 좋다. 나무 벤치와 조각상이 설치되어 있어 해안을 바라보며 잠시 쉬었다가 갈 수도 있다."
용담해안도로,제주특별자치도 제주시 서해안로 687-8 (용담이동),2738705,12,outdoor,outdoor:공원/오름/해안,A01,A0101,A01010500,자연관광지,국립공원,자연생태관광지,126.5121043316,33.5155784156,"용두암부터 도두봉까지 이어지는 6㎞의 해안도로로, 제주도민들이 즐겨 찾는 드라이브 코스다. 특히 밤에 더욱 화려한 빛을 발한다. 올레 17코스 중 일부다. 정식 명칭은 ‘서해안로’지만, 제주 유명 관광지인 용두암과 가까이 자리하고 있어 용두암 해안도로 또는 용담 해안도로로 알려져 있다. 해안도로 중간중간 차를 대고 바다를 볼 수 있는 공원이 조성되어 있고, 바다를 비추는 조명도 설치되어 있어 밤낮으로 바다를 보기 위해 찾는 사람들이 많다. 해안도로의 마지막은 도두봉이 자리 잡고 있다. 도두봉은 경사가 완만해 누구나 올라가기 편하다. 특히, 도두봉은 노을 명소로도 유명한 오름이고 공항과 가깝기 때문에 제주도에 도착하거나 출발하기 전에 들르기 좋다."
용두암,제주특별자치도 제주시 용두암길 15 (용담이동),228853,12,outdoor,indoor:카페 | outdoor:공원/산/해변/해수욕장/해안,A01,A0101,A01011100,자연관광지,국립공원,해안절경,126.5125098697,33.5147812884,"제주공항 인근의 북쪽 바닷가에 있는 용두암은 오랜 세월에 걸쳐 파도와 바람에 씻겨 빚어진 모양이 용의 머리와 닮았다 하여 용두암이라 불린다. 전설에 의하면 용 한 마리가 한라산 신령의 옥구슬을 훔쳐 달아나자 화가 난 한라산 신령이 활을 쏘아 용을 바닷가에 떨어뜨려 몸은 바닷물에 잠기게 하고 머리는 하늘로 향하게 하여 그대로 굳게 했다고 전해진다. 또 다른 전설은 용이 되어 하늘로 올라가는 것이 소원이던 한 마리의 백마가 장수의 손에 잡힌 후, 그 자리에서 바위로 굳어졌다는 전설이 있다.용두암에서 도두항까지 이어지는 용담-도두 해안도로에는 다양한 카페와 맛집이 있어 눈과 입이 즐거운 드라이브도 즐길 수 있다. 제주의 명물로 떠오른 카페촌에서 차를 한잔하고 바닷길을 따라가다 보면 이호 해수욕장과 하귀해변, 애월읍으로 이어진다. 애월읍에서 용두암에 이르는 북제주의 해안도로는 제주 사람들이 가장 많이 찾는 데이트코스이다."
용두암해수랜드,제주특별자치도 제주시 서해안로 630,250412,12,mixed,outdoor:정원/폭포/해안 | mixed:관광단지,A02,A0202,A02020400,역사관광지,관광단지,이색찜질방,126.5045688690,33.5158588206,"용두암해수랜드는 제주시 해안도로와 용두암 인근에 있는 사우나이다. 야자수로 조경을 둘러 남국의 정취가 물씬 풍기는 해수랜드는 넓은 규모의 사우나 종합시설과 정원 내 전통불한증막, 대형폭포, 이벤트 광장인 낙원의 쉼터, 주차장 등의 시설을 갖춘 대형 목욕 업장이다. 단순히 몸을 씻어내는 목욕이 아니라 휴식과 즐거움이 있는 여가공간을 만들어가고 있다. 각종 미네랄이 풍부한 청정 바닷물을 이용하는 해수사우나와 찜질방에서 피로를 풀 수 있고, 해수랜드에서 내려다보이는 바닷가 절경이 몸과 마음을 즐겁게 한다."
용수성지,제주특별자치도 제주시 한경면 용수1길 108,2765233,12,indoor,indoor:기념관/전시 | outdoor:해안,A02,A0201,A02010900,역사관광지,고궁,종교성지,126.1677385965,33.3228915301,"제주시 한경면 용수리 해안은 성 김대건 안드레아 신부가 중국 상해에서 출발해 서해로 귀국하다가 표착한 곳이다. 김대건 신부는 한국인 최초로 상해에서 사제품을 받았는데, 라파엘 호를 타고 귀국하던 중 큰 폭풍우를 만나 표류하다가 용수리 해안으로 오게 됐다고 한다. 이후 경기도 용인에서 사목 활동을 하다가 순교하였는데, 이 선교 열정과 순교 정신을 기리기 위해 용수리 포구를 성지로 선포하고 기념 성당과 기념관, 라파엘 호를 복원해 전시하고 있다. 올레길 12코스와 13코스의 연결지점인 용수 포구에 있어 천주교 신자가 아니더라도 한 번쯤 들러보기 좋은 곳이다."
용수항,제주특별자치도 제주시 한경면 용수리,2742267,12,outdoor,indoor:기념관 | outdoor:공원/해수욕장,A01,A0101,A01011400,자연관광지,국립공원,항구/포구,126.1664081470,33.3233275724,"용수항은 한경면 용수리에 위치한 소규모 어항으로, 용수리포구 또는 용수포구로 불리기도 한다. 용수항의 옛 이름은 쇠머리 코지 자락에 있는 포구라 하여 ‘우두포’라고 했다. 용수항 앞바다에서는 제주도에서 가장 큰 무인도인 차귀도의 푸른 실루엣이 보인다. 포구의 양쪽으로는 마을을 지켜주는 방사탑이 우뚝 서 있는데, 해의 부리 모양과 닮았다고 하여 매주제가라고 불리는 탑이다. 한국 최초의 신부인 김대건 천주교 신부가 중국 상하이에서 사제 서품을 받은 뒤 귀국하다 풍랑을 만나 표류한 곳이 바로 용수항이다. 이후로 천주교 제주교구는 이곳을 성지로 선포하고, 2006년 포구 앞에 김대건 신부 표착기념관을 세웠으며, 2008년에는 기념관 옆으로 기념 성당을 조성하였다. 인근 관광 명소로는 절부암, 차귀도, 협재해수욕장 등이 있다."
용연,제주특별자치도 제주시 흥운길 73 (용담이동),127745,12,outdoor,outdoor:계곡/공원/산,A01,A0101,A01010900,자연관광지,국립공원,계곡,126.5139125156,33.5152118184,"용연은 제주시 용담동에 위치한 호수로 계곡의 물이 유입되는 것이 특징이다. 산등성이부터 바닷가로 흐르는데, 바닷물과 민물이 만나 신비로움을 선사한다. 용연은 가뭄이 들어도 물이 마르지 않아 이곳에 살고 있는 용이 승천하여 비를 내리게 했다는 전설이 내려오기도 하고, 선인들이 풍류를 즐긴 장소로도 이용되었다고 한다.
나무로 연결된 용연구름다리는 용연 사이를 잇는 역할을 하며, 붉은빛이 감도는 정자와 에메랄드빛 계곡이 마치 그림의 한 폭처럼 어우러진 경관을 감상할 수 있다. 용연구름다리는 야경이 멋진 곳으로, 저녁 산책 코스로 손색이 없다. 밤이면 다리에 켜지는 형형색색의 불빛들과 잔잔한 호수, 그리고 우거진 숲이 장관을 이룬다. 제주 올레 17코스가 통과하는 이곳은 제주공항에서 차로 약 10분 정도 달리면 만날 수 있는 곳으로, 제주 자연의 아름다움과 은은함을 느낄 수 있다.
인근 명소로는 용머리 형상의 바위인 용두암, 제주의 역사를 담고 있는 가장 오래된 건물인 관덕정 등이 있다."
용연구름다리,제주특별자치도 제주시 용담이동 2581,2738692,12,outdoor,outdoor:계곡/산,A02,A0205,A02050100,역사관광지,다리/대교,다리/대교,126.5143124879,33.5149285237,"용연구름다리는 제주공항 서쪽에 위치한 다리이다. 용연은 제주시 용담동에 위치한 계곡의 물이 유입되는 하천으로, 산등성이부터 바닷가로 흘러 바닷물과 민물이 만나 신비로움을 선사한다. 용연은 가뭄이 들어도 물이 마르지 않아 이곳에 살던 용이 승천해 비를 내리게 했다는 전설이 내려온다. 물이 풍부해 선인들이 풍류를 즐긴 장소로도 이용되었다. 출렁다리로 연결된 용연구름다리는 용연의 기암절벽 사이를 잇는, 현수교 형태이다. 붉은빛이 감도는 정자와 에메랄드빛 계곡이 어우러진 경관을 감상할 수 있다. 특히 야경이 멋진 곳으로, 저녁 산책코스로 좋다. 밤이면 다리에 켜지는 불빛들과 잔잔한 호수, 그리고 우거진 나무숲들이 어우러진 모습을 볼 수 있다. 또한 제주올레 17코스가 통과하는 곳으로 제주 자연의 아름다움과 은은함을 느낄 수 있다."
용천동굴 [유네스코 세계자연유산],제주특별자치도 제주시 구좌읍 월정리 1837-2번지,478113,12,outdoor,outdoor:공원/산/오름/폭포,A01,A0101,A01011900,자연관광지,국립공원,동굴,126.7783610017,33.5485068173,"용천동굴은 제주도 용암동굴의 가장 전형적인 형태를 보여주고 있는 대형 동굴(총길이 약 2,470.8m+α)로서 약 140m 길이의 용암 두루마리를 비롯한 용암 단구, 용암선반, 용암 폭포 등의 미지형 및 생성물이 특징적으로 잘 발달해 있다. 특히 종유관, 종유석, 석주, 평정석순, 동굴산호, 동굴진주 등 탄산염 생성물이 다종·다양하게 발달하고 대규모의 동굴 호수가 있는 등 특이한 용암동굴로서 학술적·경관적 가치가 매우 크다. 외에도 토기류, 동물 뼈, 철기, 목탄 등 외부 유입 물질이 폭넓게 분포하고 있어 동굴의 가치를 더해주고 있다

* 수량/면적 -  477,519㎡  
* 시대 - 선사시대 
* 소유자 - 국·공유, 사유

※ 거문오름 용암동굴계에서 세계자연유산으로 지정된 동굴은 벵뒤굴, 만장굴, 김녕굴, 용천동굴, 그리고 당처물동굴이다. 현재 만장굴 외에는 입장이 불가하다."
우도,제주특별자치도 제주시 삼양고수물길 1,127336,12,outdoor,outdoor:공원/산/섬,A01,A0101,A01011300,자연관광지,국립공원,섬,126.9510300250,33.5195017100,"우도는 소가 누워있는 모양을 닮았다고 해서 일찍부터 소섬 또는 쉐섬으로 불렸다. 완만한 경사와 옥토, 풍부한 어장, 우도팔경 등 천혜의 자연조건을 갖춘 관광지로써 한 해 약 200만 명의 관광객이 찾는 제주의 대표적인 부속섬이다. 성산항과 종달항에서 우도 가는 배를 탈 수 있는데 어디서 출발하든 15분 정도 소요된다. 섬의 길이는 3.8㎞, 둘레는 17㎞이며, 쉬지 않고 걸으면 3~4시간 걸리는 거리지만, 대부분의 관광객은 버스나 자전거, 미니 전기차를 타고 유명한 관광지 위주로 돌아볼 수 있다. 여유 있게 우도를 즐기고 싶다면 오전 아침배를 타고 들어가 오후 배를 타고 나와 하루 종일 우도에 머물러 보는 것도 좋다. 단, 기상에 따라 배 운항여부가 달라질 수 있으니 우도 여행일정을 짜는 데는 기상조건을 필히 확인해야 한다.

(출처 : 제주 문화관광 홈페이지)"
우도 등대,제주특별자치도 제주시 우도면 우도봉길 105 (우도면) 부근,129147,12,outdoor,indoor:전시/체험관 | outdoor:공원/등대,A01,A0101,A01011600,자연관광지,국립공원,등대,126.9665931996,33.4920855483,"우도 등대는 제주 최초로 빛을 밝힌 등대로, 1906년 3월 처음 불을 밝혔다. 2003년 12월, 높이 16m의 원형 콘크리트 등대를 신축하였고, 국내 기술로 개발한 대형 회전식 등명기를 설치해 50㎞ 밖에서도 확인 가능한 불빛을 비추고 있다. 주변에는 우리나라 최초로 등대를 테마로 한 등대 공원을 조성하여 지역 경제 발전에 기여하고 있다. 등대 공원에서는 홍보 전시실 및 항로 표지 3D체험관과 세계 7대 불가사의 중 하나인 파로스 등대 등 국내외 유명한 등대 모형 14점을 전시하여 우도봉에 오른 관광객들에게 즐거움을 더해주고 있다. 또한, 우리나라 최초로 등대를 테마로 한 등대공원을 조성하여 해양관광상품을 개발하고, 지역경제 발전 기여를 위해 노력하고 있다."
우도산호해변 홍조단괴 서빈백사,제주특별자치도 제주시 우도면 우도해안길 252,598558,12,outdoor,indoor:식당/카페 | outdoor:공원/산/해변/해수욕장/해안,A01,A0101,A01011200,자연관광지,국립공원,해수욕장,126.9437532672,33.5026812286,"우도 산호해변은 에메랄드빛으로 부서지는 햇살 아래 하얗다 못해 푸른빛이 감돌며, 우도 서쪽의 하얀 모래해변이라 하여 서빈백사로 불린다. 수심에 따라 바다 빛깔이 달라 남태평양이나 지중해의 어느 바다와 비교해도 손색이 없다. 여름에는 해수욕장으로, 봄, 가을에는 사진 찍기 좋은 곳으로 인기가 많으며, 인근에는 우도 땅콩을 넣은 아이스크림, 수제버거 등 식당과 아기자기한 카페들이 많이 들어서 있다. 이곳의 모래는 해양 조류 중 하나인 홍조가 해안으로 쓸려와 퇴적된 것으로, 이러한 해변을 홍조단괴 산호해변으로도 불린다. 홍조단괴란 홍조류가 생리과정에서 탄산칼슘을 축적하여 돌처럼 단단하게 굳어져 버린 상태를 말한다. 홍조단괴로 이루어진 해변은 세계에서도 몇 곳 없어 학술적으로도 희소가치를 지닌다."
우동카덴,제주특별자치도 제주시 조천읍 교래3길 23,2853604,39,indoor,indoor:음식점 | outdoor:산,A05,A0502,A05020300,음식점,한식,일식,126.6793082885,33.4358676834,"제주 조천읍 조천초등학교 교래분교장 인근에 위치한 우동카덴 제주는 스타 셰프가 직접 운영하는 정통 일본식 우동 전문점으로, 제주에서 색다른 우동의 매력을 느낄 수 있는 인기 맛집이다. 이곳의 대표 메뉴는 ‘야마카케 우동’으로, 쫄깃한 냉우동 위에 부드럽게 간 마(산마)와 고소한 계란 노른자가 올려져 있어 담백하면서도 깊은 맛을 자랑한다. 보기에도 고급스럽고, 건강한 재료로 만들어 남녀노소 모두에게 인기가 높다. 이 외에도 바삭한 튀김이 얹어진 텐뿌라 우동, 이카텐붓카케 우동 등 다양한 우동 메뉴가 준비되어 있으며, 치킨 가라아게 같은 일본식 사이드 메뉴도 함께 즐길 수 있어 식사의 만족도를 높여준다."
우디글레이드 (Woody glade),제주특별자치도 서귀포시 솔동산로 26-6,2904412,39,indoor,indoor:음식점/카페 | outdoor:공원/폭포,A05,A0502,A05020900,음식점,한식,카페/전통찻집,126.5632393864,33.2427454939,"우디글레이드는 서귀포항 근처에 있다. ‘나무 사이의 공지(빈 곳)’라는 뜻으로 카페 내부에 중정이 있고 안팎으로 식물을 가꾸고 있다. 바닐라빈 라테, 요구르트 플레이트 등에 쓰이는 시럽, 요구르트, 청 등을 직접 만들어 제공하며 디저트가 없는 주간에는 외부 음식 반입도 가능하다. 텀블러 이용 시 전 음료를 일정 금액 할인해 주며 텀블러 렌트 프로그램인 푸른 컵 참여 업체이다. 주변 여행지로 이중섭거리, 천지연폭포, 칠십리시공원 등이 있다."
우리승마장,제주특별자치도 서귀포시 성산읍 중산간동로 4517,3030949,28,mixed,outdoor:레포츠/산/해수욕장 | mixed:민속촌,A03,A0302,A03021100,레포츠소개,수련시설,승마,126.8123812008,33.3869280048,"성읍민속마을 근처에 위치한 우리승마장은 잘 훈련된 말 위에서 제주의 아름다운 풍경을 만끽하며 일상의 스트레스를 한 번에 날릴 수 있는 이색 승마체험장이다. 이곳의 말들은 성품이 온순하여 초보자는 물론, 아이도 안전하게 승마를 즐길 수 있다. 승마장 주변 드넓게 조성된 예쁜 꽃밭에서 개성 넘치는 포즈를 취하며 생생한 추억을 남길 수 있다. 특히 아이들에게 동물은 호기심과 즐거움의 대상이고, 생명에 대한 존중, 호기심을 기르기에 동물과 직접 교감하는 것 만한 경험은 없을 것이다. 승마체험에 어울리는 카우보이모자, 장화 대여가 가능하고, 안전상의 문제로 핸드폰을 소지한 채로 승마체험은 할 수 없으며 사진도 정해진 자리에서만 찍어야 한다. 또한 양산이나 우산도 사용금지이다. 성읍마을 주변 방문 시 아이와 함께 짧게 즐기기에 좋고 승마체험이 끝난 후에는 말에게 당근 먹이 주기 체험도 가능하다. 무엇보다도 이곳의 경쟁력은 저렴하게 짧은 코스의 승마체험이 가능하다는 점이다. 따라서 성읍민속마을뿐만 아니라 표선해수욕장, 제주민속촌, 허브동산 등 성산 쪽 여러 관광지를 둘러보는 코스에 포함시켜 방문하길 추천한다."
우무 본점,제주특별자치도 제주시 한림읍 한림로 542-1,2853621,39,indoor,indoor:음식점/전시/카페 | outdoor:해수욕장,A05,A0502,A05020900,음식점,한식,카페/전통찻집,126.2564540339,33.4059281770,"우무는 제주시 한림방파제 근처에 있으며 제주 우무의 본점이다. 우무는 우뭇가사리를 뜻하며 해녀가 채취한 우뭇가사리를 오래 끓여 수제 푸딩을 만든다. 보통의 푸딩보다 부드러워, 가볍게 디저트로 먹기 좋다. 커스터드푸딩, 말차푸딩, 초코푸딩과 다양한 시즌 메뉴를 테이크아웃으로 판매하며 푸딩의 인기로 제주블루보틀, 편의점 등과 협업하였고, 제주시에도 지점이 있다. 아기자기하고 분위기 있는 매장 안에 다양한 굿즈도 함께 전시, 판매하고 있어 보는 즐거움을 더해준다. 주변에 함께 둘러보기 좋은 여행지로 비양도 가능 한림항, 협재해수욕장, 금능해수욕장 등이 있다."
우유부단,제주특별자치도 제주시 금악동길 38,2830340,39,indoor,indoor:음식점/카페 | outdoor:산/섬,A05,A0502,A05020900,음식점,한식,카페/전통찻집,126.3280741083,33.3476524167,"사회적 기업 섬이다가 운영하는 우유부단은 제주에서 낙농업이 시작된 유기농 우유 목장인 제주 성이시돌목장에 자리 잡고 있다. 제주의 신선한 유기농 우유를 사용한 아이스크림과 밀크티가 인기이고, 외부공간에서 식음 할 수 있도록 돗자리를 빌려주는 등 친환경적인 서비스를 제공하고 있다. 사진 찍기 명소로 유명한 테쉬폰 옆에 자리 잡고 있어 주말이면 언제나 여행자가 많다. 계절마다 멋진 풍광의 목장도 즐기고, 자연 그대로의 청량하고 건강한 유기농우유 디저트를 가족, 친구, 연인과 함께 즐길 수 있다. 시즌마다 제주 로컬생산자와 함께하는 특별한 메뉴가 준비되어 있다."
우호적무관심,제주특별자치도 제주시 한경면 저지12길 103,2854188,39,indoor,indoor:갤러리/미술관/음식점/카페 | outdoor:야외/정원,A05,A0502,A05020900,음식점,한식,카페/전통찻집,126.2672212843,33.3377608871,"우호적무관심은 저지문화예술인마을 제주도립 김창열 미술관 옆에 위치해있다. 노출콘크리트 벽과 하얀색 프레임이 어우러진 세련된 인테리어로 갤러리 느낌의 카페이다. 메뉴는 폭신폭신한 에그샌드위치와 직접 착즙한 구좌 당근주스가 인기메뉴이다. 이외에도 다양한 커피와 논커피 메뉴들이 준비되어 있다. 우호적무관심 카페는 사면이 유리창이어서 창밖으로 보이는 정원, 돌담, 제주의 날씨를 즐길 수 있는 공간이다. 야외 테이블, 평상형 프라이빗 테이블 등으로 다양하게 나뉘어 있으며 입식, 좌식 자리가 마련되어 있다. 카페 구석구석에 아름다운 곳이 많아 사진찍기 좋은 카페로 알려져 있다. 주변 여행지로 제주현대미술관, 문화예술 공공수장고, 제주도립 김창열 미술관 등이 있다."
운정이네,제주특별자치도 서귀포시 중산간서로 726 (중문동),2774884,39,indoor,indoor:음식점 | outdoor:산,A05,A0502,A05020100,음식점,한식,한식,126.4377636869,33.2635773213,"제주 중문 갈치전문점 운정이네는 1m가 넘는 제주 은갈치와 전복, 산낙지, 옥돔 등 다양한 해산물이 제공되고, 전복, 회, 흑돼지족발, 해물뚝배기 등 눈과 입을 즐겁게 하는 다채로움이 눈앞에 펼쳐진다. 직원들이 고객을 위하여 직접 갈치 살을 세심하게 발라줘 보드라운 갈치의 맛을 더욱 깊이 느낄 수 있다. 해물 들어간 미역국과 함께 나오는 돌솥밥에는 전복이 들어있어 제주의 맛을 느낄 수 있다."
운진항,제주특별자치도 서귀포시 대정읍 하모리,2781327,12,outdoor,outdoor:공원/섬,A01,A0101,A01011400,자연관광지,국립공원,항구/포구,126.2583110141,33.2095276929,"운진항은 대한민국 최남단 섬인 마라도와 청보리 축제로 유명한 가파도로 가는 여객선이 드나드는 항구다. 운진항에서 출발한 여객선은 10분이면 가파도, 25분이면 마라도에 도착한다. 크기는 작으나, 매년 60만 명 이상의 관광객이 제주의 아름다운 부속 섬을 방문하기 위해 이곳 운진항을 찾는다. 평소에도 관광객으로 활기찬 항구지만, 특히 가파도 청보리 축제가 열리는 봄이면 배편이 자주 매진되니 사전에 예약하는 것을 추천한다."
울트라마린,제주특별자치도 제주시 일주서로 4611,2861988,39,indoor,indoor:음식점/카페 | outdoor:해수욕장/해안,A05,A0502,A05020900,음식점,한식,카페/전통찻집,126.2060731182,33.3694536460,"울트라마린은 제주 판포포구 해수욕장 옆에 있는 디저트 카페다. 건물과 건물 사이에 빈 공간을 만들어 바다를 향해 문이 열려있는 듯한 오션뷰가 포인트이다. 해안도로 방향에서는 단층이지만 바닷가로 내려오면 두 개 층으로 바닷가 쪽 아래층으로 입장할 수 있다. 10세 이하 어린이는 입장할 수 없으며 반려동물은 내/외부 모두 캐리어를 이용할 경우 동반 가능하다. 바다 뷰가 아름답고 해질 때 노을을 배경으로 좋은 사진을 찍을 수 있다. 주변 여행지로 신창풍차해안도로가 있다.
※ 캐리어 이용 시 반려동물 동반 가능"
원당사지,제주특별자치도 제주시 원당로16길 41 (삼양일동),126458,12,unknown,,A02,A0201,A02010700,역사관광지,고궁,유적지/사적지,126.5984742947,33.5290560802,"제주시에 위치한 원당사지는 보물로 지정된 제주 불탑사 오층석탑이 남아 있는 절터이다. 고려시대에 탐라가 원나라의 지배 아래에 있을 때 원나라 사람들이 세운 절 중의 하나가 원당사였다. 원나라 기황후가 고려의 풍수가들까지 동원하여 명당자리에 절을 지어 불공을 드리기 위하여 세웠다는 전설이 있다. 원당사는 없어졌지만, 17세기 중엽까지 존속되었던 것으로 보이며 당시 경내에 있던 석탑은 그대로 남아 고려시대 사찰의 면모를 보여주고 있으며, 원당사지에는 불탑사가 자리하고 있다."
원도심 야간여행 ‘섬夜시즌’ 운영,제주특별자치도 서귀포시 칠십리로 120-12 (서귀동),3554702,15,outdoor,outdoor:공원/산/섬/폭포,A02,A0208,A02081300,역사관광지,전통공연,기타행사,126.5675084795,33.2419428720,"제주특별자치도와 제주특별자치도관광협회는 11월 1일(토)부터 2일(일)까지 2일간 서귀포 원도심 일대에서 「2025 원도심 야간여행 섬夜시즌」 축제를 개최한다. 이번 축제는 제주 원도심 야간관광 콘텐츠 개발로 관광객 유입을 통한 주변 상권 활성화를 목적으로 기획되어, 제주의 선선한 가을 청취를 느끼며, 다채로운 공연 및 이벤트 마련으로 가족, 친구, 연인과 함께 소중한 추억을 만들 수 있는 기회를 제공한다. 특히, 축제 첫날(11월 1일) 일상의 분주함을 잠시 내려놓고, 고즈넉한 밤 속 자연과 교감하며 걷는 「섬夜 나이트워크」가 개최되며, 코스는 서귀포항과 새섬을 연결하는 밤바다 랜드마크 새연교 산책로와 울창한 수림, 야간 조명으로 밝혀진 천지연 폭포, 도심 속 쉼터 자구리공원을 돌아보는 순서다."
원조남원포구식당,제주특별자치도 서귀포시 남원읍 남원회관로 53,2850078,39,indoor,indoor:식당/음식점 | outdoor:산,A05,A0502,A05020100,음식점,한식,한식,126.7188195525,33.2783662631,"원조남원포구식당은 제주도 서귀포시 남원읍에 위치한 남원포구 인근의 한식 전문 식당으로, 바다 내음 가득한 신선한 해산물 요리를 맛볼 수 있는 곳이다. 이 식당은 아침에 열기 때문에 든든한 아침식사를 원하는 사람들도 만족할 수 있다. 대표 메뉴로는 전복뚝배기, 성게보말미역국, 갈치조림, 고등어조림이 있으며, 하나같이 신선한 재료를 사용해 제주 바다의 맛을 담아내고 있다. 전체적으로 국물 음식이 지나치게 진하거나 자극적이지 않아 신선한 해물의 담백한 맛을 즐기기에 좋다. 이 식당은 깔끔한 내부와 정갈한 상차림으로 제주 한 끼를 제대로 경험하고 싶은 사람들에게 제격이다."
월령 선인장군락지,제주특별자치도 제주시 한림읍 월령리 359-3,2742357,12,outdoor,outdoor:공원/산/해안,A01,A0101,A01010500,자연관광지,국립공원,자연생태관광지,126.2157082002,33.3780278479,"월령리의 선인장은 관상용으로 많은 종이 재배되고 있는 선인장류 중 유일한 자생종이다. 선인장이 이곳에서 자라게 된 것은 집에서 가꾸던 것에서 퍼졌다고 보는 견해와 해류를 타고 남방에서 밀려와 바닷가의 모래땅이나 바위틈에 기착한 것으로 보는 견해도 있다.
월령리에 있는 선인장은 월령리 자생종 선인장으로, 손바닥과 비슷하다고 하여 ‘손바닥 선인장’이라는 이름이 붙여졌다. 여름이 되면 까만 현무암 사이로 노란 꽃과 자색 열매를 맺으며 장관을 이룬다.
월령리 선인장 군락지는 해안선을 중심으로 나무 데크가 놓여 있어 보행하기에 수월한 편이다. 산책로가 끝날 즈음이면 마을 안으로 들어서는 골목길이 이어진다. 골목길의 검은 현무암 돌담 위로 선인장들이 얼굴을 내밀고 있다."
월령포구,제주특별자치도 제주시 한림읍 월령리 317-1,2742297,12,outdoor,outdoor:공원/산/해변/해수욕장,A01,A0101,A01011400,자연관광지,국립공원,항구/포구,126.2163109139,33.3785527991,"월령포구는 4·3 사건 당시 청년들이 산으로 올라가는 것을 방지하기 위해 마을 향장이 이 일대를 청년들 손으로 일일이 쌓도록 하였다. 그렇게 만들어진 포구는 현재에도 많은 어선들이 이용하고 있다. 특히 월령포구 방파제와 갯바위는 낚시 포인트로 낚시를 좋아하는 분들이 찾아와 낚시를 즐기는 곳이다. 무엇보다 인근 협재해수욕장이나 금능으뜸원 해변에 비해 조용하기 때문에 차분히 제주도 바다를 느낄 수 있다. 출어 준비를 위해 그물을 재정비하는 모습도 보고 방파제를 따라 걸으며 사색에 잠겨보는 것도 제주바다를 느끼는 방법 중에 하나다.

(출처 : 비짓제주)"
월영사(제주),제주특별자치도 제주시 애월읍 하귀동남2길 40-16,347233,12,unknown,,A02,A0201,A02010800,역사관광지,고궁,사찰,126.4140192709,33.4778338147,"월영사는 한국불교 태고종 사찰로, 애월읍 상귀리 파군봉에 위치하고 있다. 월영사가 자리 잡고 있는 파군봉은 해발 고려 시대 여몽연합군의 상륙부대를 맞아 삼별초가 항전했던 전적지다. 이곳에서 삼별초가 대파되었다고 전해져 파군봉이라 불린다. 월영사는 1936년 완주 위봉사의 상귀리 포교당으로 설립되어, 1945년 무렵에는 귀이사라는 이름으로 변경했으나 1948년 제주 4·3사건으로 모두 소실되었다. 4·3사건의 상흔을 이겨내고 옛 사찰의 명맥을 이으며, 지학 스님에 의해서 월영사가 창건된 후 여러 번의 불사를 거쳐 오늘날에 이르고 있다. 이 사찰에는 대웅전과 법당, 요사, 종각 등이 갖추어져 있으며, 법당 내부에는 조선시대 불상이자 제주특별자치도 문화재 자료인 목조여래좌상이 봉안되어 있다."
월정리 달이뜨는식탁 (달이뜨는식탁),제주특별자치도 제주시 구좌읍 월정1길 14,2785326,39,indoor,indoor:음식점 | outdoor:산/해변/해수욕장,A05,A0502,A05020100,음식점,한식,한식,126.7908070350,33.5531870564,"월정은 달이 뜨는 바닷가라는 의미를 가진 시골 마을이다. 아름다운 월정 마을의 달이 뜨는 식탁은 파스타 맛집으로 유명하다. 창 너머로는 월정 바다가 보이고 루프탑에서는 시골 마을을 감상할 수 있다. 3cm나 되는 두꺼운 흑돼지 돈가스부터 딱새우 로제파스타, 통베이컨 크림파스타가 인기 메뉴이다. 월정리 해수욕장과 가까워 해변을 산책하기도 안성맞춤이다."
월정리갈비밥,제주특별자치도 제주시 구좌읍 월정7길 46,2779435,39,indoor,indoor:음식점 | outdoor:해변,A05,A0502,A05020100,음식점,한식,한식,126.7968120307,33.5548925198,"월정리 갈비밥은 월정리 해변 근처에 있는 맛집이다. 맛도 맛이지만, 시선을 사로잡는 비주얼로 SNS 채널에서 유명해졌다. 주메뉴는 흑돼지 갈비밥과 매운 흑돼지 갈비밥이다. 갈비밥을 주문하면 미니 냉면이 함께 제공되는데, 물냉면과 비빔냉면 중 선택이 가능하다. 삶은 계란과 딱새우, 방울토마토가 함께 나오는데, 수북이 쌓인 갈비를 먹기 좋게 잘라 밥에 올려 먹으면 된다. 또 다른 인기 메뉴는 유리컵이 넘치게 쌓아 올린 에이드인 레몬 타워와 제주타워다. 제주타워는 한라봉 에이드인데, 비주얼이 독특해서 관광객들이 많이 찾는 메뉴다."
월정리해변(월정리해수욕장),제주특별자치도 제주시 구좌읍 해맞이해안로 485,1918639,12,outdoor,indoor:숙박/식당/카페 | outdoor:공원/레포츠/해변/해수욕장,A01,A0101,A01011200,자연관광지,국립공원,해수욕장,126.7982424575,33.5550758560,"제주도의 동쪽에 있는 마을인 월정리는 달이 머문다는 뜻의 이름을 가진 서정적인 풍경의 마을이다. 아름다운 에메랄드빛 바다가 한 폭의 그림처럼 펼쳐져 있고, 그 위에는 밝은 달이 비친다. 풍경화처럼 아름다운 월정리 해변을 방문한 여행객들은 저마다 다양한 방법으로 해변의 경치를 만끽한다. 특히 수심이 얕은 편이기 때문에 아이를 동반한 가족들이 물놀이를 즐기기 좋다. 월정리의 아름다운 풍광이 여행객들 사이에서 점점 유명해질수록 월정리의 해변을 방문하는 사람들이 더욱 늘어났고, 그에 맞춰 다양한 식당과 카페, 숙박시설 등이 많이 들어서 있다. 몇몇 카페는 사람들이 바다를 보며 쉬어갈 수 있도록 의자를 두었는데, 이 의자에 앉아 찍은 사진이 유명해지면서 하나의 포토 스폿이 되기도 했다. 월정리엔 카메라를 들고 제주도 여행의 추억을 담는 사람들의 모습을 쉽게 볼 수 있다. 그 밖에 서핑, 스노클링, 카약 등 다양한 수상 레포츠를 즐기며 보다 더 역동적으로 해변에서의 즐거움을 만끽하는 사람들도 있다. 월정리 해변은 일정한 높이의 파도가 지속해서 들어오기 때문에 서핑을 하기 좋아 서퍼들이 즐겨 찾는다. 제주도 올레길 20코스 [김녕-하도 올레]와 [김녕-월정 지질 트레일 코스]의 일부여서, 뚜벅이 여행객들이 걷다가 바다의 아름다운 풍경과 시원한 바다 내음을 맡으며 쉴 수 있는 아름다운 해변이다."
월정리해안도로,제주특별자치도 제주시 구좌읍 월정리 652-4,2738701,12,outdoor,indoor:카페 | outdoor:공원/산/해변/해수욕장/해안,A01,A0101,A01010500,자연관광지,국립공원,자연생태관광지,126.7949343757,33.5566117438,"월정리해안도로는 풍차와 애매랄드 빛 바다를 보며 드라이브를 즐기기 좋은 곳이다. 월정리해안도로의 정식 명식은 ‘김녕-오조해안도로’로 김녕부터 성산 오조리까지 이어지는 긴 해안도로인데, 여러 사람들이 찾는 예쁜 해수욕장이나 유명 카페들이 월정리에 많이 있어서 인지 월정리해안도로라 불리고 있다. 월정리해변 바로 앞에는 많은 카페들이 있어서 성수기와 비성수기를 불문하고 관광객이 많지만, 이 구간만 벗어나면 도로는 비교적 한적하다.

(출처 : 제주 문화관광 홈페이지)"
월정사(제주),제주특별자치도 제주시 아연로 216-5 (오라이동),347234,12,outdoor,outdoor:산,A02,A0201,A02010800,역사관광지,고궁,사찰,126.5100972799,33.4667615657,"월정사는 제주 최초의 불교 선원으로서, 제주 4·3사건 당시 제주도민과 함께 근대사의 아픔을 겪었던 사찰이자 대한불교 조계종 본사 관음사의 말사이다. 전하는 말에 따르면 월정사 자리는 1871년 무렵 토굴을 마련하고 수행하던 승려가 머물렀던 곳이라고 한다. 1938년 10월 1일 월정사에 조선불교 중앙선리참구원 제1지방 분원이 마련되어 제주 최초의 선원이 탄생했음을 알리는 기록이 남아 있다. 이 제주 선원은 1940년대까지 존속했으며 참여한 승려의 수는 10명 이내로 기록되어 있다. 1960년대 승려들의 노력으로 월정사 터에 난민 보건 주택을 짓고 법당으로 사용하면서 사찰의 명맥을 유지하였다. 1970년대 지문스님에 의해 대웅전과 요사가 신축되면서부터 월정사를 본격적으로 재건했다. 계속된 불사에 힘입어 2001년 10월 25일 전통 사찰로 지정되었으며 현재 월정사에는 2002년 12월 제주도 문화유산자료로 지정된 소조여래좌상과 목조보살입상이 보존되고 있다."
월정투명카약,제주특별자치도 제주시 구좌읍 월정리 1400-33,3065136,28,outdoor,outdoor:공원/레포츠,A03,A0303,A03030200,레포츠소개,윈드서핑/제트스키,카약/카누,126.7787661696,33.5638079082,"제주 밭담 테마공원 앞에 있는 월정리 투명카약은 카약 체험장이다. 제주의 아름다운 바다에서 가족, 연인과 함께 카약을 즐기며 추억을 남길 수 있는 이색 체험시설로, 투명한 바닥의 카약을 타고 아름답고 맑은 바다를 감상할 수 있다. 깊지 않은 수심과 바위에 둘러싸인 구조에서 카약을 타기 때문에 파도의 위험이 적고 에메랄드 빛 바다 위에서 경이롭고 신비한 경험을 할 수 있다. 구명조끼 등 안전 장비를 구비하여 카약을 타며, 수심이 깊지 않은 곳에서 카약을 체험하기 때문에 남녀노소 누구나 즐길 수 있다."
월평포구,제주특별자치도 서귀포시 말질로 462 (월평동),2742257,12,outdoor,outdoor:공원/산/해안,A01,A0101,A01011400,자연관광지,국립공원,항구/포구,126.4637926353,33.2345059410,"월평마을에 위치한 작고 아름다운 포구인 월평포구는 제주 올레길 7코스인 외돌개와 월평마을의 후반부 코스에 속해 있으며, 동시에 8코스의 시작점이기도 하다. 올레길 7코스는 외돌개를 출발하여 법환포구를 지나 월평포구까지 이어지는 해안 올레길로 많은 올레꾼이 사랑하는 길로 유명하다. 월평포구 또한 오목하게 들어온 작은 연못 같은 포구로 올레꾼들이 사랑하는 장소 중 하나다. 특히 석양을 받아 붉게 물드는 포구의 따스하고 아늑한 풍경은 올레길의 마지막을 향해 걷는 이들의 마음마저 보듬어 준다. 올레길을 걷다가 발견하는 숨은 선물 같은 월평포구는 고즈넉하고 잔잔한 바다와 함께 어우러진 바위와 산책로 등 특유의 목가적인 풍경으로 방문하는 사람들에게 편안함과 포근함을 전해준다. 월평포구는 포구의 기능, 올레길, 그리고 낚시 포인트 외에 스노클링 포인트로도 잘 알려져 있다."
위미1리어촌체험마을,제주특별자치도 서귀포시 남원읍 위미해안로 43,128330,12,outdoor,outdoor:공원/산/섬/해안,A02,A0203,A02030100,역사관광지,농.산.어촌 체험,농.산.어촌 체험,126.6587526977,33.2710355577,"마을 전체가 감귤밭에 둘러싸인 농촌 마을이자, 1종 어항인 위미항이 있는 어촌 마을이기도 하다. 앞 바다에는 지귀도라는 무인도가 떠 있는데, 이 섬은 마을 해녀들이 연중 해산물을 채취하는 '바다 밭'일 뿐만 아니라, 제주도 전역에 몇 군데 안되는 관광 유어장으로 지정되어 외지인들도 스쿠버다이빙이나 작살 다이빙을 체험할 수 있다. 또한, 이 마을에는 농구, 족구 등을 즐길 수 있는 해양 소공원이 조성돼 있으며, 마을 가까이에는 제주도 제일의 해안 경승지로 꼽히는 남원 큰엉해안이 자리 잡고 있다. 서귀포와 성산포 사이를 잇는 일주 도로가 마을 한복판을 관통하기 때문에 찾아가기도 쉽다."
위미항,제주특별자치도 서귀포시 남원읍 위미중앙로196번길 6-13,2740129,12,outdoor,outdoor:공원/산,A01,A0101,A01011400,자연관광지,국립공원,항구/포구,126.6623912660,33.2713050304,"위미항은 국가 어항으로 풍부한 수산자원을 보유한 연근해 어업의 근거지다. 제주에서 가장 포근하고 따뜻한 곳으로 봄에는 제주도에서 가장 먼저 벚꽃이 개화하는 곳이며 석양이 아름답기로도 유명하다. 위미항은 바닥이 훤히 보일 정도로 맑고 깨끗한 것이 특징이다. 바다 멀리 편평하게 다듬어 놓은 듯한 지귀도가 보인다. 제주 올레 5코스에 속해 있는 이곳은 걷기에도 좋고, 주변에 동백나무 군락지가 있어 구석구석 아름다운 풍경을 감상할 수 있다. 체험학습과 낚시를 즐길 수 있는 관광용 어장이 있어 여름철에 가족 단위의 관광객들이 많이 찾는다. 또한 동방파제에 있는 수협 활어 어판장에서 싱싱한 회를 바로 손질해 먹을 수 있어 식도락 여행지로도 손색이 없다."
윈드1947 카트테마파크,제주특별자치도 서귀포시 토평공단로 78-27,2606214,28,mixed,indoor:실내/카페 | outdoor:레포츠/산 | mixed:테마파크/파크,A03,A0302,A03020600,레포츠소개,수련시설,카트,126.5888388937,33.2895462915,"윈드 1947 카트테마파크는 제주도 서귀포시 토평동에 위치한 체험형 테마파크이다. 윈드 1947 카트는 제주의 아름다운 남쪽 풍경을 배경으로 하여 위치해있다. 이곳은 다양한 체험장이 있는데 온 가족이 즐길 수 있는 액티비티 ‘윈드 1947 카트’와 제주 유일의 실내 비비탄 ‘서바이벌 체험장’이 있다. 그리고 인더스트리얼한 감성의 브런치카페 ‘제이팩토리’ 완벽한 휴식을 만드는 제주 감성공간, 무인카페 ‘다락’을 방문할 수 있다. 교육과 체험, 휴식과 즐거움, 액티비티를 통해 아이부터 어른까지 즐겁고 행복한 추억을 만들 수 있다. 코스도 안전하게 구성되어 있어 부담없이 즐길 수 있으며 한라산 전경을 보며 카트를 탈 수 있어 더욱 뜻깊고 스릴있는 체험이다."
윗세오름,제주특별자치도 제주시 애월읍 광령리,1973369,12,outdoor,outdoor:공원/산/오름,A01,A0101,A01010400,자연관광지,국립공원,산,126.5199599283,33.3608206597,"한라산 정상 밑에 서쪽으로 웃세오름 대피소 주변에 영실등산 코스를 따라서 세 개의 오름이 서로 이어져 있는데, 이 오름들은 세오름(삼형제오름)에 비해 위쪽에 있다고 하여 윗세오름이라고 부르게 되었다. 윗세오름은 한라산 서쪽 등줄기로서 남북의 분수령을 이루며 서귀포시와 제주시의 경계가 되고 있으며, 윗세오름은 각각 독자적인 호칭을 가지고 있는데, 위로 부터 남사면에 붉은 흙이 드러나 있는 것이 붉은오름, 가운데 길게 가로누운 것이 누운오름, 막내격인 작은 오름이 족은오름 또는 새끼오름이라고 부른다. 이들은 삼형제에 빗대어 맏이를 큰오름, 둘째를 샛오름, 막내를 족은오름이라고도 한다. 웃세오름은 봄철 철쭉과 진달래꽃이 필때는 꽃바다를 이루어 아름다운 모습을 볼 수 있다. 붉은오름과 누은오름사이 남쪽 등산로변에 노루샘이 있어 등반객이 많이 이용하고 있다."
유동룡미술관,제주특별자치도 제주시 용금로 906-10,2933508,14,indoor,indoor:미술관/박물관/전시/호텔,A02,A0206,A02060500,역사관광지,박물관,미술관/화랑,126.2707903551,33.3406161830,"유동룡미술관은 제주를 사랑했던 세계적인 건축가 이타미 준(유동룡)의 사상과 철학에 바탕을 두고, 미술관 모든 여정, 전시 뿐만 아니라 시그니처 향, 티 서비스, 음악까지 오감을 만족시키는 특별한 경험을 통해 개인의 오리지널리티를 회복하도록 돕는 공간의 힘을 느끼게 한다. 재일한국인로 태어나 ‘이타미 준’이라는 예명으로 활동하며 끝까지 귀화하지 않은 유동룡은, 경계를 초월하겠다는 의지로 스스로를 ‘국제인’이라 불렀다. 그리고 건축과 예술의 경계를 넘나들며 스스로의 오리지널리티를 바탕으로 세상의 흐름에 영합하지 않고 독자적인 세계를 구축한 건축가이다. 제주도에 ‘방주교회’, ‘수풍석미술관’, ‘포도호텔’, ‘비오토피아’ 등 많은 건축작품을 남긴 건축가로 잘 알려져 있으며, 화가로도 활발한 활동을 한 종합예술가였다. 유동룡미술관은 이타미 준이 추구했던 공간적 개념에 바탕을 두고 그의 딸인 유이화 건축가가 설계하였다. 본질을 중시하고 자연을 존중하는 건축, 아날로그 건축, 온기가 살아있는 건축을 추구함과 동시에 지역, 풍토, 전통, 역사에 뿌리를 두고 건축이 시작되어야 함을 강조했던 이타미 준의 사상에 바탕을 두고 유동룡미술관은 요즘 시대에 필요한 본질의 힘을 회복하도록 돕는 공간이 되고자 한다. 이타미 준의 오리지널리티를 바탕으로 공감하고 소통할 수 있는 공간, 미래 세대를 지원하고 우리나라 건축 문화 발전에 기여하고자 하였던 그의 예술 세계에 푹 빠져보길 바란다."
유동커피,제주특별자치도 서귀포시 태평로 406-1 (서귀동),2833269,39,indoor,indoor:시장/음식점/카페 | outdoor:산,A05,A0502,A05020900,음식점,한식,카페/전통찻집,126.5638031862,33.2445703014,"로스터리 카페 유동커피는 올레 시장과 이중섭거리 근처에 자리하고 있다. 유동커피는 로컬 감성이 가득한 특별한 카페로 카페 내부의 인테리어는 모던하면서도 따뜻한 감성을 담아내어 아늑한 분위기를 자아낸다. 시장과 거리를 산책한 후 잠시 들러 쉬어가기에 좋다. 직접 로스팅한 원두로 내린 신선한 커피를 맛볼 수 있으며, 스페셜 커피와 시그니처 음료, 맛있는 디저트 메뉴를 함께 즐기며 여유로운 시간을 보내기 좋은 공간이다. 혼자만의 시간을 보내기에도 좋고, 조용한 대화를 나누기에도 알맞은 분위기이다. 감성적인 음악과 친절한 서비스까지 더해져 만족도가 높은 곳이다."
유디에이(UDA),제주특별자치도 서귀포시 속골로 13-7 (호근동),2851274,39,indoor,indoor:음식점/카페 | outdoor:공원/산,A05,A0502,A05020900,음식점,한식,카페/전통찻집,126.5285396544,33.2410562417,"유디에이(UDA)는 제주 서귀포시 서귀포여자고등학교 근처 바닷가에 위치한 대형 오션뷰 브런치 카페이다. 3층 건물로 이루어져 있으며, 특히 루프탑에서는 제주 한라산과 푸른 바다가 한눈에 들어오는 탁 트인 전망을 즐길 수 있다. 해질 무렵에는 핑크빛 노을이 바다와 산을 붉게 물들이는 아름다운 풍경도 감상할 수 있다. 카페 내부뿐만 아니라 외부 곳곳에 사진 찍기 좋은 포토존이 마련되어 있어 멋진 사진을 남기려는 방문객들에게도 좋다. 유디에이는 맛있는 브런치 메뉴와 함께 제주 자연의 아름다움을 만끽할 수 있는 특별한 장소이다. 주변에는 법환포구, 외돌개, 서귀포칠십리시공원 등이 가까워 함께 둘러보기 좋은 여행 코스이다."
유리바닥보트,제주특별자치도 서귀포시 안덕면 화순해안로106번길 8,3073199,28,outdoor,outdoor:레포츠/산/섬/해안,A03,A0301,A03010200,레포츠소개,수상레포츠,수상레포츠,126.3364258198,33.2383007397,"유리바닥보트는 초대형 파노라마 유리바닥으로 바닷속을 구경하는 요트 투어를 제공하는 곳이다. 제주 서귀포의 핫플레이스인 산방산, 용머리해안, 형제섬, 송악산 등의 재미있는 해설이 포함된 관광 가이드와 함께 아름다운 제주 바닷속 수중 생태계 탐험이 가능하다. 특별한 추억이 담긴 인스타그램 감성의 인생샷 촬영뿐만 아니라 이색적인 영상촬영까지 가능하다."
유민 아르누보 뮤지엄,제주특별자치도 서귀포시 성산읍 섭지코지로 107,2717330,14,indoor,indoor:미술관/박물관/전시,A02,A0206,A02060500,역사관광지,박물관,미술관/화랑,126.9246787370,33.4335552242,"유민미술관은 2017년 6월 9일 개관한 국내 유일 아르누보 유리공예 미술관으로, 휘닉스 제주 섭지코지 내에 위치해 있다. 노출 콘크리트로 기하학적 선과 주변 자연을 살리며 만든 건축물이며, 세계적인 건축가 안도 타다오가 설계한 건축물인 ‘지니어스로사이’에 새롭게 조성되었으며, 미술관 전시 설계는 덴마크 건축가인 요한 칼슨(Johan Carlsson)이 맡았다.

◎ 한류의 매력을 만나는 여행 정보 - 영화 <마녀2>
마녀 프로젝트를 만든 백총괄의 신비로운 저택은 휘닉스 제주의 글라스 하우스와 유민 아르누보 뮤지엄이다. 글라스 하우스의 민트레스토랑은 어느 자리에서든 넓게 펼쳐진 바다를 볼 수 있으며 유민 아르누보 뮤지엄은 프랑스 아르누보 유리공예뿐만 아니라 공간 자체가 아름다워 인기가 많다. 건물이 위치한 섭지코지와 함께 둘러보기를 추천한다."
유수암마을,제주특별자치도 제주시 애월읍 유수암평화길 14 (애월읍),2045014,12,outdoor,outdoor:산/오름,A02,A0203,A02030100,역사관광지,농.산.어촌 체험,농.산.어촌 체험,126.4030877096,33.4413793435,"유수암마을은 제주공항에서 남서쪽으로 15km 떨어진 지점에 위치하고 있으며 중산간 마을이다. 형제봉 오름들과 맑게 솟아 흐르는 유수암물, 무환자나무 및 팽나무 군락지와 어우러져 천혜의 자연환경을 갖추고 있는 자연생태우수마을이다. 마을 주민들과 함께 할 수 있는 농촌 체험학습을 진행하고, 두부, 오메기떡, 빙떡, 건강색깔수제비, 감귤쨈만들기와 같은 전통음식체험과 전통 초가집 줄놓기, 활쏘기, 녹차밭 승마체험, 목공교실 등 전통문화체험을 다양하게 운영하고 있다. 소박하게 꾸며져 있어 편히 쉬어 갈 수 있는 팜스테이도 있다."
유키효잡화점,제주특별자치도 제주시 남성로 160 (삼도이동),2788197,38,outdoor,indoor:쇼핑 | outdoor:해변,A04,A0401,A04010600,쇼핑,5일장,전문매장/상가,126.5224563532,33.5092487261,"아름다운 해변과 다채로운 볼거리를 자랑하는 제주 월정리에 자리한 수제 모자 전문점이다. 아버지의 기술을 물려받은 딸이 2대째 모자를 만들고 있다. 다양한 패턴과 소재, 색감을 감각적인 디자인으로 녹여내 누구나 자신의 취향에 꼭 맞는 모자를 만날 수 있다. 원하는 디자인이나 소재, 사이즈가 있다면 맞춤 제작도 가능하다. 모자 외에도 반다나와 헤어밴드, 앞치마, 의류 등의 제품들도 직접 만들어 판매한다. 동백꽃이나 유채꽃처럼 제주의 감성을 그대로 녹여낸 제품들도 있어서 기념품으로 구입하기에도 좋다. 매장 규모는 크지 않지만 오픈형 구조에 자유롭게 모자를 써볼 수 있어 부담 없이 들르기 좋다."
육도담 제주시청본점,제주특별자치도 제주시 도남로 59 1층,2876814,39,indoor,indoor:음식점,A05,A0502,A05020100,음식점,한식,한식,126.5276839983,33.4950753788,"육도담 제주시청본점은 식약처에서 인증한 업소를 통하여 돼지고기를 선별하고 드라이에이징 하여 숙성한 돼지고기를 전문으로 하는 곳이다. 뼈대 있는 숙성뼈가브리, 풍미 담은 숙성뼈삼겹, 육즙감은 꽃목살, 육도담 삼겹살 등의 부위가 있으며 모든 고기는 부드러운 식감과 꽉 잡은 육즙이 특징이다. 곁들이는 소스가 나오고 반찬으로는 명란젓, 와사비, 멜젓, 쌈장, 백김치, 고사리와 함께 육도담만의 특제 젓갈 쌈장이 나온다."
윤스타피자앤파스타,제주특별자치도 제주시 구좌읍 문주란로1길 74-20,2864287,39,indoor,indoor:음식점 | outdoor:산,A05,A0502,A05020200,음식점,한식,서양식,126.8849939513,33.5252472254,"윤스타피자앤파스타는 제주도에서 개그맨이 직접 운영하는 화덕피자 전문점이다. 이곳의 피자는 뜨거운 화덕에서 짧은 시간 동안 빠르게 구워내기 때문에 겉은 바삭하고 속은 쫄깃한 식감이며, 특히 자연산 치즈와 고급 올리브오일, 그리고 신선한 채소 등 엄선된 재료만을 사용하여 맛과 품질 모두 만족시킨다. 대표 메뉴인 ‘윤스타사랑해요’는 싱싱한 토마토와 루꼴라 위에 윤스타만의 달콤한 특제 소스가 곁들여진 윤스타의 대표 피자로, 많은 손님들이 찾는 인기 메뉴이다. 또한 이탈리아산 소세지가 도우 전체에 올려져있는 페파로니 피자도 대표메뉴 중 하나이다. 이외에도 제주 고사리를 활용한 ‘고사리오일파스타’ 도 부드러운 식감과 고소한 맛으로 방문객들에게 인기있는 메뉴 중 하나이다."
윤재커피,제주특별자치도 제주시 중앙로12길 1,2905079,39,indoor,indoor:시장/음식점/카페 | outdoor:산/정원,A05,A0502,A05020900,음식점,한식,카페/전통찻집,126.5242172514,33.5118845739,"윤재커피는 제주시 동문시장 근처에 있다. 제주 원도심의 구옥을 개조하였고 아기자기한 소품과 함께 작은 정원이 있는 카페이다. 제주산 식재료를 이용해 식음료를 만들고 엄마표 기름떡의 경우 제주 로컬음식인 기름떡을 모티브로 제주산 쑥, 당근, 플레인 세 가지 맛에 전복 조림과 블루베리 잼, 애플망고 잼을 함께 제공한다. 이 밖에 아인슈페너, 흑임자 라테 등도 인기 메뉴이다. 주변 여행지로 제주 원도심, 제주목관아 등이 있다."
은혜전복,제주특별자치도 제주시 애월읍 애월로1길 24-3,2759614,39,indoor,indoor:식당/음식점/카페 | outdoor:산/해안,A05,A0502,A05020100,음식점,한식,한식,126.3101758592,33.4630171465,"은혜전복 제주애월본점은 신선한 전복을 활용한 다양한 요리를 제공하는 식당이다. 전복돌솥밥, 전복죽, 전복뚝배기, 전복구이 등 메뉴가 다양하며, 특히 전복죽은 진하고 담백한 맛으로 속을 편안하게 해준다. 전복뚝배기는 해물이 푸짐하게 들어가 시원하고 깔끔한 국물이 특징이다. 전복으로 건강한 식사 후 인근에 있는 멋진 카페가 즐비한 한담 해안가 산책을 즐기는 사람들도 많다."
은희네해장국,제주특별자치도 제주시 고마로13길 8,1861280,39,indoor,indoor:음식점,A05,A0502,A05020100,음식점,한식,한식,126.5407381130,33.5085574275,"은희네해장국은 제주 제주시에 위치한 유명한 해장국 전문점이다. 신선한 재료와 깊은 맛이 특징인 이곳의 해장국은 속을 확 풀어주는 맛으로 많은 이들의 사랑을 받고 있다. 특히, 고기와 얼큰한 국물이 어우러져 감칠맛이 뛰어나며, 함께 제공되는 밑반찬들도 정갈하고 맛있다. 제주 여행 중 해장국을 찾는다면 꼭 방문해볼 가치가 있는 곳이다."
이돈갓,제주특별자치도 제주시 칠성로길 27 (일도일동),2861702,39,indoor,indoor:음식점 | outdoor:산,A05,A0502,A05020300,음식점,한식,일식,126.5257892768,33.5145343053,"이돈갓 본점은 제주 원도심의 중심부인 칠성로에 위치한 일본식 수제 돈가스 전문점으로, 제주산 돈육만을 사용해 조리한다. 합리적인 가격과 든든한 구성 덕분에 인근 상인들과 지역 주민들도 많이 찾는 곳이다. 식물성 기름에 튀겨내어 담백한 맛을 자랑하며, 매장에서 직접 고기를 두드리는 소리가 들리는 수제 스타일로 제공된다. 기본 메뉴로는 두툼한 일본식 돈가스를 중심으로 우동, 나베가 함께 구성된 돈가스 면세트와 따뜻한 국물이 매력적인 나베우동세트가 있다. 세트 메뉴 외에도 우동과 나베는 단품으로도 주문할 수 있어 간단하게 식사를 즐기고 싶은 이들에게도 적합하다. 깔끔하고 캐주얼한 분위기 속에서 든든한 한끼를 즐길 수 있다."
이상한나라의 앨리스,제주특별자치도 서귀포시 안덕면 중산간서로 1881,780778,12,mixed,indoor:실내 | outdoor:산/해안 | mixed:테마파크/파크,A02,A0203,A02030400,역사관광지,농.산.어촌 체험,이색체험,126.3218259602,33.2889726923,"제주 이상한 나라의 앨리스는 5가지 즐거운 테마로 이색 실내 체험을 할 수 있는 테마파크다. 다면체 형상 반사 원리를 이용한 신비롭고 입체적인 거울 미로 탈출, 스릴 넘치는 고대 이집트 피라미드 내부 체험, 빛의 굴절 반사로 시각적 착시를 느낄 수 있는 매직 착시 포토존 촬영 체험, 가족과 연인을 위한 사랑의 자물쇠 보석관 체험, 토네이도 폭풍 속을 온몸으로 전율을 느낄 수 있는 이상한 나라의 앨리스 엔딩 테마 환상의 블랙홀 체험 등이 있다.산방산과 용머리해안에서 가까운 거리에 위치해 있으며 친구, 가족과 함께 방문하기 좋다."
이스트포레스트,제주특별자치도 제주시 구좌읍 종달로1길 26-1,3066880,39,indoor,indoor:식당/음식점/카페 | outdoor:산/오름,A05,A0502,A05020200,음식점,한식,서양식,126.8987795441,33.4959118035,"제주도 동쪽 종달리에 있는 이스트 포레스트는 양식 전문점으로 파스타 맛집이다. 조용한 종달리에서 가장 인기 있는 식당으로 현지인과 관광객 모두 많이 찾는 곳이다. 싱싱한 재료로 만드는 문어 크림 파스타, 전복 버터구이 리조또, 해산물 누룽지 토마토 파스타 등 다양한 양식메뉴를 판매하고 있다. 메뉴에 들어가는 모든 소스를 직접 수제로 만들어 정성이 가득하다. 1층에는 식사를 할 수 있고, 2층은 카페로 운영하고 있으며, 앞쪽으로 오름이 있어 제주의 멋진 풍광을 느낄 수 있는 레스토랑이다. 주변으로 종달항, 두물포항, 성산일출봉 등의 관광지가 있다."
이승이오름 (이승악),제주특별자치도 서귀포시 남원읍 신례천로 267-110,2740123,12,outdoor,outdoor:공원/산/오름/전망대/폭포,A01,A0101,A01010400,자연관광지,국립공원,산,126.6304291801,33.3140386947,"이승이 오름은 살쾡이를 닮아서 이승이란 이름을 갖게 되었지만 정확한 생김새를 확인하기는 쉽지 않다. 능선에 울창하게 자라난 나무들 때문이다. 동쪽으로 움푹 파인 말발굽 형태를 가지고 있으며, 봄철엔 진입로 2~3km가 벚꽃길로 이어진다. 벚꽃길을 구경하며 6분 정도 더 걸으면 정상으로 가는 길과 생태로 방면으로 가는 갈림길이 나온다.  편안하게 산책하고 싶다면 생태로를 따라 걷는 길을 추천한다. 계단이 없고 경사가 심하지 않아 어린이들과 함께 걷기에도 부담이 없다. 이승이 오름 순환 코스는 들머리에서 제2코스 갈림길, 해그므니소, 정산 등반로 입구, 일본군 갱도 진지동굴, 화산탄, 삼나무 숲, 표고 밭 입구를 지나 다시 돌아오는 코스다. 평범할 것 같은 이승이 오름은 천혜의 비경을 숨겨 놓았다. 상류 부분에는 20m가 넘는 하천 절벽이 병풍처럼 막아서 있고, 그 아래 폭포가 되어 흘러내린 물이 깊이 3~5m의 소를 이루고 있다. 이곳이 바로 ‘해그므니소’이다. ‘해가 가려진’ 이란 뜻으로 소를 덮은 나무들이 빽빽하고 울창해 한낮에도 해를 볼 수 없다고 하여 붙여진 이름이다. 이곳에 이르면 마치 깊은 원시림에 들어와 있는 느낌이 든다. 전망대에 오르면 한라산, 사라 오름 등 예쁜 능선이 펼쳐진다."
이어도식당,제주특별자치도 서귀포시 성읍정의현로22번길 14,2840885,39,indoor,indoor:식당/음식점 | outdoor:산,A05,A0502,A05020100,음식점,한식,한식,126.8023710152,33.3844031223,"이어도식당은 제주 서귀포시 성산읍에 위치한 한식 전문 음식점으로, 성읍민속마을 인근에 자리하고 있다. 이곳은 제주 전통의 맛을 담은 다양한 해산물 및 고기 요리를 판매하고 있다. 대표 메뉴로는 흑돼지 오겹살, 불고기 정식, 갈치조림, 성게 칼국수 등이 있으며, 제주식 양념으로 맛을 낸 두루치기 스타일의 메뉴도 제공하고 있어 색다른 풍미를 느낄 수 있다. 흑돼지 오겹살과 더불어 옥돔 정식, 메밀 빈대떡 등 제주 특산 재료를 활용한 메뉴가 다양하게 준비되어 있어 제주만의 식문화를 제대로 경험할 수 있다. 음식의 맛과 품질에 비해 가격도 합리적이다. 식사를 마친 뒤에는 가까이에 있는 성읍민속마을과 영주산을 함께 둘러볼 수 있어 여행 중 들르기 좋은 위치에 있다."
이정의댁,제주특별자치도 서귀포시 예래로144번길 22-1,2876685,39,indoor,indoor:센터/음식점/카페 | outdoor:야외/해수욕장 | mixed:관광단지,A05,A0502,A05020900,음식점,한식,카페/전통찻집,126.3920651834,33.2496809134,"이정의댁은 예래동 주민센터 근처에 있다. 구옥을 개조한 카페로 검은 돌담 안쪽에 소담한 단층집이 있으며 마당이 넓고 귤나무, 동백나무 아래 야외 테이블이 있다. 내부에는 진한 우드톤의 엔틱 가구와 카페 현판이 걸려 있는 것도 이색적이다. 독특한 모양의 작고 앙증맞은 디저트가 다양하게 준비되어 있으며 곳곳이 포토존이다. 예스키즈존이며 주변 여행지로는 중문관광단지, 중문색달해수욕장 등이 있다."
이제주숍,제주특별자치도 제주시 연삼로 473,1013289,38,outdoor,indoor:쇼핑 | outdoor:산,A04,A0401,A04010900,쇼핑,5일장,특산물판매점,126.5405800026,33.4993528886,"이제주숍은 제주의 대표 특산품, 기념품 매장이다. 제주공항에서 차로 15분 거리에 본점이, 서귀포시의 중문 ICC컨벤션에는 분점이 있고, 청정제주의 대표격인 감귤, 한라봉, 황금향 등 만감류를 포함하여 다양한 제주산 식품, 제품들을 판매하고 있다. 공공기관이 운영하는 판매장으로 믿을 수 있는 제품만을 취급하며, 도내 전문가와 현장평가를 통해 까다로운 입점 절차를 통과한 엄선된 상품만을 판매하고 있다.

(출처 : 제주 문화관광 홈페이지)"
이중섭 거주지,제주특별자치도 서귀포시 이중섭로 29 (서귀동),127283,12,outdoor,indoor:시장/전시 | outdoor:산,A02,A0201,A02010700,역사관광지,고궁,유적지/사적지,126.5644169991,33.2455757555,"이중섭 거주지는 이중섭이 서귀포로 피난을 와서 정착한 곳이다. 천재 화가 이중섭과 그의 작품세계를 기리기 위해 그가 잠시 살다 간 서귀포 정방동 거주지를 당시 모습으로 복원, 정비하고 정방동 매일시장 입구부터 솔동산까지 360m를 이중섭 거리로 지정하여 그의 서귀포 체류 시절을 기념하고 있다. 1995년 11월 이중섭 거주지 기념 표석이 세워졌고, 이듬해 2월 말 그가 자주 거닐곤 했던 길가는 이중섭 거리로 그리고 그 이듬해인 1997년 4월 그가 기거했던 집과 부속 건물을 복원, 정리하여 이중섭 거주지와 그의 호 '대향'을 따라서 대향 전시실로 꾸며 놓고 소개하게 되었다.
이로써 제주 서귀포시의 이중섭 거리는 한국 최초로 화가의 이름이 붙여진 거리가 되었으며, 더불어 매년 10월 말 그의 사망 주기에 맞추어 ""이중섭 예술제""를 이곳에서 거행해 그의 예술혼을 기리는 행사를 하고 있다. 이중섭과  그의 가족 4명이 기거했던 방은 1.3평 정도의 아주 협소한 공간으로 명성에 비하여 얼마나 그의 인생이 초라했고 치열했는지 알 수 있다. 전시실은 8평 남짓한 공간에 그의 서귀포 생활이 담긴 작품을 중심으로 서귀포의 추억물고기 등의 그림이 전시되어 있으며, 특히 눈길을 끄는 것은 담배 은박지에 그린 은지화 작품으로 6·25전쟁 후 생활고로 인한 그림재료의 열악함을 짐작할 수 있는 부분이다. 이곳은 이중섭 가족의 추억이 담긴 장소이자 이중섭 화백의 숨결을 느낄 수 있는 소중한 공간이다."
이중섭거리,제주특별자치도 서귀포시 이중섭로 29 (서귀동),1620936,12,outdoor,indoor:음식점 | outdoor:산,A02,A0203,A02030600,역사관광지,농.산.어촌 체험,이색거리,126.5644697732,33.2455202067,"40세의 젊은 나이에 요절한 천재 화가 이중섭을 기리기 위해 피난 당시 거주했던 초가를 중심으로 조성된 거리이다. 1996년에 사업체가 창단하고 1997년 9월 복원되었다. 주변에는 이중섭의 삽화가 들어간 기념품이나 각종 수공예품, 편집샵 등이 즐비해 있으며, 수제버거, 피쉬앤칩스 음식점 등 젊은이들에게 인기 있는 맛집도 어렵지 않게 찾아볼 수 있다. 서귀포에 머물며 명작을 남긴 예술가들의 삶의 자취를 더듬어보는 작가의 산책 길도 조성되어 있다."
이춘옥 원조 고등어쌈밥,제주특별자치도 제주시 애월읍 일주서로 7213,2759616,39,indoor,indoor:음식점 | outdoor:해안,A05,A0502,A05020100,음식점,한식,한식,126.4187130541,33.4890243164,이춘옥 원조 고등어 쌈밥은 잘 익은 묵은지와 고등어를 맛깔나게 조리하는 묵은지 찜 전문점이다. 올레 17코스 해안 도로변에  있어 오션뷰를 즐길 수 있다. 테라스 좌석이 마련되어 있어 탁 트인 바다의 시원한 풍경을 감상하며 식사할 수 있다. TV 방송에도 여러 번 방영되었으며 대표 메뉴는 윤기가 흐르는 고등어를 푹 익은 묵은지에 돌돌 말아먹는 고등어 쌈밥이다. 그와 함께 테이블을 가득 채울 만큼 커다란 통갈치구이도 인기 만점이다.
이호테우해변,제주특별자치도 제주시 도리로 (이호일동),126448,12,outdoor,outdoor:공원/등대/해변/해수욕장,A01,A0101,A01011200,자연관광지,국립공원,해수욕장,126.4531570913,33.4974183784,"이호테우해변(이호해수욕장)은 조랑말 등대로 제주도 사진을 찍기 좋은 곳으로 붉은 조랑말과 흰색 조랑말은 극명하게 대조되는 색감이 이국적인 풍경을 선사한다. 또한, 제주 시내에서 가장 가까이 있어 교통이 편리하고, 편의시설도 잘 갖추어져 있다. 백사장의 경사가 완만하여 많은 피서객들이 찾으며 특히 야영하기에 안성맞춤인 소나무 숲이 형성되어 있다. 해수면이 가장 낮아지는 간조에는 끝없이 넓은 백사장과 함께 원담의 모습도 볼 수 있다. 원담은 밀물과 썰물의 차이를 이용해 고기를 잡는 제주의 전통 고기잡이 방식 중 하나로, 이호테우해변(이호해수욕장)에는 그 공간을 복원시켜 놓은 이호 모살원이 있다."
이후북스 제주점,제주특별자치도 제주시 관덕로4길 3,2847506,38,indoor,indoor:쇼핑,A04,A0401,A04010600,쇼핑,5일장,전문매장/상가,126.5212480480,33.5126316662,"이후북스는 제주 시내에 위치한 독립 책방이다. 간판을 보면 오래된 책방, 작고 조용한 동네 책방 같다. 입구에는 매일 좋은 글귀를 적어두어, 들어가기 전 글을 감상할 수 있다. 작은 공간에 일반 서점에서는 볼 수 없는 책들이 알차게 채워져 있다. 제주의 분위기를 느낄 수 있는 책들도 많이 구비되어 있다. 제주도에 방문하면 한 번쯤 들러보기 좋은 서점이다."
인그리드,제주특별자치도 제주시 서해안로 64,2854211,39,indoor,indoor:음식점/카페 | outdoor:등대/해변/해안,A05,A0502,A05020900,음식점,한식,카페/전통찻집,126.4567455524,33.5025317580,"인그리드는 제주 이호테우해변 제주이호랜드 앞에 있다. 고옥을 개조한 카페로 작은 마당과 돌담, 하얀 벽과 빨간 지붕이 동화 감성을 연출한다. 아늑한 내부는 밀도 있게 구성하여 좌식과 입식 좌석이 있으며, 메뉴도 사진찍기 좋아서 카페 여행을 오는 여행자들의 코스로 통한다. 공항과 가까워 들러가기 좋으며 주변 여행지로 이호테우 말등대, 도두봉, 도두동무지개해안도로 등이 있다.
※ 반려동물 동반 불가"
인디고트리,제주특별자치도 서귀포시 남원읍 하례망장포로 4,2777791,39,indoor,indoor:음식점/카페 | outdoor:산,A05,A0502,A05020900,음식점,한식,카페/전통찻집,126.6348410430,33.2638248613,"인디고트리는 오래된 귤 창고를 카페이자 편집샵으로 개조한 곳으로 곳곳이 돌로 꾸며져 투박하면서도 빈티지한 멋이 느껴지며, 건물 외관은 제주도 본연의 모습이 느껴진다. 카페 메뉴 중 제주도 특산품인 귤로 만든 에이드와 차는 산지의 귤을 바로 사용한 신선하면서도 새콤한 맛이 특징이다. 
인디고트리의 1층은 개성 넘치는 의류나 라이프스타일 소품들을 구경할 수 있는 편집샵 공간과 카페로 나뉘어 있으며, 2층은 1층을 내려다볼 수 있는 다락처럼 꾸며져 있다. 내부는 인더스트리얼 스타일(Inderstrial Style) 인테리어 분위기를 표현해 거칠면서도 심플한 분위기를 자아낸다. 도심에서는 쉽게 찾기 어려운 제주도의 감성을 느끼며 쉬어 가기 좋은 곳이다."
인스밀,제주특별자치도 서귀포시 대정읍 일과대수로27번길 22,2858473,39,indoor,indoor:음식점/카페 | outdoor:정원,A05,A0502,A05020900,음식점,한식,카페/전통찻집,126.2292406748,33.2385073720,"인스밀은 돌고래가 보이는 서귀포 일과리 바닷가에 위치해 있다. 야자수와 소철로 잘 꾸며진 넓은 정원 안에 자리한 이 카페는, 곡물 창고를 모티브로 한 독특한 외관으로 마치 동남아시아의 휴양지를 연상시키며 방문객들에게 이색적인 분위기를 선사한다. 인스밀의 가장 큰 특징은 보릿가루를 활용한 건강한 메뉴들로, 대표 시그니처 메뉴인 보리개역은 제주 방언으로 ‘보리로 만든 미숫가루’를 뜻하며, 다른 곡물을 섞지 않고 직접 수확한 순수 보리만을 사용해 고소하고 담백한 맛을 낸다. 여기에 설탕이나 시럽 대신 서귀포에서 채취한 천연 벌꿀을 넣어, 자연스러운 단맛과 함께 건강까지 고려한 음료로 많은 이들의 사랑을 받고 있다. 그 외에도 보리아이스크림, 보리스콘 등 보리를 테마로 한 다양한 디저트와 음료가 마련되어 있어, 제주에서만 맛볼 수 있는 특별한 식음 경험을 제공한다."
인카페온더비치,제주특별자치도 제주시 구좌읍 해맞이해안로 943,2863633,39,indoor,indoor:음식점/카페 | outdoor:해변/해수욕장/해안 | mixed:복합,A05,A0502,A05020900,음식점,한식,카페/전통찻집,126.8280623182,33.5452329825,"인카페온더비치는 제주 제주시 구좌읍 월정리 해수욕장과 평대해변 사이의 해안 도로변에 위치한 감성 카페로, 바다를 바로 앞에 두고 있어 아름다운 오션뷰를 볼 수 있다. 이곳에서는 단순히 커피를 마시는 것뿐 아니라 다양한 체험도 즐길 수 있는데, 특히 해 질 녘 불멍 체험과 바비큐 체험은 여행객들에게 색다른 즐거움을 선사한다. 또한 바다에서 직접 물놀이를 즐기고 싶은 이들을 위해 튜브나 스노클링 장비 등의 렌탈 서비스를 제공하고 있다. 카페 메뉴로는 케이크, 크로플 등 간단하면서도 퀄리티 있는 브런치가 준비되어 있으며, 음료는 과일을 직접 착즙한 주스나 수제청을 사용한 에이드가 인기이다. 휴식과 체험, 맛있는 음식이 모두 가능한 복합 공간으로, 여행 중 들르기 좋은 장소이다."
일출랜드,제주특별자치도 서귀포시 성산읍 중산간동로 4150-30,127857,12,mixed,outdoor:공원 | mixed:관광단지,A02,A0202,A02020700,역사관광지,관광단지,공원,126.8428064761,33.3811208022,"‘새로운 태양이 떠오르는 휴식 공간’이라는 일출랜드는 천연용암동굴 미천굴을 중심으로 사계절 제주토종식물과 꽃의 축제가 열리는 제주의 자연, 생태, 문화체험이 가능한 웰니스 관광지이다. 귤따기체험, 동백족욕체험, 자연염색체험 등의 다양한 체험 프로그램과 마이스(MICE) 연계 관광상품을 운영 중이며, 반려동물 동반이 가능한 휴식공간이다. 특히 제주 용암동굴 미천굴 관람 후 동백족욕체험은 여행의 피로를 풀고 힐링하는 시간이 될 것이다."
일출봉유채밭,제주특별자치도 서귀포시 성산읍 성산리 397,3081317,12,outdoor,outdoor:공원/산/해변,A01,A0101,A01010500,자연관광지,국립공원,자연생태관광지,126.9281889281,33.4602773291,"성산 일출봉 부근의 유채꽃 명소로 성산 일출봉과 광치기 해변 사이에 조성되어 있다. 보통 12월부터 3월까지 만개한 유채꽃을 볼 수 있으며 밭 멀리 바다와 한라산이 보여 풍경이 아름답다. 
유채꽃밭은 개인 농지라서 1,000원의 입장료를 받는다. 유채꽃만 있는 밭, 여러 장식으로 꾸며져 있는 밭 등 여러 밭이 있으니 자기 취향에 맞는 밭을 찾아서 입장료를 내고 들어가 사진을 찍으면 된다.
유채꽃 피는 시기는 해마다 다르므로, 개장일과 폐장일이 유동적이다."
일통이반,제주특별자치도 제주시 중앙로2길 25 (삼도이동),2794971,39,indoor,indoor:식당/음식점 | outdoor:산,A05,A0502,A05020100,음식점,한식,한식,126.5220923173,33.5171006294,"일통이반은 다양한 해산물 메뉴를 신선하게 즐길 수 있는 해산물 요리 전문점이다. 제주시 삼도이동에 자리하고 있으며, 관광객과 현지 도민들도 즐겨 찾는다. 이곳은 제주도 1호 해남이 직접 잡아 올린 해산물로 운영하는 제주 토속 식당인데, 이 때문에 쉽게 접하기 힘든 자연산 꽃 멍게, 홍해삼 등의 해산물을 만나 볼 수 있다. 대표 메뉴는 싱싱하고 먹음직스럽게 주황빛을 뽐내는 성게알이다. 식당에서 제공해 주는 김과 참기름 등을 함께 싸서 먹으면 된다. 이 밖에도 제철 회와 고소한 보말죽도 인기 메뉴다."
임금님밥상,제주특별자치도 제주시 오광로 128 (노형동),2759849,39,indoor,indoor:음식점 | outdoor:산,A05,A0502,A05020100,음식점,한식,한식,126.4609483627,33.4849337731,"오전 8시 30분부터 오후 3시까지 운영하는 고등어 김치찜, 생선구이백반(고등어, 조기, 옥돔 등 3마리), 육개장 전문점. 사위가 직접 잡은 제주산 생선만 사용하기 때문에 국내산 싱싱한 생선을 푸짐하게 먹을 수 있는 장점이 있다. 계란 프라이는 따로 시킬 수 있지만 톳무침, 오이지무침, 깻잎절임, 콩자반, 파래부침개 등 소박하면서도 하나하나 정갈한 밑반찬들이 가슴 따뜻해지는 집밥같이 느껴진다. 제주공항 근처이다 보니 여행 다니면서 그리워지는 한식 밥상 먹기 좋은 곳이다."
임성반점,제주특별자치도 제주시 용화로 57-1 (용담이동),2839794,39,indoor,indoor:식당/음식점 | outdoor:산/해변/해안,A05,A0502,A05020400,음식점,한식,중식,126.5097630060,33.5095179388,"임성반점은 제주공항과 용담 해안도로 인근 용담동 골목에 자리한 자그마한 규모의 중식당이다. 이곳은 아담하지만 제주도민들 사이에서 높은 인기를 누리는 도민 맛집으로 알려져 있다. 대표 메뉴는 쫄깃한 면발이 특징인 고추짬뽕으로, 해산물과 버섯을 듬뿍 사용해 깊고 진한 맛을 자랑한다. 국물은 채수의 깔끔한 맛이 잘 우러나와 부담 없이 즐길 수 있으며, 고추짬뽕 외에도 난자완스, 팔보채 등 다양한 중식 메뉴가 준비되어 있어 다양한 입맛을 만족시킨다. 임성반점은 제주를 방문하는 관광객뿐 아니라 현지인들도 즐겨 찾는 곳으로, 맛과 가성비 모두 뛰어난 식당이다. 주변 관광지로는 제주 바다의 절경을 감상할 수 있는 용두암과 용담 해안도로, 탑동 해변 등이 있어 식사 후 산책이나 관광을 함께 즐기기에 좋다."
잇칸시타,제주특별자치도 제주시 애월읍 신엄안2길 54-1,2853644,39,indoor,indoor:음식점,A05,A0502,A05020300,음식점,한식,일식,126.3702508713,33.4771137570,"잇칸시타는 일본어로 변함없는 이라는 뜻으로, 식사, 요리, 술이 함께 하는 일본 가정식 전문점이다. 9첩 반상으로 나오는 일식이지만 한식 같은 푸짐한 상차림으로 제주도민들이 많이 찾는 로컬 맛집이다. 잇칸시타의 인기 메뉴는 일본식 튀김 덮밥인 텐동정식과 회덮밥인 지라시스시정식, 고급어종인 메로를 일본 본토 미소 된장에 재워 구워낸 덮밥 메로동정식이 있으며, 이외에도 일본식 전골 요리인 밀푀유나베정식, 소고기를 버터와 타래에 볶아낸 규동정식 등도 다양하게 준비되어 있다. 기본 찬 부터 구성이 좋고 메뉴가 다양하고 푸짐하기 때문에 관광객 뿐 만 아니라 현지인들도 자주찾는 맛집이다."
있는 그대로 제주의 자연을 거닐어볼 코스,,2372023,25,outdoor,indoor:박물관 | outdoor:공원/산,C01,C0114,C01140001,가족코스,힐링코스,힐링코스,126.5982320810,33.4319418220,제주도의 아름다움은 ‘하늘부터 바다까지’ 모두라고 할 수 있다. 특히 제주의 자연그대로인 원시림과 청정함을 맛보기 좋은 코스다. 한라산의 생태가 그대로 보존되어 있는 숲과 노루공원 제주만의 특색있는 박물관을 돌아볼 좋은 기회가 될 것이다.
자구내포구,제주특별자치도 제주시 한경면 노을해안로 1161,2792595,12,outdoor,outdoor:공원,A01,A0101,A01011400,자연관광지,국립공원,항구/포구,126.1651502316,33.3093902050,"자구내포구에 가면 차귀도가 눈앞에 펼쳐져 있다. 고래 등 같은 생김새 때문에 고래가 물 밖으로 나와 쉬는 것처럼 보이기도 한다. 한치와 오징어 제철 시기에는 포구에 오징어 말리는 모습을 볼 수 있고, 즉석에서 오징어 파는 점포들도 종종 볼 수 있다. 차귀도 가는 배가 자구내포구에 있어 차귀도 포구라고도 불린다. 자구내포구는 작은 포구라 관광 명소는 아니지만, 노을이 아름다운 곳으로 유명하다. 차귀도의 매바위 방향으로 해가 넘어가면서 멋진 풍경을 만들어낸다. 노을과 한적한 어촌의 풍경이 적절히 어우러진 정겨운 곳이다."
자구리문화예술공원(자구리공원),제주특별자치도 서귀포시 칠십리로 120-12 (서귀동),2738724,12,mixed,indoor:기념관/미술관/전시 | outdoor:공원/산/섬/전망대/트레킹 | mixed:관광단지,A02,A0202,A02020700,역사관광지,관광단지,공원,126.5675084795,33.2419428720,"제주도의 아름다운 바다 풍광과 함께 작가들의 숨결이 느껴지는 작품을 감상하며 걷는 제주 산책길 코스 중 하나다. 제주도의 민물과 바닷물이 만나는 곳으로 전망대가 있어 정면에는 섶 섬, 오른쪽으로는 서귀포항과 문섬을 볼 수 있다. 해가 지면 공원에 각종 조명이 밝혀져 야간에도 제주를 만끽할 수 있다. ‘문화 예술로 하나 되는 자구리’라는 이름으로 다양한 예술 작품과 조각들이 공원 곳곳에 전시되어 있다. 공원의 끝에는 담수욕장도 위치해 있어 잠깐 발을 담그고 놀기 좋다. 서귀포의 문화 예술 트레킹 코스, ‘작가의 산책길(유토피아로)’의 경유지로 산책로가 이중섭 미술관에서 소양 기념관까지 이어져 있다. 이중섭 화백은 자구리 해안에서 부인, 두 아들과 함께 게를 잡으며 어느 때보다도 행복한 시간을 보냈다고 전해진다."
자리돔횟집,제주특별자치도 서귀포시 동홍동로 7 (동홍동),2843968,39,indoor,indoor:음식점 | outdoor:산,A05,A0502,A05020100,음식점,한식,한식,126.5747658776,33.2555609294,"제주도 서귀포 시내에 위치한 자리돔횟집은 신선한 해산물을 맛볼 수 있는 곳으로, 특히 고등어회를 제대로 즐길 수 있는 맛집이다. 고등어를 크고 널찍하게 썰어내어 비리지 않고 부드럽게 입 안에서 살살 녹는 맛이 일품이다. 여름철에는 시원하고 새콤한 자리물회와 한치물회가 인기를 끌며, 겨울철에는 살이 꽉 찬 방어회를 즐길 수 있어 계절마다 색다른 맛의 즐거움을 선사한다. 특히 한치물회는 쫄깃한 생한치를 매콤달콤한 양념 국물에 버무려 내어 별미로 손꼽힌다. 자리돔횟집은 푸짐한 양과 합리적인 가격으로 ‘가성비 맛집’이라는 평을 받고 있으며, 회뿐 아니라 고등어구이, 우럭돔매운탕, 고등어조림, 우럭조림 등 다양한 해산물 요리도 함께 맛볼 수 있는 곳이다."
자연과사람들 밀면,제주특별자치도 제주시 남조로 2185,2899509,39,indoor,indoor:식당/음식점 | outdoor:정원,A05,A0502,A05020100,음식점,한식,한식,126.6613759501,33.4604841192,"자연과사람들 밀면은 가정집을 개조한 식당으로 정원은 허브 밭으로 꾸며놨으며 초여름에는 수국이 풍성하게 피는 식당이다. 메뉴는 물밀면, 비빔밀면, 수제떡갈비 세 가지만 판매하고 있다. 양이 많기로 유명해 곱빼기와 일반 모두 동일한 가격을 받으며 맥반석 계란 고명이 올라간다. 비빔밀면은 양념이 자극적이지 않고 물밀면의 경우 양념장을 따로 준다. 12월부터 2월까지는 영업을 하지 않는다."
자연몸국,제주특별자치도 제주시 중앙로 63-11,2840668,39,indoor,indoor:시장/음식점,A05,A0502,A05020100,음식점,한식,한식,126.5250699577,33.5117679337,"자연몸국은 제주 동문재래시장 골목에 있다. 돈사골 육수에 모자반을 넣어 끓이는 몸국이 대표메뉴이며 돈사골을 진하게 고아 끓이는 접작뼈국도 인기 메뉴다. 그 외 옥돔구이, 아강발, 해물파전 등을 맛볼 수 있다. 2017년, 2020년 제주 고메위크 맛집 인증을 받은 바 있으며 숨은 맛집으로 방송에 소개된 바 있다. 근처 여행지로 동문재래시장, 동문공설시장, 제주 원도심 등이 있다."
자연사랑미술관,제주특별자치도 서귀포시 표선면 가시로613번길 46,2606611,14,outdoor,indoor:갤러리/미술관/박물관/시장/전시 | outdoor:산/섬/야외/오름,A02,A0206,A02060500,역사관광지,박물관,미술관/화랑,126.7719520840,33.3556696951,"서귀포시에 위치한 사진갤러리이다. 폐교된 가시초등학교를 활용해 90평 규모의 넓은 전시 공간을 가진 것이 특징이다. 제주는 천혜의 자연경관으로 이루어진 화산섬으로, 섬 곳곳에 독특한 경관과 문화가 서려 있다. 이런 제주의 자연과 민속을 담은 사진가 서재철의 작품을 한눈에 볼 수 있도록 전시했다. 자연사랑미술관은 가시초등학교의 옛 모습을 담은 사진 전시실, 사진과 책을 판매하는 공간과 쉼터로 구성되어 있다. 땅 할아버지라는 의미의 따라비전시장에서는 제주오름(기생화산)의 다양한 모습을 만날 수 있고, 바람이 머무는 곳이라는 뜻의 바람자리전시장에서는 한라산과 바다를 통해 제주의 비경과 사계절을 느낄 수 있다. 그 외에 화산탄을 전시한 야외 화산탄 갤러리가 있다."
자연스러운식당,제주특별자치도 서귀포시 태평로92번길 8,2851146,39,indoor,indoor:식당/음식점/펜션 | outdoor:해안,A05,A0502,A05020200,음식점,한식,서양식,126.5328058954,33.2435310361,"자연스러운식당은 서귀포여자고등학교 뒤편 오렌지블루 펜션 내에 있다. 제주 식재료를 이용해 수블라키, 차지키, 사가나키, 빠삐요트 등 지중해식 음식을 선보인다. 메뉴는 한라봉과 유채꽃 꿀을 가미한 그릭문어샐러드, 제주 수블라키와 차지키, 제주 보말 라이스, 치킨 새우 사가나키, 비스크 링귀니 스파게티, 제주 갈치필렛 빠삐요트 등이고, 1인 셰프 식당으로 우선 예약제이다. 2인 이상 메뉴를 예약하면 원활한 식사를 할 수 있다. 근처 여행지로 외돌개, 황우지해안 등이 있다.
※ 반려동물 동반 가능(반려견 실외 동반)"
자연인캠핑장,제주특별자치도 제주시 아란서길 110 (아라일동),2726704,28,outdoor,indoor:공연장/카페/펜션 | outdoor:레포츠/숲길/야외/캠핑/해안,A03,A0302,A03021700,레포츠소개,수련시설,"야영장,오토캠핑장",126.5399668613,33.4687562651,"자연인 글램핑은 제주 중심가에서 5분 거리에 위치해 있으며 펜션, 야외공연장, 카페, 공방, 레스토랑 등 다양한 부대시설을 갖춘 캠핑장이다. 근교에 에코랜드, 용두암, 용두암 해안 도로, 사려니 숲길 등 다양한 관광지가 인접해 있어 편리하게 여행할 수 있는 것은 자연인 글램핑장의 장점이다. 2인실, 4인실 글램핑장으로 나누어져 있으며 화장실과 샤워장은 정리 정돈이 잘 되어 있고 치약, 샴푸, 린스, 컨디셔너, 보디워시, 헤어드라이기 같은 목욕용품이 비치되어 있어 편리하게 이용이 가능하다. 10㎏ 이하의 소형견은 입실 가능하다."
잔물결,제주특별자치도 제주시 금능길 58-1 1층,2853658,39,indoor,indoor:음식점/카페 | outdoor:산/정원/해수욕장 | mixed:파크,A05,A0502,A05020900,음식점,한식,카페/전통찻집,126.2296595393,33.3881213939,"잔물결은 금능해수욕장, 금능포구에 있는 카페이다. 흙바닥, 나무 선반과 창틀 등을 살려 제주의 옛돌집을 리모델링하고, 도자기, 항아리, 천과 식물로 분위기 있게 꾸몄다. 정원의 실외 테이블에 앉아 커피를 마치는 것도 운치 있다. 치아바타 등 빵과 과자를 직접 만들고, 블랜드 커피와 산, 바람 등의 시그니처 메뉴가 있으며 핸드드립커피도 맛볼 수 있다. 드립백 형태로 판매하는 커피도 인기다. 근처 여행지로 금능해수욕장, 금능석물원, 액티브파크, 협재해수욕장 등이 있다. 
※ 반려동물 동반 불가 (단, 정원 테이블은 가능)"
장모식탁,제주특별자치도 제주시 연신로 51 (이도이동),2861967,39,indoor,indoor:음식점,A05,A0502,A05020100,음식점,한식,한식,126.5469489499,33.4968782641,"장모식탁은 제주시 이도이동, 한마음병원 앞에 자리한 돌솥밥 전문점으로, 정성 가득한 집밥 스타일의 한상을 푸짐하게 즐길 수 있는 맛집이다. 따뜻하고 고소한 돌솥밥을 중심으로, 주문 시 원하는 찌개 종류를 선택할 수 있어 입맛에 맞는 조합으로 식사를 즐길 수 있다. 이곳의 대표 메뉴인 장모정식은 전복돌솥밥과 함께 찌개, 간장게장, 전복장, 제육볶음, 그리고 다양하고 정갈한 밑반찬이 차려져 나오는 구성으로, 한 끼 식사로 든든함과 만족감을 모두 느낄 수 있다. 가격도 합리적이어서 가성비 좋은 한식을 찾는 이들에게 제격이며, 제주공항과 가까운 거리에 있어 여행을 시작하거나 마무리하는 길에 들르기에도 좋다. 아침 시간부터 영업을 시작하기 때문에 든든한 아침 식사 장소로도 적합하다."
장수애섬식당,제주특별자치도 서귀포시 남성중로 2-3,2932531,39,indoor,indoor:식당/음식점 | outdoor:산/섬/폭포,A05,A0502,A05020100,음식점,한식,한식,126.5596952349,33.2433981431,"장수애섬식당은 제주특별자치도 제주시 한림읍 금능리에 위치한 해산물 전문 음식점이다. 제철 해산물을 활용한 생선조림, 생선구이 등은 방문객들에게 큰 인기를 끌고 있다. 매일매일 공수되는 신선한 재료로 요리하여 현지인은 물론 관광객에게도 인기가 많은 맛집이다. 메인 메뉴와 함께 다양한 반찬들도 함께 나와 더욱 든든한 한끼를 먹을 수 있다. 식당 내부는 깔끔하고 아늑한 분위기로 편안하게 식사가 가능하다. 친절한 서비스와 함께 제주 바다의 해산물을 맛볼 수 있는 장수애섬식당은 제주를 찾은 여행객들에게 추천할 만한 맛집이다. 근처에 천지연 폭포가 있어 함께 방문하기에도 좋다."
장인의집,제주특별자치도 제주시 애월읍 애월로19길 31,2847672,39,indoor,indoor:음식점 | outdoor:산,A05,A0502,A05020100,음식점,한식,한식,126.3268465691,33.4657726604,"장인의 집은 제주도 애월방파제 인근에 위치한 수제 만두 전문점이다. 할머니의 전통을 이어받은 가족들이 운영하는 곳으로, 모든 음식은 제주의 재료를 이용하여 수제로 만든다. 만두는 위탁하지 않고 직접 피와 속을 만들어 만두를 제조하고 있다. 이곳의 대표 메뉴는 가마솥으로 고운 사골육수와 제주 특산물로 만든 4색 만두(문어, 전복, 돼지, 김치)가 어우러진 가마솥 4색 만두전골이다. 전골은 2인분부터 주문이 가능하다. 또한, 전골 국물의 맛을 순한 맛과 얼큰한 맛 중에 고를 수 있다. 이외에도 연한 소갈비와 해산물, 버섯이 어우러진 소갈비 해물버섯 만두전골과 갈비탕도 인기가 많다."
재벌식당,제주특별자치도 제주시 도령로7길 20 신광아파트,2852136,39,indoor,indoor:식당/음식점 | outdoor:해변,A05,A0502,A05020100,음식점,한식,한식,126.4843989686,33.4908168279,"재벌식당은 제주시내 남녕고등학교 근처에 위치하고 있다. 메뉴는 곰탕 한 가지로 공항 근처에 있어 아침 도착 여행자들이 많이 찾는다. 방송에 여러 차례 소개되었고 2021년에는 생활의 달인에도 출연했다. 진한곰탕국물과 파김치, 깍두기가 인기이고 영업시간은 오후 2시까지로 정해져 있지만 12시 전후로 마감되는 경우가 많다. 이호테우해변과 가깝다."
재주도좋아·반짝반짝 지구상회,제주특별자치도 제주시 한림읍 귀덕6길 192,2718541,38,outdoor,indoor:쇼핑/전시 | outdoor:해변/해안,A04,A0401,A04010700,쇼핑,5일장,공예/공방,126.2894700944,33.4288317168,"재주도좋아는 비치코밍을 통해 바다를 사랑하는 사람들과 만나고 끊임없이 밀려와 쌓여가는 바다쓰레기 문제를 문화예술로 함께 해결해보고자 한다. 반짝반짝 지구상회는 재주도좋아가 운영하는 공간으로, 이곳에서는 해안에 떠밀려 온 바다쓰레기를 이용하여 업사이클링 제품을 제작하고, 환경예술교육, 전시, 소규모 공연과 문화 행사 등 다양한 형태의 비치코밍 프로젝트를 진행한다. 매년 해양정화활동과 업싸이클링 워크숍, 해변 전시, 중고장터, 음악 공연이 결합된 ‘비치코밍 페스티벌_바라던 바다’를 개최하고 있다."
저지문화예술인마을,제주특별자치도 제주시 한경면 저지14길 28-4,2765268,12,outdoor,outdoor:공원/산/오름/정원,A02,A0203,A02030100,역사관광지,농.산.어촌 체험,농.산.어촌 체험,126.2671268084,33.3395412444,"제주시 한경면 저지리에 위치한 저지예술마을, 일명 새오름이라 하는 저지악이 마을 중심에 있어 풍광이 독특하고, 전국의 유명 예술인들이 모여 작품을 생산하는 문화예술인촌이 형성돼 있어 문화적 향취가 남다르다. 또 동양 최대의 분재 정원으로 알려진 생각하는 공원과 세계적으로도 희귀한 천연 난대림 지역인 곶자왈, 야생화가 지천인 방림원 등 이색 공간이 많아 제주의 문화와 함께 볼거리까지 풍성하게 돌아볼 수 있다.

(출처 : 제주 문화관광 홈페이지)"
"저지오름(닥몰오름,새오름)",제주특별자치도 제주시 한경면 중산간서로,1351196,12,outdoor,indoor:몰 | outdoor:공원/산/오름,A01,A0101,A01010400,자연관광지,국립공원,산,126.2517754921,33.3338221918,"한경면 저지리(옛 이름:닥몰) 저청 초등학교에서 북서쪽 수동으로 가는 도로 우측에 우뚝 선 오름으로, 산상의 분화구를 중심으로 어느 쪽 사면이나 경사와 거리가 비슷한 둥근 산체를 이루고 있으며, 둘레가 약 900m, 깊이가 약 60m쯤 되는 매우 가파른 깔때기형 산상 분화구를 갖고 있는 화산체이다. 오름 각 사면에는 해송이 주종을 이루며 잡목과 함께 울창한 숲을 이루고 있으며, 분화구 안에는 낙엽수림과 상록수림이 울창한 자연림 상태를 보이고 있으나 안사면으로 보리수나무, 찔레나무, 닥나무 등이 빽빽이 우거져 있어 화구 안으로의 접근이 매우 어렵다.

저지 오름(楮旨岳)이란 호칭은 마을 이름이 ‘저지’로 되면서부터 생긴 한자명이라 한다. 그전까지는 ‘닥몰 오름’이라 불렀으며, 저지의 옛 이름이 ‘닥모루’(닥몰)였다고 한다. 이는 닥나무(楮)가 많았다는 데서 연유한 것이고, 한자이름은 한자의 뜻을 빌려서 표기한 것이라고 한다.

* 2007년 제8회 아름다운 숲 전국대회에서 생명상(대상) 수상"
전농로 벚꽃거리,제주특별자치도 제주시 삼도일동,2778044,12,outdoor,outdoor:공원,A01,A0101,A01010500,자연관광지,국립공원,자연생태관광지,126.5171791396,33.5045936021,"제주공항에서 자동차로 10분이면 도착할 수 있는 전농로는 하늘을 가득 메운 벚꽃터널이 인상적인 벚꽃길이다. 구도심인 삼도일동에 자리한 전농로는 약 왕복 2차선 도로로, 양쪽 도로변을 따라 제주 지역 자생종인 왕벚나무가 끝없이 이어져 있다. 짧게는 20년에서 많게는 100년 이상 된 이곳 왕벚나무들이 피우는 꽃은 제주에서도 아름다운 벚꽃명소로 유명하다. 해마다 봄이면 거리 가득 흐드러진 벚꽃이 그야말로 꽃 천지를 이룬다. 1992년부터 전농로를 배경으로 왕벚꽃축제도 열리고 있다. 연인과 데이트 혹은 가족들과 봄에 벚꽃구경을 하며 추억을 남길 수 있는 거리이다."
절부암,제주특별자치도 제주시 한경면 용수리 4241-5,228864,12,unknown,,A01,A0102,A01020200,자연관광지,희귀동.식물,기암괴석,126.1671080750,33.3238275280,"제주시 한경면 용수리 포구에 사철나무, 후박나무, 동백나무 등 난대식물 군락을 이루고 있는 곳에 절부암이란 바위가 있다. 1981년 8월 26일 제주도 기념물로 지정된 이 바위는 고씨 부인의 절개를 기리고 있는 바위이다. 조선 후기 이 마을의 어부 강사철이 고기잡이를 나갔다가 거센 풍랑으로 변을 당하였다. 그의 처 고씨는 며칠 동안 남편을 찾아 헤매다가 끝내 남편을 찾지 못하자 남편의 뒤를 따르는 것이 도리라 생각하여 소복을 입고 이곳 나무에 목매어 자살하고 말았다. 그러자 홀연히 남편의 시체가 이 바위 밑에 떠올랐으므로 사람들은 감탄하였다 한다. 이를 신통히 여긴 당시 판관 신재우는 고씨가 자결한 바위에 절부암이라는 글귀를 새겨 후대에 기리게 하였다. 또한 관에서는 이들 부부를 합장한 후 그 넋을 위로하고자 이 마을 주민들로 하여금 매년 3월 15일에 제사를 지내도록 하였다."
점보빌리지,제주특별자치도 서귀포시 안덕면 평화로319번길 31-11,987913,12,mixed,outdoor:공원 | mixed:관광단지,A02,A0202,A02020600,역사관광지,관광단지,테마공원,126.3055443214,33.2763404987,"점보빌리지는 우리나라에서 가장 많은 코끼리들이 대가족을 이루어 함께 살고 있는 특별한 코끼리 마을이다. 이곳은 코끼리들이 자유롭게 휴식하고 생활하는 공간으로, 코끼리와 사람들이 함께 공존할 수 있도록 조성된 곳이다. 점보빌리지는 단순히 코끼리들이 사는 곳에 그치지 않고, 방문객들이 코끼리들의 자연스러운 생활을 가까이서 체험할 수 있는 다양한 프로그램도 제공한다. 매일 진행되는 생태 해설을 통해 코끼리들에 대한 생태적 이해를 돕고, 코끼리 퍼레이드와 코끼리 가족운동회와 같은 다채로운 행사들이 펼쳐진다. 이를 통해 방문객들은 코끼리들의 독특한 사회 구조와 가족 간의 유대감을 느끼며, 코끼리와 인간이 어떻게 함께 살아갈 수 있는지에 대한 소중한 경험을 쌓을 수 있다."
점점,제주특별자치도 제주시 신촌북3길 39-3 1층,2899491,39,indoor,indoor:음식점/카페 | outdoor:산/해안,A05,A0502,A05020900,음식점,한식,카페/전통찻집,126.6152615419,33.5370637960,"카페 점점은 제주 신촌리 닭머리 해안 산책길 근처에 있다. 검은 벽돌집의 내부는 회색 노출 콘크리트와 진한 브라운 톤의 테이블, 은빛 식기로 깔끔한 조화를 이루었고 통창으로는 마을길이 보인다. 카페라테 맛집으로 유기농 우유를 사용하고 있으며 초당 옥수수 위에 올려주는 아이스크림도 인기 메뉴이다. ‘점점’이라는 메뉴는 플랫화이트로 커피에 섞이며 점점 녹아드는 바닐라를 의미한다. 어울리는 빵으로 먹물 소금 빵이 시그니처이다. 주변 여행지로 닭머리 해안길이 있다."
정가네밥상,제주특별자치도 제주시 아란서길 110 (아라일동),2836994,39,indoor,indoor:식당/음식점 | outdoor:계곡/공원/산,A05,A0502,A05020100,음식점,한식,한식,126.5399668613,33.4687562651,"제주정가네밥상은 아라일동 제주대학교병원 근처에 위치해있다. 제주도에서 보리굴비 한정식을 하는 곳으로 식당 옆 스마트팜에서 재배한 야채를 무한 제공하며, 식당에서 직접 도정한 쌀을 사용해 솥밥을 짓는다. 입구에 손 씻는 곳, 쌈 채소 셀프바, 넓은 주차장과 전기차 충전소 등 편리한 시설을 갖추고 있다. 산지에서 직송한 굴비, 흑돼지, 코다리 등 제철 음식을 아낌없이 제공하는 제주도 지역 맛집으로 식당이 넓고 깔끔하여 제주도민들의 회식, 돌잔치, 피로연 등의 장소로도 이용되고 있다. 근처에 함께 둘러보기 좋은 관광지는 제주별빛누리공원, 방선문계곡, 제주마방목지 등이 있다."
정물알오름,제주특별자치도 제주시 한림읍 금악리,1926369,12,outdoor,outdoor:공원/산/오름,A01,A0101,A01010400,자연관광지,국립공원,산,126.3249106803,33.3393282866,"정물알오름은 정물오름에 딸린 오름이란 뜻으로 붙여진 이름으로 금악 이시돌목장 내에 있는 정물오름의 서쪽 기슭에 위치해 있다. 원추형의 작은 오름이며 오름 앞에 있는 정물샘으로 유명한 오름인데, 정물샘의 물이 깨끗하고 양이 많아 식수가 귀한 제주에서 꽤 먼 곳의 마을 사람들도 물을 길어다 마셨다고 한다. 봉우리는 항공사진 판독 결과 화산체의 형태와 화구의 존재가 인정되어 정물오름과는 별개의 독립된 화산체로 보아야 하며, 주변의 언덕들은 정물오름 화구에서 흘러나오는 암설류로 이루어진 것으로 추정된다. 해송이 주를 이루며 삼나무 조림지 등과 함께 울창한 숲이 펼쳐져 있다."
정물오름,제주특별자치도 제주시 한림읍 금악리 산52-1,1926379,12,outdoor,indoor:몰 | outdoor:공원/산/오름,A01,A0101,A01010400,자연관광지,국립공원,산,126.3302158047,33.3380257364,"정물오름은 제주리 한림읍에 있는 말굽형 화구를 가진 기생화산이다. 오름 동남쪽에 당오름이 이웃해 있다. 오름의 형태는 남서쪽에서 다소 가파르게 솟아올라 꼭대기에서 북서쪽으로 완만하게 뻗어 내린다. 정물오름 서쪽에는 조그만 알오름이 있는데, 이를 '정물알오름' 이라 한다. 오름 북서쪽 비탈 아래쪽 기슭에 정물이라는 쌍둥이 샘이 있는데 이 샘 이름에서 오름 이름을 따왔다. 제주도는 전국 연평균 강수량에 비해 훨씬 많은 강수량에도 불구하고 마실 물이 귀했다. 이 샘은 물이 깨끗하고 양이 많아 이곳에서 꽤 먼 곳의 중산간마을 사람들도 물을 길러다 마셨다고 한다.정물오름은 억새뿐 아니라 노을 명소로도 손색이 없는 곳이다. 억새가 아름다운 시기에 일몰시간에 맞춰 이곳을 방문하는 것도 가을 제주 여행 추천 코스로 추천한다."
정방폭포,제주특별자치도 서귀포시 칠십리로214번길 37,126437,12,outdoor,outdoor:공원/산/폭포/해변/해안,A01,A0101,A01010800,자연관광지,국립공원,폭포,126.5716052770,33.2450398180,"천지연, 천제연과 더불어 제주도 내 3대 폭포 중의 하나인 정방폭포는 서귀포시 중심가에서 동남쪽에 위치해 있다. 바다로 직접 떨어지는 동양 유일의 해안폭포이며, 웅장한 폭포음과 쏟아지는 물줄기에 햇빛이 반사되면, 일곱 색깔의 무지개가 푸른 바다와 함께 어우러져 신비의 황홀경을 연출한다. 예로부터 이곳을 정방하폭(正房夏瀑)이라 하여 영주 십 경의 하나로 삼았다. 중국 진나라 시황제가 서불에게 동양의 삼신산의 하나인 한라산에 가서 불로초를 캐어 오도록 하였으나 불로초를 찾지 못하고 정방폭포의 절벽에 ‘서불과지(徐市過之)’라는 글을 새기고 서쪽으로 돌아갔다는 이야기가 있다. 해변을 끼고 높이 솟은 절벽에는 노송이 바다로 나뭇가지를 드리워 넘어질 듯 서 있으며 각종 수목이 울창하다."
정의향교,제주특별자치도 서귀포시 표선면 성읍서문로 14,1621147,12,outdoor,outdoor:산/오름,A02,A0201,A02010700,역사관광지,고궁,유적지/사적지,126.8000850448,33.3869055872,"정의향교는 1971년 제주특별자치도 유형문화유산으로 지정되었고 향교재단에서 관리하고 있다. 1423년 정의현청을 고성리에서 진사리(지금의 성읍리)로 옮겨 설치할 때 함께 성안으로 들어왔다. 그 후 여러 차례 개축과 이건을 거듭하다가 1849년 방어사 장인식이 조정에 주청하여 지금의 위치로 옮겨 세웠다.
향교는 훌륭한 유학자의 위패를 모시고 제사를 지내며 지방민의 교육과 교화를 위해 설립된 고려, 조선시대의 국립 지방 교육기관이다. 정의향교는 약간 높은 지역에 자리 잡고 있으며, 현재 대성전, 명륜당, 수선당, 수호사, 내삼문, 협문, 동재가 복원되어 있다. 대부분의 향교 건물이 남향이고, 제주향교와 함께 동쪽을 향하고 있으며, 배향 공간인 대성전과 강학 공간인 명륜당이 좌우로 나란히 배치되어 있다.
정의향교에는 현재 전패가 보관되어 있다. 대성전에는 5성, 10철, 송조6현과 한국의 18현의 위패가 봉안되어 있으며 해마다 봄가을에 석전을 봉행한다. 향교 앞에는 10개의 송덕비가 줄지어 서 있고 향교 안에도 5개의 송덕비가 있다. 주변에 가볼 만한 곳으로는 성읍민속마을과 보름왓, 백약이오름이 있다."
정의현성,제주특별자치도 서귀포시 표선면 성읍리 성읍민속마을 공영주차장 인근,1621165,12,outdoor,outdoor:산,A02,A0201,A02010200,역사관광지,고궁,성,126.8021126853,33.3852280274,"서귀포시 표선면에 있는 조선 시대의 성곽이다. 본래 이 성은 지금의 성산읍 고성리에 있었지만, 우도와 가까워서 새벽과 밤에 북과 나발 소리가 들리고 여러 번 태풍으로 흉년이 들었을 뿐만 아니라 왜적이 침범했기 때문에 세종 5년(1423) 9월에 안무사 정간이 진사리로 이전하여 축성했다. 당시 성의 둘레는 2,520척, 높이 13척이었다. 동, 서, 남에 각각 문이 있었으며, 문 위에는 초루가 있었다. 정의현성 안에는 110호에 달하는 가옥이 있고 성 밖으로도 많은 가옥이 있었으며 관아 문밖에 12개의 돌하르방을 세워 성안으로 출입하는 사람들을 감시하고 성을 지키는 수문장 역할을 했다.
1986년부터 정의현의 읍성 복원과 보수를 시작했다. 복원 과정에서 정의현감이 업무를 보던 일관헌은 1975년 옛 건물을 헐어내고 새롭게 증축해 제주도 유형문화재 제7호로 지정되었다. 또한 성읍민속마을 주변에 왜구의 침입으로부터 현청 등을 보호하는 성도 복원되었다."
정직한돈 본점,제주특별자치도 제주시 애월읍 애월해안로 253,2853566,39,indoor,indoor:음식점 | outdoor:산/해수욕장/해안,A05,A0502,A05020100,음식점,한식,한식,126.3390038084,33.4673976720,"제주시 애월읍 고내포구 인근에 위치한 정직한돈 본점은 제주 청정 자연에서 자란 숙성 흑돼지를 맛볼 수 있는 맛집이다. 이곳에서는 신선한 제주 흑돼지 근고기를 참숯에 구워 제공하는데, 숙련된 직원이 직접 고기를 구워줘 더욱 맛있고 편안한 식사가 가능하다. 정직한돈의 또 다른 별미로는 제주 바다의 신선함을 담은 딱새우회가 있으며, 고기와 해산물을 함께 즐길 수 있는 정직한돈 딱새우세트 메뉴도 인기다. 깔끔하고 넓은 매장에는 다양한 연예인과 유명 인사들이 다녀간 흔적이 벽면에 가득해, 이미 입소문이 나 알려져 있다. 인근의 곽지해수욕장이나 한담해안산책로를 함께 둘러보며 제주의 바다 풍경을 즐기기에도 좋은 코스다."
제7회 농촌융복합산업 제주국제박람회,제주특별자치도 서귀포시 중문관광로 224 (중문동),3318880,15,mixed,outdoor:산 | mixed:복합,A02,A0208,A02080600,역사관광지,전통공연,박람회,126.4244820031,33.2412795735,"제7회 농촌융복합산업 제주국제박람회는 소비자와 생산자가 직접 만나 농촌융복합산업 제품을 직접 경험하고, 제품의 가치와 우수성을 인지할 수 있는 기회를 제공하는 행사이다. 올해 7회째를 맞이하는 제주국제박람회는 매해 새로운 주제 전환을 시도하여, 참관객과 언론등의 관심을 이끌어냈다. 올해는 전년도에 이어 '푸드테크'를 주제로 AI로봇과 푸드테크의 결합을 통해 다양한 콘텐츠를 제공할 예정이다. 또한 수출유통상담회, 국제포럼 등을 운영하여 농촌융복합산업의 다양한 인사이트를 공유하고, 새로운 방향을 제시하고자 한다."
제라진어드벤쳐,제주특별자치도 제주시 조천읍 선교로 33,2752733,28,outdoor,outdoor:레포츠/산,A03,A0302,A03022300,레포츠소개,수련시설,오프로드,126.7159844893,33.4872070398,"제주의 말들과 노루, 꿩이 자유롭게 뛰어노는 429,752㎡(13만 평) 규모의 초원과 숲에서 자연 그대로의 제주를 느낄 수 있는 국내 유일의 오프로드 투어를 제공한다. 스릴 넘치는 오프로드 투어부터 RC카를 통한 미니멀한 제주 투어까지, 오직 제주에서만 가능한 순간들을 경험할 수 있다. 제주 오프로드 코스 설계의 특별한 점은, 세계 자연유산에 인접한 원시 자연 그대로를 재현했다는 것이다. 가급적 ‘말이 다녔던 길을 따라’ 체험코스를 설계했다. 완만한 능선과 골짜기가 중첩된 지형은 액티비티를 만끽할 최적의 조건이며, 6.5km에 달하는 다이내믹한 코스는 특별한 체험의 시간을 선사한다. 또한 체험 코스 중간에서 포토타임을 가질 수 있어 잊지 못할 추억을 남길 수 있다. ‘바퀴 달린 집’ 촬영 이후 더 유명해졌다."
제레미,제주특별자치도 제주시 애월읍 애월로 106-1,2852155,39,indoor,indoor:음식점/카페,A05,A0502,A05020900,음식점,한식,카페/전통찻집,126.3185167661,33.4645504417,"제레미는 제주 애월리의 조용하고 한적한 동네 골목 안에 자리한 작은 감성 카페로, 외부의 번잡함에서 벗어나 여유로운 시간을 보내기에 딱 알맞은 공간이다. 스테인드글라스가 달린 독특한 외관이 눈길을 끌며, 카페 주변의 정적인 분위기와 어우러져 한층 더 감성적인 느낌을 자아낸다. 제레미는 특히 핸드드립커피 맛집으로 알려져 있으며, 그중에서도 ‘제레미 커피’는 이곳의 시그니처 메뉴로, 차가운 우유에 고소한 에스프레소 더블샷을 더해 얼음 없이도 진하고 풍부한 맛을 즐길 수 있다. 커피 뿐 아니라 디저트 메뉴로 제공되는 두툼한 토스트도 인기인데, 게랑드 버터와 수제 잼이 함께 제공되어 고소하고 달콤하여 조화롭다."
제로포인트트레일,제주특별자치도 제주시 산지로 25 (건입동),2718799,28,outdoor,outdoor:레포츠/산/트레킹,A03,A0302,A03022700,레포츠소개,수련시설,트래킹,126.5292195284,33.5147676675,"기존의 일반적인 한라산 등산이 해발 650~750m 인근의 탐방로 입구에서 출발한다면 제로포인트트레일은 한라산을 해발 0m에서 1947m 까지 동력의 힘을 빌리지 않고 온전히 참가자의 두 다리로 오르는 총장 31㎞ 의 Sea To Summit 트레킹 챌린지 프로그램이다. 첫마음, 한계의 도전, 자신과의 싸움, 리스타트 등의 핵심가치를 가지고 있으며 20대에서 60대까지 폭넓은 참가자 연령층을 가지고 있다. 완주하신 참가자께는 완주 인증서가 발급되며 제로포인트트레일의 공식 운영처인 제로스테이션에 완주 기념 명패가 영구 부착된다."
제스토리,제주특별자치도 서귀포시 막숙포로 60 (법환동),2859034,38,outdoor,indoor:쇼핑 | outdoor:산/섬,A04,A0401,A04010900,쇼핑,5일장,특산물판매점,126.5149353881,33.2361121271,"제스토리는 범섬이 보이는 법환포구에 위치해 있다. 이곳은 서귀포 최대 규모 감성 소품샵으로 300명의 제주 아티스트가 참여하여 키링, 방향제, 엽서, 도자기, 인형, 뜨개 소품, 캔들 등의 독특한 작품을 만나볼 수 있다. 또한 버려진 해녀복을 재활용해 만든 이곳만의 한정 소품 시리즈도 만나볼 수 있다. 제주의 전통과 환경을 동시에 지켜내는 업사이클링 상품으로 여행객들에게 ‘진짜 제주’를 담아 가는 의미 있는 선물을 제공하려 한다. 1층과 2층으로 운영되며, 2층에는 제주 범섬이 보이는 아름다운 제주 바다를 감상할 수 있다. 매장에서 10만 원 이상 구매 시 무료 택배 서비스를 이용할 수 있다."
제이엠그랑블루요트,제주특별자치도 서귀포시 대포로 172-7 (대포동),2571240,28,outdoor,outdoor:레포츠,A03,A0303,A03030300,레포츠소개,윈드서핑/제트스키,요트,126.4396057595,33.2382440357,"주식회사 제이엠 그랑블루요트는 대포포구에 위치한 요트투어 관광지로 47인승, 44인승 요트를 보유하여 동시에 최대 91명까지 승선이 가능하다.일반투어 소요시간은 1시간으로 대포항에서 출항하여 월평동굴 및 주상절리를 항해하는 차별화된 코스를 운영하고 있다.요트투어를 하는 동안 비경관람, 세일링, 낚시가 가능하다. 계절별 특별메뉴(동절기-어묵, 컵라면/하절기-과일)와 와인, 생맥주, 쿠키, 원두커피가 제공된다.노래방 시설, 화장실 등 편의시설이 완비되어 있다.<br>"
제주 글라스하우스,제주특별자치도 서귀포시 성산읍 고성리 46,2778809,12,indoor,indoor:베이커리/카페 | outdoor:섬,A02,A0205,A02050600,역사관광지,다리/대교,유명건물,126.9340141417,33.4291280857,"제주 섭지코지에 자리한 글라스하우스는 현대건축의 거장으로 꼽히는 안도 다다오의 작품이다. 일본 출신의 건축가인 그는 노출 콘크리트를 시적으로 승화시킨 독창적인 아이디어와 자연, 빛과 조화롭게 어우러진 건축물로 국내에서도 뜨거운 인기를 누리고 있다. 글라스하우스는 곧게 뻗은 선과 네모반듯한 면이 작가의 상징처럼 느껴진다. 건축물의 모양새는 바다를 향해 기지개를 켜듯 꺾쇠 형태로 뻗어 나간다. 간결해 보이지만 안도 다다오만의 섬세한 매력이 곳곳에 숨어 있다. 글라스하우스는 플로이스트 베이커리 카페, 소품샵 페이보릿 아일랜드로 이루어져 있다. 특히 플로이스트 베이커리 카페는 탁 트인 통유리 너머 제주 바다의 아름다움까지 즐길 수 있어 낭만적인 분위기를 즐기기에 좋다. 해가 질 무렵이면 카페 전체가 붉은 노을에 물든다. 

 ◎ 한류의 매력을 만나는 여행 정보 - 영화 <마녀2>
마녀 프로젝트를 만든 백총괄의 신비로운 저택은 휘닉스 제주의 글라스 하우스이다. 글라스 하우스의 민트레스토랑은 어느 자리에서든 넓게 펼쳐진 바다를 볼 수 있다. 건물이 위치한 섭지코지와 함께 둘러보기를 추천한다."
제주 노루생태관찰원,제주특별자치도 제주시 명림로 520,1672315,12,outdoor,indoor:전시/전시관 | outdoor:공원/산/숲길/오름,A01,A0101,A01010500,자연관광지,국립공원,자연생태관광지,126.6266209993,33.4444547805,"제주 노루생태관찰원은 2007년 8월 3일 개장하였다. 각종 동식물이 자연 그대로 보존된 52㏊의 공간에 오름에서 자유롭게 뛰노는 노루를 관찰할 수 있는 숲길 관찰로와 관람객이 가까이에서 직접 노루를 만져보고 먹이 주기 체험을 할 수 있는 상시관찰원이 조성되어 있다. 전시관에는 제주의 다양한 동식물과 한라산의 식생분포 등 제주의 자연에 대한 동물 이야기관과 노루의 특징, 역사 속에 나오는 노루의 기록 등 노루에 대한 지식을 제공하는 노루의 생태관, 노루의 생태와 생활상을 영상으로 보여주는 노루이야기 영상관이 있다. 천혜의 자연환경을 바탕으로 제주의 상징인 노루를 직접 관찰하고 휴식을 취하면서 노루에 대한 지식을 얻을 수 있는 노루생태관찰원은 자연학습과 생태체험을 동시에 즐길 수 있는 우리들의 공간이다. 거친 오름 중턱을 따라 조성된 숲길 관찰로는 온 가족이 쉽게 이용할 수 있는 트래킹 코스로 약 40분이 소요되며 탁 트인 전망과 함께 자연 속의 휴식공간을 제공한다. 노루생태관찰원에서는 노루먹이 주기 체험과 나무를 이용한 노루 만들기 체험 등을 진행하고 있다."
제주 뉴오션리조트,제주특별자치도 제주시 애월읍 고내로13길 59,905600,32,indoor,indoor:리조트/숙박/카페/펜션/호텔 | outdoor:산/해수욕장/해안,B02,B0201,B02010700,숙박시설,관광호텔,펜션,126.3455948543,33.4694947659,"뉴오션리조트는 애월읍 해안도로 주변에 위치하고 있어 바다를 조망할 수 있고, 소나무 숲과 어울어져 있어 더욱 맑은 공기와 경관을 자랑하고 있다.
제주 시내와 관광지의 중심이라 할 수 있는 곳에 위치하여 이동도 편리할 뿐더러 관광지, 해수욕장, 골프장들과의 접근성이 용이하다.
아이들 및 어른들이 물놀이 할 수 있는 풀장, 바다를 감상하며 담소를 나눌 수 있는 정자를 비롯해 산책로, 카페등 다양한 시설을 갖추고 있다. 특별히 멀티룸에는 노래방시설, 음향시설 및 영상관람 시설을 완비하고 있기 때문에 중소 기업체 연수/세미나/워크샵등도 가능하다."
제주 당처물동굴 [유네스코 세계자연유산],제주특별자치도 제주시 구좌읍 월정리 1457,477920,12,outdoor,outdoor:공원/산,A01,A0101,A01011900,자연관광지,국립공원,동굴,126.7850130123,33.5567310147,"당처물 동굴은 제주시에서 1132번 국도를 따라 동쪽으로 약 27㎞쯤 떨어진 곳에 있다. 화산활동에 의해 땅에서 3㎞ 정도 아래에 형성된 용암동굴로 32만 년 전에 만들어진 것으로 추정된다. 동굴은 입구가 없어 노출되지 않아 동굴모습이 그대로 보존되어 있다. 당처물 동굴은 용암동굴이지만 동굴 위의 지표에 쌓인 조개모래의 석회성분에 의해 만들어진 2차 생성물이 석회동굴을 방불케 하고 있다. 고드름처럼 생긴 종유석과 땅에서 돌출되어 올라온 석순, 그리고 종유석과 석순이 만나 기둥을 이룬 석주 등 동굴생성물이 매우 아름답게 발달해 있으며, 특히 가늘고 긴 종유석과 기둥 모양의 석주가 동굴 전체에 걸쳐 크게 발달하였다. 당처물 동굴은 소규모의 동굴이지만 동굴 내 2차 생성물이 매우 다양하여 지질학적 학술가치가 크므로 천연기념물로 지정하여 보호하고 있다.
또한 동굴 생성물 등의 보호를 위해 공개 제한 지역으로 지정되어 있어 관리 및 학술 목적 등으로 출입하고자 할 때에는 국가유산청장의 허가를 받아 출입할 수 있다."
제주 동백마을,제주특별자치도 서귀포시 남원읍 한신로531번길 22-1,2023350,12,outdoor,outdoor:산,A02,A0203,A02030100,역사관광지,농.산.어촌 체험,농.산.어촌 체험,126.7451829828,33.3203953813,"제주 동백마을은 서귀포시 남원읍에 중산간 마을로 300년의 역사를 가진 설촌터이자, 도 지정기념물로 지정된 동백나무군락지를 중심으로 동백을 테마로 한 마을사업을 하고 있는 곳이다. 마을 곳곳에 토종 동백나무와 수령이 300~400년 된 동백나무를 볼 수 있으며, 마을 공동사업으로 운영하는 동백방앗간에서 생산한 동백기름을 판매하고 있으며, 동백이야기를 담은 동백 공예체험, 마을에서 직접 생산한 식용동백기름을 이용한 동백음식체험, 생동백기름을 이용한  천연비누체험도 가능하다. 동백마을에서 주민들이 가꿔 더욱 아름다운 나무도 보고, 고사리파스타 만들기 체험도 경험해 보자."
제주 메이플호텔,제주특별자치도 제주시 원노형3길 41 메이플호텔,1932636,32,indoor,indoor:숙박/시장/호텔 | outdoor:해수욕장,B02,B0201,B02010100,숙박시설,관광호텔,관광호텔,126.4817104098,33.4865589227,"메이플호텔은 제주국제공항에서 차량 5분 거리인, 제주도청이 있는 신제주지역에 있다. 객실은 더블침대와 넓은 휴식공간이 있는 패밀리룸, 싱글베드와 더블베드가 있는 트윈룸, 더블베드 하나와 미니테이블이 있는 더블룸으로 나뉜다. 비교적 객실이 넓고 청결해 만족도가 높다. 차량으로 7분 거리에 이호테우해수욕장이 있고 15분 이내 거리에 도두항, 용두암, 동문재래시장 등이 있어 관광을 즐기기 좋다."
제주 명도암참살이마을,제주특별자치도 제주시 명림로 268-71,801097,12,outdoor,outdoor:공원/산/오름/트레킹/휴양림,A02,A0203,A02030100,역사관광지,농.산.어촌 체험,농.산.어촌 체험,126.5948837907,33.4917101568,"밧세미오름 인근 제주시 봉개동에 위치한 명도암마을은 1604년경 조선시대 유학자인 명도암 김진용 선생이 유학을 전파한 데서 이름을 유래했다. 노루들이 사는 아름다운 16개의 오름으로 둘러싸인 중산간 마을로 자연연못과 습지가 많은 것이 특징이다.
드넓은 목장에 양 떼들의 이국적인 풍경을 만들어 내는 멋진 풍광과 옛 모습 그대로의 자연이 그대로 녹아든 조용한 마을로 ‘참살이’라는 자연 친화적인 삶을 추구하고 있다. 마을 전체가 연중 채소를 생산하여 신선한 먹을거리, 바른 먹을거리를 위하는 건강한 마을이다. 봄에는 마을 주도로인 명림로를 따라 올라가면 길 양쪽에 벚꽃이 만발하여 꽃길로, 겨울에는 화사한 눈꽃이 만발하여 눈길로 유명하다. 많은 오름을 보며 한라산을 배경으로 드라이브와 트레킹을 즐길 수 있다. 벽화가 그려진 도로변을 따라 맛집이 여러 곳이 있어 먹는 재미도 쏠쏠하다. 또한 넓은 들에 뛰어노는 양 떼, 방목하는 말, 노루 생태공원을 둘러보며 보고 직접 먹이도 줄 수도 있다.
마을 중간에는 명도암참살이체험마을이 있어 김치 담그기, 양 먹이주기 체험 등 다양한 체험 프로그램을 운영한다. 마을 끝머리에는 절물 휴양림이 있어 도시에서 찌든 삶을 치유하는 삼림욕을 즐길 수 있다. 봄에는 마을 마실가기 행사와 가을에는 오름 트레킹 축제가 열린다."
제주 무지개해안도로,제주특별자치도 제주시 도두일동 1734,2714306,12,outdoor,outdoor:공원/해안,A01,A0101,A01010500,자연관광지,국립공원,자연생태관광지,126.4724745846,33.5093895815,"도두동 무지개 해안도로는 공항에서 차로 10분 거리에 있는 이색 도로다. 차량 추락을 막기 위해 해안도로를 따라 설치된 방호벽에 색을 입혀보자는 주민들의 의견을 반영하여 무지개색으로 칠했는데, 관광객들 사이에서 도두동 무지개 해안도로로 불리면서 명소가 되었다. 주변에는 해녀상을 비롯한 여러 조각상이 있어 구경하는 재미가 있고, 걸어서 이동이 가능한 곳에 도두봉이 있는데, 올레길 코스이면서 숨은 비경 중 하나이다. 경사가 완만하여 오르기 어렵지 않다."
제주 베스트힐 글램핑&펜션,제주특별자치도 제주시 조천읍 남조로 2109-36,2741532,28,outdoor,indoor:펜션 | outdoor:공원/레포츠/숲길/오름/캠핑,A03,A0302,A03021700,레포츠소개,수련시설,"야영장,오토캠핑장",126.6579180711,33.4537542527,"제주 남조로에 위치한 베스트힐 캠핑장은 제주의 허파라고 불리는 곶자왈 숲 속 바농오름 자락에 있으며, 세계 유일의 독특한 숲인 곶자왈을 온몸으로 느끼며 캠핑할 수 있다. 베스트힐 캠핑장은 제주공항에서 20~30분 정도의 거리에 있어, 인근 유명여행지를 오가기에 좋은 위치에 있다. 베스트힐 캠핑장은 펜션과 글램핑장 구성으로 되어 있다. 펜션은 동백, 허브, 명상, 패밀리룸, 체험룸으로 이루어져 있으며, 객실마다 자연을 느낄 수 있는 나무로 인테리어 장식이 되어있다. 글램핑장 또한 커플, 가족 글램핑으로 구분할 수 있다. 텐트마다 욕실, 화장실을 갖추고 어린이를 위한 넓은 잔디 위의 놀이터와, 여름이면 차양막이 설치된 수영장을 이용할 수 있다. 또한 열기구를 타고 하늘을 날 수 있는 이색체험이 있는 곳이다. 주변 관광지로는 에코랜드와 제주돌문화공원, 함덕해수욕장. 사려니숲길 등이 있다."
제주 블랙스톤,제주특별자치도 제주시 한림읍 한창로 925-122,984523,32,indoor,indoor:리조트/숙박/호텔 | outdoor:산/오름 | mixed:관광단지,B02,B0201,B02010100,숙박시설,관광호텔,관광호텔,126.3124118005,33.3377949264,"블랙스톤 골프&리조트는 제주 원시림의 자연 원형을 그대로 살린 리조트로 휴양과 레저, 문화와 예술 속 휴식을 위한 가족형 휴양 골프 리조트이다. 골프 코스 27홀과 클럽하우스 이외에 부티크 비즈니스 호텔인 힐하우스 호텔, 여행과 레저의 피로를 이완할 수 있는 스파, 고객의 프라이버시를 존중한 빌라 등 있다. 이들 각각의 업장은 고객의 편의를 위한 별도의 부대 시설을 가지고 있어 리조트 단지 내에서 모든 활동이 가능하다. 지리적으로 한라산의 서쪽 밑자락에 위치하여 공항에서 30분 정도 소요되며 중문 관광단지에서 15분 거리의 편리한 접근성을 가지고 있으며 주변에 오름들이 자연 분지를 만들어 겨울에는 눈, 비, 바람이 적고, 여름에는 시원한 것이 특징이다."
제주 블랙스톤 골프클럽,제주특별자치도 제주시 한림읍 한창로 925-122,988238,28,outdoor,outdoor:레포츠/산/오름,A03,A0302,A03020700,레포츠소개,수련시설,골프,126.3124118005,33.3377949264,"제주도의 곶자왈 지역에 위치한 제주 블랙스톤 골프클럽은 원형의 아름드리나무들을 그대로 옮겨 놓아, 다양한 역사를 가진 외국의 명문 코스를 연상케 한다. 골프클럽 설계 전문 회사가 디자인 하였으며, 네 개의 홀 전경이 한눈에 보이는 레이아웃으로 감탄을 자아내는 1번 홀에서 출발하여, 남쪽 코스로 접어들면 다양한 오름들의 풍경이 펼쳐지고, 북쪽 코스 7번과 8번 홀에서는 한라산의 모습을 감상하며 즐길 수 있다."
"제주 사계해안도로, 바다와 산의 하모니에 홀릭하다!",,2717306,25,outdoor,outdoor:산/섬/해안,C01,C0114,C01140001,가족코스,힐링코스,힐링코스,0,0,"제주여행의 매력은 뭐니 뭐니 해도 해안 따라 드라이브를 즐기는 것이다. 사면이 바다로 둘러싸여 있기 때문이다. 제주의 해안도로는 비경과 특징이 각기 다르다. 그중 산과 섬, 바다가 한데 어우러지며 빼어난 경관을 간직한 곳이 바로 사계해안도로이다. 
사계해안도로는 제주 안덕면 사계리(산방산)~대정읍 상모리(송악산)를 연결하는 도로로 빼어난 해안절경과 섬과 산의 절묘한 어우러짐이 펼쳐진다. 해안을 둘러싸듯 우뚝 솟은 산방산과 송악산이 해안의 양쪽 끝에 버티고 있어 포근함과 안정감을 주는 서귀포시의 대표적인 해안도로이다. 낮은 지대로 달리다보니 해안 조망이 눈높이에 있어 디테일하게 비경을 담을 수 있다. 해안과 산, 도로가 합의일체로 그려내는 빼어난 광경 외에도 바다를 붉게 물드는 환상적인 낙조까지 자연이 만들어낸 모든 것이 아름답고 황홀하다.<br><br>
※ 하단의 지도를 확대하여 코스별 상세 위치를 확인할 수 있습니다.<br>
　 지도상의 코스가 겹치는 경우 지도를 확대하여 확인해주세요.<br>
　 (원하는 위치에서 마우스 휠 또는 손가락을 이용하여 지도 확대보기가 가능합니다.)"
제주 산방산탄산온천,제주특별자치도 서귀포시 안덕면 사계북로41번길 192,128555,12,mixed,outdoor:산 | mixed:관광단지,A02,A0202,A02020300,역사관광지,관광단지,온천/욕장/스파,126.2988482889,33.2489628616,"제주 산방산탄산온천은 서귀포의 대중온천이자, 국내에서 보기 힘든 탄산 온천이다. 이곳의 온천은 구명수라 부르기도 하는데, 구명수는 비둘기 울음소리가 난다는 뜻과 사람을 구한 물이란 뜻이다. 예로부터 이곳에서 나온 물을 마시고 병을 고치거나 고혈압과 심장에 좋다는 이야기가 있다. 이는 피부로 흡수된 탄산가스가 모세혈관을 자극하여 확장시키고 결국 혈압을 내려 심장의 부담을 덜어주는 효과를 가지고 있기 때문이다. 또 탄산온천은 피부 미용과 피로해소에도 좋다고 알려져 있다. 산방산탄산온천은 천장과 벽면이 모두 유리로 되어 있어 자연 안에서 온천을 즐기는 듯하며, 시원하게 펼쳐진 제주의 모습을 보며 입욕을 즐기기 매우 좋다."
제주 삼양동 유적,제주특별자치도 제주시 선사로2길 13,129455,12,mixed,indoor:전시/전시관 | outdoor:야외/해안,A02,A0201,A02010700,역사관광지,고궁,유적지/사적지,126.5877975763,33.5232982139,"제주 삼양동 유적은 청동기부터 초기 철기시대의 해안평탄대지에 많은 사람들이 모여 큰 마을을 이루고 살았던 마을 유적이다. 이 마을 안에는 크고 작은 집터, 창고, 저장공, 야외 토기요지, 마을 공간을 구획한 돌담과 배수로, 폐기장, 조개무지, 고인돌 등이 확인되었다. 발굴조사에서 확인된 집터는 원형주거지, 장방형주거지, 부정형주거지, 창고지 등이다. 원형주거지가 가장 많이 확인되었으며 대부분 한국 본토의 이른바 ‘송국리형 주거지’의 형태를 취하고 있다. 이 유적지에서 출토된 옥제품 등으로 보아 당시 삼양 동선사인들은 ‘삼국지’ 등의 기록처럼 중국, 일본 등과의 교역을 통해 축적된 부를 토대로 탐라국의 기틀을 다진 것으로 짐작된다. 삼양동 유적이 한국 본토나 일본의 야요이시대 주거지와 다른 특징적 요소는 집터 유구 자체가 완전한 정형성으로 작은 광장이 배치되어 있고 그 주위로 원형 움집 다수가 둥그렇게 들어서 있는 ‘단위주거군’의 정형성을 보이고 있다. 이러한 유적의 중요성 때문에 삼양동 마을 유적은 1999년 11월 15일에 국가사적지로 지정되었고, 지난 2004년 4월 전시관 2동, 선사 움집 14동 등이 복원 완료되어 문화관광자원으로 활용되고 있다."
제주 서귀포 산방산,제주특별자치도 서귀포시 안덕면 사계리 산16,127861,12,outdoor,outdoor:공원/산/해안,A01,A0101,A01010400,자연관광지,국립공원,산,126.3140110065,33.2424277101,"산방산은 제주 서남부 지역의 평탄한 지형 위에 우뚝 솟은 타원형의 돔형(dome) 화산으로 한라산, 성산일출봉과 함께 제주의 3대 산으로 불리며, 구름이 주위를 감싸 안으면 비가 내린다는 신비스러운 분위기의 영산으로 옥황상제가 한라산의 봉우리를 뽑아 던져 만들었다는 전설 등이 전해진다. 특히, 산방산 서남쪽 중턱에 암벽 속으로 깊이 파인 산방굴이 있는데 이 굴에서 바라보는 용머리해안 풍경과 해넘이 경관이 뛰어나다. 자연유산 명승의 보호를 위해 공개제한지역으로 지정관리하고 있어 관리 및 학술 목적 등으로 출입하고자 할 때에는 국가유산청장의 허가를 받아 출입할 수 있다. 

(출처 : 국가유산청)"
제주 성산항,제주특별자치도 서귀포시 성산읍 성산등용로 129-21,2800664,12,outdoor,outdoor:공원/산/섬/해안,A01,A0101,A01011400,자연관광지,국립공원,항구/포구,126.9299218287,33.4725482235,"성산항은 1968년 1월 연안항으로 지정되었다. 연안 화물 및 수산물 유통을 원활하게 하고 여객의 해상 교통 편의를 제공하고 있다. 주로 모래, 감귤 등 제주 동부 지역 연안 화물 처리와 연안 어업 기지로서의 기능을 수행하고 있고, 인근 성산 일출봉 및 우도 등 해양 관광 시설의 지리적 여건을 갖추고 있어 관광항으로서의 개발 잠재력이 풍부하다. 섬 속의 섬인 우도를 잇는 뱃길로 많은 관광객들이 성산항을 찾고 있다. 또한, 성산포 전경과 우도의 해안 절경을 시원한 선상에서 바라볼 수 있는 유람선을 운항하며, 우도의 서빈백사나 주간명월, 용두암, 후해석벽, 말뚝 바위, 동안 경굴 등 제주의 빼어난 절경을 바다 위에서 볼 수 있다는 것이 큰 특징이다. 성산항을 시작해 동쪽 종달에서 세화, 김녕을 잇는 해안도로도 드라이브 코스로 제격이다."
제주 성읍마을 고창환 고택,제주특별자치도 서귀포시 표선면 성읍서문로 4-7,1621161,12,outdoor,outdoor:산,A02,A0201,A02010400,역사관광지,고궁,고택,126.8001350317,33.3872944340,"19세기 초에 세운 것으로 보이며, 정의향교와 울타리를 사이에 두고 있는 제주 성읍마을 고창환 고택은 정의고을의 여인숙으로 쓰였던 일이 있어, 지금도 주민들 사이에는 여관집이라고 불리기도 한다. 문을 들어서면 왼쪽 곁으로 헛간채, 그 앞마당을 가로질러 안채가 있고 안채 뒤편으로 넓은 텃밭과 수목들이 우거져 집 주변과 조화롭게 어울린 자연이 격을 더한다. 
안채는 한라산 산남지역에서 볼 수 있는 전형적인 3칸 집으로 앞에서 볼 때 왼쪽부터 부엌, 대청, 안방으로 구성되어 있고 부엌 뒤쪽에 작은방을 안방 뒤쪽에는 곡물을 쌓아두던 고팡을 마련하였다. 대청마루와 안방 앞쪽으로는 툇마루를 두고 대청마루에 두 개의 쌍여닫이 널문을 설치하였다. 그중 오른쪽 문에만 작은 생깃문(호령창)을 달았다. 생깃문은 주인이 일꾼이나 머슴을 부르거나 바깥사람과 대화할 때 쓰는 작은 창이다. 부엌 앞에는 물동이를 넣는 바구니인 물구덕을 얹어두는 물팡이 있다. 헛간채는 1칸으로 멍석이나 살림 도구 등을 두던 곳이다. 전형적인 민가의 특징을 잘 보여주고 있으며 특히 상방과 고팡과 안뒤와 정지 등의 공간구성이 어색함이 없이 매우 자연스러우며, 평범하면서도 부족함이 없다. 여관으로서 특이한 가옥 형태는 찾아볼 수 없지만 평범하고 단출한 옛 농가의 형태를 살피고 대문 없는 민가를 연구하는데 좋은 자료가 되고 있다."
제주 성읍마을 고평오 고택,제주특별자치도 서귀포시 표선면 성읍정의현로34번길 5-3,1621155,12,unknown,,A02,A0201,A02010400,역사관광지,고궁,고택,126.8018154715,33.3859918271,"서귀포시 표선면 성읍리에 있는 조선시대의 고택으로 성읍민속마을 안에 있다. 고평오의 증조부가 1829년(순조 29)에 지었다고 전해진다.
고택에는 안거리(안채), 밖거리(바깥채), 모커리가 배치되어 있다. 모커리는 안채, 바깥채 사이에 배치된 대문간 옆의 건물로, 수레간과 절구 등을 보관하던 헛간으로, 현재 있는 모커리 맞은편에 모커리 한 채가 더 있었는데 1970년대 중반에 헐었다고 한다. 지금 있는 건물들은 1979년에 수리한 것으로 바람에 지붕이 날리지 않도록 새끼줄로 그물처럼 덮어 놓았다.
배치 도면에서 남쪽에 위치하는 바깥채는 예전 면사무소 관원들이 숙식하던 곳이었다고 전해지며, 안채 대청의 쌍여닫이창은 제주 남부 일부 지방에서만 볼 수 있는 중요한 연구자료로 평가된다."
제주 센트럴파크,제주특별자치도 제주시 조천읍 비자림로 606,128049,12,mixed,indoor:전시 | outdoor:공원/산/야외 | mixed:관광단지/복합/테마파크/파크,A02,A0202,A02020600,역사관광지,관광단지,테마공원,126.6745670935,33.4332262333,"제주 센트럴파크는 태고의 신비를 그대로 간직한 한라산을 중심으로 둘러싼 중산간에 위치하여 있다. 1만 5천 평 규모의 사계절 형형색색의 아름다운 경관 속에 에펠탑, 자유의 여신상, 콜로세움 등 전 세계의 유명 건축 조형물 미니어처와 캐릭터 조형물, 그리고 세계 위인상과 인물상이 전시되어 있다. 이곳은 세계문화유산의 나라, 세계 위인의 나라, 환상과 동화의 나라, 공룡의 나라, 레이싱카트장 등 5개의 이색 테마로 이루어져 있다. 특별한 제주 속 세계여행지로 각광받고 있는 제주 센트럴파크는 문화예술에 대한 경험의 폭을 넓히는 창의적인 공간이자 국내 최초 야외 전동 고카트장에서 안전하게 드라이빙을 즐길 수 있는, 관람과 체험을 동시에 만족하는 복합문화공간이다. 근처에 에코랜드 테마파크와 산굼부리분화구가 있어 연계해서 방문하는 것도 좋다."
제주 스위스마을,제주특별자치도 제주시 조천읍 함와로 566-27,2763726,12,outdoor,indoor:숙박 | outdoor:산,A02,A0203,A02030100,역사관광지,농.산.어촌 체험,농.산.어촌 체험,126.6767932932,33.4939389994,"제주도 스위스 마을은 다채로운 색감의 상가와 숙박시설로 꾸며져 있으며 마을 곳곳에 여행자들을 위한 포토존들이 마련되어 있는 곳으로, 여러 공방과 아기자기한 소품 숍들이 있어 함께 구경하기 좋은 곳이다. 언덕배기에 지어진 마을이라 올라갈수록 아름다운 제주도의 바다가 펼쳐져 마치 동화 속에 들어온 듯한 느낌을 받을 수 있다."
제주 스위트호텔,제주특별자치도 서귀포시 중문관광로72번길 67,142713,32,indoor,indoor:센터/숙박/실내/호텔 | outdoor:산/섬,B02,B0201,B02010100,숙박시설,관광호텔,관광호텔,126.4083582278,33.2490784581,"싱그러운 북태평양의 푸른 바다와 매혹적인 한라산이 우아한 자태를 뽐내는 섬, 제주의 수려한 자연경관과 사람들이 한데 어울린 제주 중문단지 내에 자리한 제주 스위트호텔은 고객을 한 번 더 생각하는 서비스를 통해 편안하게 머무를 수 있도록 모든 편의를 제공하고 있다. 객실 90개를 보유하고 있으며 포근하고 아늑한 객실은 언제 들어서더라도 깨끗함과 안락함을 느낄 수 있도록 늘 준비되어 있고 현대적인 감각에 발맞춰 모던하고 심플하게 꾸며져 있다. 호텔 내의 부대시설로는 대연회장, 중연회장, 소연회장, 실내수영장, 포르테(가족노래방), 편의점, 비즈니스센터, 기념품점, 발 마사지 샵 등이 마련되어 있다. 비즈니스맨을 위한 회의시설과 최첨단 장비를 갖춘 비즈니스센터는 고객들이 다양한 비즈니스를 진행하는 데 도움을 주고 있다. 그 밖의 무료 인터넷, 컴퓨터, 프린터, 복사, 팩스 및 전화 서비스도 제공하고 있다. 또한 다양한 규모의 화려하고 격조 높은 맛을 풍기는 각 연회장에서는 기억에 남을 만한 연회를 연출하고 품격 있는 서비스를 제공하고 있다. 편안한 여행의 즐거움을 마음껏 만끽하고 삶의 여유와 넉넉함을 즐기며 추억으로 간직할 소중한 시간을 만들 수 있는 격조 높은 휴식처가 될 수 있도록 제주 스위트호텔은 항상 정성이 깃든 최고의 서비스를 제공하고 있다."
제주 우도 천진항 대합실,제주특별자치도 제주시 우도면 우도해안길 70,2798882,12,mixed,indoor:센터 | outdoor:섬 | mixed:관광단지,A02,A0202,A02020800,역사관광지,관광단지,유람선/잠수함관광,126.9515555965,33.4928352215,"제주도의 동쪽 끝에 있는 우도는 물소가 머리를 내민 모양(우두형)으로 있는 것 같다고 해서 붙여진 이름이다. 서울 면적의 약 100분의 1이며, 인구가 1,800여 명 정도 되는 제주도의 섬이다. 우도에는 2개의 선착장 천진항과 하우목동항이 있는데 우도의 관문 항구이자 관광객들에게 많이 알려진 곳은 천진항이다. 우도 유채꽃 마을 정보 센터와 바로 붙어있는 우도 천진항 대합실은 크지 않은 규모로 매표소와 대기석 그리고 간단한 간식과 기념품을 구매할 수 있는 매점이 있다. 대합실 근처에는 우도 관광의 편의를 위해 전기자동차 대여소들이 즐비해 있다. 우도로 들어올 때는 자동차와 스쿠터를 가지고 들어올 수 있다. 자동차는 선적증 구입 후 출항 시간 10분 전까지 선원의 지시에 따라 반드시 면허증 소유자가 선적시켜야 한다."
제주 청수마을,제주특별자치도 제주시 한경면 대한로 1036 (한경면),1936339,12,outdoor,outdoor:산,A02,A0203,A02030100,역사관광지,농.산.어촌 체험,농.산.어촌 체험,126.2475734300,33.3180683119,"곶자왈이란 세계에서 유일하게 열대 북방한계 식물과 한대 남방한계 식물이 공존하는 제주의 독특한 숲을 말한다. 청수마을이 속한 한경·안덕곶자왈은 애월곶자왈, 조천·함덕곶자왈, 계좌·성산곶자왈과 함께 제주 4대 곶자왈로 꼽힌다. 주민 해설사와 함께 곶자왈을 탐방하는 프로그램으로 인기를 끈다. 육지에서 흔히 보지 못한 구불구불한 수형의 특이한 나무와 이끼로 덮인 울퉁불퉁한 돌을 보느라 눈이 바빠지고 맑은 공기와 숲의 향기를 맡느라 코가 바빠지지만 마음만은 차분해지는 곳이다."
제주 추사관,제주특별자치도 서귀포시 대정읍 추사로 44,2406460,14,outdoor,indoor:박물관/전시/전시관 | outdoor:산,A02,A0206,A02060300,역사관광지,박물관,전시관,126.2785639201,33.2498068953,"제주추사관은 조선후기 대학자이자 예술가인 추사 김정희 선생의 삶과 학문 예술세계를 기리기 위해 지난 2010년 12월 건립되었다. 제주추사관의 전신은 1984년 지주지역 예술인들과 제주사 연구자들의 노력으로 건립된 추사유물전 시관이다. 그러나 전시관이 낡은 데다, 2007년 10월 추사유배지가 국가지정문화재로 승격되면서 그 격에 걸맞게 재건립되어야 한다는 여론에 따라 새롭게 제주추사관을 완공하였다. 제주추사관은 추사기념홀을 비롯해 3개의 전시실과 교육실, 수장고 등의 시설을 갖추고 있으며, 부국문화재단, 추사동호회 등에서 기증해 주신 ‘예산김정희종가유물일괄’, 추사 현판 글씨, 추사 편지 글씨, 추사 지인의 편지 글씨 등을 전시하고 있다."
제주 탑동해변공연장,제주특별자치도 제주시 중앙로 2,129895,14,outdoor,indoor:공연장/박물관 | outdoor:야외/해변,A02,A0206,A02060600,역사관광지,박물관,공연장,126.5243032176,33.5179061303,"아름다운 제주 해변 풍광과 함께 시원한 바다 내음을 맡으며 다양한 무대 공연을 관람할 수 있는 야외 공연장이다. 공연장의 구조를 갖춘 최초의 야외 공연장으로서 수준 높은 공연이 가능한 곳이다. 지상 3층의 공연장 건물과 노천 객석 2,500여석 규모로 전국 유일의 바닷가에 인접한 공연장으로 국내 최초의 야외 공연장이다. 주변에 조망할 수 있는 바다와 항구가 있고, 공연장 옆에는 광장이 있어서 다양한 여가 활동을 즐기는 제주 시민을 만날 수 있다.  

(출처 : 제주 문화관광 홈페이지)"
제주 토끼섬 문주란 자생지,제주특별자치도 제주시 구좌읍 문주란로 (구좌읍),126445,12,outdoor,outdoor:섬/해안,A01,A0102,A01020100,자연관광지,희귀동.식물,희귀동.식물,126.9083420420,33.5202314920,"문주란 자생지는 하도리 해안에서 50m쯤 떨어진 토끼섬에 위치해 있다. 섬 주변은 바위로 둘러싸여 있으며, 안쪽으로 형성된 모래땅에 문주란 군락이 형성되어 있다. 이 자생지는 한때 많이 파괴되었으나 사람들의 노력으로 보존 및 관리되고 있다.
제주 토끼섬은 우리나라 유일의 문주란 자생지로서 기후로 보아 분포의 북쪽 한계 지역이기 때문에 학술적 가치가 높아 천연기념물로 지정하고 보호하고 있다. 문주란은 일본, 중국, 인도, 말레이시아, 우리나라 등에 분포하는 식물로 연평균 온도가 15℃, 최저온도가 -3.5℃ 이상인 환경에서 자란다. 꽃은 흰색으로 7~9월에 피는데, 이 꽃이 활짝 피는 것은 밤중이며 향기가 강하게 난다."
제주 항공우주 호텔,제주특별자치도 서귀포시 안덕면 녹차분재로 216,2847272,32,indoor,indoor:박물관/센터/숙박/호텔 | outdoor:계곡/산/숲길/오름,B02,B0201,B02010100,숙박시설,관광호텔,관광호텔,126.2945919146,33.3024207786,"제주항공우주호텔은 제주항공우주박물관과 이웃해 있으며 아시아금융 그룹이 운영한다. 객실이 넓은 가족호텔로 잘 알려져 있다. 주변에 높은 건물이 없고 서광다원의 녹차밭과 산방산을 조망할 수 있다. 한울, 오름, 스페이스홀, 에어로홀 등 4개의 레스토랑과 편의점, 비즈니스 센터 등 부대시설을 갖추고 있다. 아침 조식을 제공하여 기업체 미팅, 가족 단위 여행객, 비즈니스 여행으로 머물러 가기 좋다. 서광다원을 가로질러 가면 오설록티뮤지엄이 있고, 근처 여행지로 산방산, 안덕계곡, 화순곶자왈생태탐방숲길 등을 둘러볼 수 있다."
제주4·3평화공원,제주특별자치도 제주시 명림로 430,1907801,12,mixed,indoor:기념관/전시/전시관 | outdoor:공원 | mixed:관광단지,A02,A0202,A02020700,역사관광지,관광단지,공원,126.6177605342,33.4498540414,"제주 4·3 평화공원은 4·3 사건으로 인한 제주도 민간인 학살과 처절한 삶을 기억하고 추념하며, 화해와 상생의 미래를 열어가기 위한 평화 인권기념공원이다. 제주 4·3 평화공원 조성사업은 제주 4·3 사건에 대한 공동체적 보상의 하나로 이루어졌으며, 4·3 특별법 공포(2000), 공원부지 매입, 조성기본계획 연구 용역, 현상공모, 건축공사, 전시물 제작 및 설치 등이 이어져 2008년 3월 28일 개관하게 되었다. 
공원 안에는 제주 4·3 평화기념관, 위령제단, 위령탑, 봉안관 등이 이곳을 지키고 있다. 위령제단은 연중 4·3 희생자에 대해 참배를 진행하는 곳이며, 그들을 모시고 있는 위패봉안실이 따로 마련되어 있다. 봉안관은 4·3 유해발굴 사업 시기에 발굴된 유해를 봉안하는 장소로 현재 380기가 안치되어 있다. 각 명비원에는 희생자의 성명과 성별, 당시 연령 등을 기록해 두었다. 
제주 4·3 평화기념관에는 총 6개의 특별 전시관이 있다. 제1관에서는 주민들의 피신처로 활용되었다는 천연동굴을 주제로 한 역사관이 있으며, 제2관에서는 해방과 좌절이라는 주제로 해방 후 3·1절 기념행사에서 사망한 6명의 민간인의 이야기를 담아내고 있다. 제3관에서는 무장봉기와 분단 거부라는 주제로 1948년 4월 3일에 일어난 무장봉기에 대한 이야기가 있고, 제4관에서는 학살에 관한 내용을 다루고 있다. 마지막으로 5관과 6관에서는 진상 규명 운동으로 상처를 극복해 내는 과정과 관람 후의 소감문이 걸려 있다."
제주901,제주특별자치도 제주시 1100로 2977-10 (노형동),2931723,32,indoor,indoor:숙박/카페/호텔 | outdoor:산,B02,B0201,B02011000,숙박시설,관광호텔,민박,126.4862885506,33.4529238296,"한라산 자락에 위치한 숙박시설인 제주 901은 자연과 가까운 곳에 자리하여 웰니스 관광지로 알려져 있다. 이곳은 아늑한 숙박공간 ‘스테이’와 건강한 비건음식을 제공하는 비건카페를 이용할 수 있다. 숙소의 내부는 퀸사이즈 침대와 개인 화장실, 거실엔 테이블과 미니 냉장고가 비치되어 있다. 침대 머리 위 천창으로 밤하늘을 볼 수 있고 큰 창으로 제주의 자연을 몸으로 느낄 수 있다. 또한 제주 901은 요가와 명상, 힐링특강 등 지친 일상에서 벗어나 쉬며 나를 돌볼 수 있는 다양한 웰니스 프로그램을 진행한다."
제주고로,제주특별자치도 서귀포시 대정읍 서삼중로 94,2843982,39,indoor,indoor:식당/음식점,A05,A0502,A05020300,음식점,한식,일식,126.2024645004,33.2711838996,"제주고로는 제주 서귀포시 대정읍 무릉초등학교 근처에 위치한 작은 퓨전 일식당이다. 외진 무릉리 마을 한켠에 자리 잡고 있지만, 맛과 분위기로 입소문이 나 많은 여행객들이 일부러 찾아오는 숨은 맛집이다. 주요 메뉴는 고로덮밥을 비롯한 다양한 덮밥류와 크림우동 등 우동류로 구성되어 있으며, 아보카도 등 이색적인 재료를 활용한 덮밥 메뉴가 눈길을 끈다. 매장 외관은 아담하면서도 감성적인 분위기를 풍기며, 내부는 조용하고 깔끔해 연인이나 가족 단위 방문객에게 적합한 공간이다. 고요한 분위기 속에서 여유롭게 식사를 즐길 수 있다. 인근에는 가파도와 마라도로 향하는 배가 출발하는 모슬포항이 있어 식사 전후로 함께 둘러보기에도 좋다."
제주고사리맛집 복돼지식당,제주특별자치도 서귀포시 표선면 서성일로 63,2847916,39,indoor,indoor:식당/음식점 | outdoor:산,A05,A0502,A05020100,음식점,한식,한식,126.8025679194,33.3975711157,"복돼지식당은 제주도의 전통과 맛을 한껏 느낄 수 있는 식당으로, 제주 성읍민속마을 북쪽에 자리잡고 있다. 제주 아주머니가 직접 키운 신선한 농산물을 활용해 정성스럽게 차린 제철 밥상을 제공하는 것이 큰 특징이다. 복돼지식당의 대표 메뉴는 고사리오겹살, 고사리육개장, 고사리비빔밥 등으로, 모두 제주산 생고사리를 듬뿍 넣은 특별한 요리들이다. 이곳에서 사용하는 고사리는 직접 채취한 생고사리로, 부드럽고 야들야들한 식감이 뛰어나 많은 관광객뿐만 아니라 제주 현지 주민들에게도 큰 인기를 얻고 있다. 식당 내부는 넓고 쾌적하여 단체 손님도 여유롭게 식사할 수 있으며, 넓은 전용 주차장도 마련되어 있어 차량 이용 시에도 편리하다. 혼잡을 줄이고 보다 원활한 이용을 위해 예약제로 운영되고 있으니 방문 전 예약은 필수다."
제주고산리유적안내센터,제주특별자치도 제주시 노을해안로 1100,2986689,14,outdoor,indoor:박물관/센터/전시/전시관 | outdoor:산,A02,A0206,A02060300,역사관광지,박물관,전시관,126.1659113851,33.3044852037,"1987년 5월 고산리 주민이 흙을 채취하기 위해 땅을 파다 석창과 긁개를 발견하고 제주대학교 사학과 학생을 통해 이청규 교수에게 알려졌다. 같은 달 출토지점 일대를 답사하여 첨두기 등 타제석기 3점이 추가 발견되고 융기문토기가 채집된 후 제주대학교박물관의 1991년 지표조사 및 세 차례의 발굴조사를 통해 학계에 보고되면서 세상에 알려지게 되었다. 그 중요성을 받아 1999년 국가사적으로 지정되었다. 제주고산리유적안내센터는 우리나라 가장 오래된 신석기유적인 제주고산리유적을 안내, 홍보하고 다양한 교육체험 및 행사를 통해 우리동네 유적을 알리고 지역과의 화합, 연계를 하고 있다."
제주공항그때그집,제주특별자치도 제주시 서해안로 352-1,2876836,39,indoor,indoor:음식점 | outdoor:해안,A05,A0502,A05020100,음식점,한식,한식,126.4827764432,33.5104174096,"제주공항그때그집은 용담 해안도로 사수항 근처에 있다. 바다가 보이는 흑돼지 전문점으로 제주에서 유명한 그때그집 본점의 직영점이다. 인기 있는 흑돼지 세트 메뉴에는 흑돼지 오겹살, 목살, 새송이버섯, 고사리, 소시지, 양념게장과 흑돼지 김치찌개가 포함되어 있어 가격 대비 푸짐하다. 점심 특선인 흑돼지 김치찌개를 주문할 경우 무한리필이며 라면 사리, 철판 계란프라이가 포함된다. 주변 여행지로 무지개 해안도로, 도두봉 등이 있다."
제주곶자왈도립공원,제주특별자치도 서귀포시 대정읍 에듀시티로 178,2858467,12,outdoor,indoor:전시/카페 | outdoor:공원/산/전망대,A01,A0101,A01010200,자연관광지,국립공원,도립공원,126.2735802771,33.2832503451,"제주곶자왈도립공원은 서귀포 대정읍 보성리, 구억리, 신평리에 걸쳐 조성한 도립공원이다. 곶자왈이란 암괴들이 불규칙하게 널려있는 지대에 형성된 숲으로, 다양한 동 식물이 공존하며 독특한 생태계가 유지되고 있는 지역을 말한다. 입구에는 탐방 안내소가 있으며 전시학습실, 생태학습실, 카페가 있다. 탐방코스는 테우리길, 한수기길, 빌레길, 오찬이길, 가시낭길로 다섯 가지 코스가 있다. 매일 두 번의 숲 해설을 진행하고 있어 함께 들으면서 탐방하기 좋다. 테우리길, 빌레길, 오찬이길이 만나는 곳에는 곶자왈 전망대가 있어 곶자왈과 주변 경관을 조망할 수 있다. 탐방 시 등산화, 운동화는 필수이며 구두, 샌들, 키높이 운동화 착용 시 입장이 불가하다."
제주과학탐구체험관,제주특별자치도 제주시 산록북로 421-1 (오라이동),2905116,14,indoor,indoor:박물관/전시/전시관/체험관,A02,A0206,A02060300,역사관광지,박물관,전시관,126.5314546657,33.4266496763,"제주과학 탐구체험관은 제주시 오라동 제주 미래 교육연구원에 위치하고 있다. 다양한 과학 체험을 할 수 있는 곳으로 1층 역동의 큐브는 물리, 역학적인 체험 전시물, 2층 발견의 큐브는 도입수학, 생명과학, 지구과학, 3층 도약의 큐브는 드론, 우주, 로봇, 스마트, 에너지, 시공간과 관련된 체험 전시물로 구성되어 있다. 이 외에도 유아 체험관, 3D 영상관과 천체투영실, 물품 보관함, 도서관을 갖추고 있으며 시설 사용료는 무료이다."
제주관광공사 중문면세점,제주특별자치도 서귀포시 중문관광로 224 (중문동),2708336,38,mixed,indoor:센터/쇼핑/시장 | outdoor:산 | mixed:관광단지,A04,A0401,A04010400,쇼핑,5일장,면세점,126.4244653377,33.2413184576,"중문 면세점은 제주를 관광하는 모든 여행자의 편의와 만족을 위해 제주관광공사에서 중문에 운영하고 있다. 제주국제컨벤션센터 1층에 있는 중문 면세점은 제주 관광의 랜드마크로, 중문관광단지 관광과 함께 면세쇼핑을 여유 있게 즐길 수 있다. 제주관광공사 면세점은 국내 최초 내국인 면세점으로서 제주를 대표하는 쇼핑관광 인프라로 국내 항공과 선박을 통해 누구나 이용할 수 있다. 구매 한도는 연간 이용 횟수 6회이며, 1회 구매 한도는 미화 800달러로 지정하고 있다. 주변에 가 볼 만한 곳으로는 중문 향토오일시장과 성산일출봉, 섭지코지등이 있다."
제주광해 애월점,제주특별자치도 제주시 애월읍 애월해안로 867,2758900,39,indoor,indoor:음식점 | outdoor:산,A05,A0502,A05020100,음식점,한식,한식,126.3904433191,33.4877767845,"어느 자리에 앉아도 애월 바다를 조망할 수 있는 제주광해에서 갈치조림을 시키면 딱새우에 잘 익은 무가 같이 나온다. 특히 항공모함 통 갈치조림을 시키면 제주산 왕 갈치에 문어 한 마리가 통째로 나온다. 전복, 꽂게, 돼지갈비도 함께 즐길 수 있다. 양념 국물에 밥을 비벼 먹으면 공깃밥을 하나 더 추가하는 경우도 많다. 함께 나오는 해물 모둠장은 속이 알찬 황게장, 전복장, 명란젓이 레몬 맛과 어우러지며 짜지 않고 상큼하다. 넓은 주차장이 구비되어 있어 차량 방문에 용이하다."
제주국제컨벤션센터,제주특별자치도 서귀포시 중문관광로 224,130877,14,outdoor,indoor:박물관/센터 | outdoor:공원/산/해안,A02,A0206,A02060400,역사관광지,박물관,컨벤션센터,126.4244958917,33.2412740186,"서귀포 중문 해안가에 위치한 제주국제컨벤션센터는 제주의 국제회의 전문시설이다. 2003년 3월 22일 개관하였으며, 지상 7층 구조로 최대 4,300명을 수용할 수 있다. 한·아세안 특별정상회의, 한중일 정상회의 등 다양한 정상급 국제회의를 개최했으며, 2025년에는 APEC 정상회의 고위관리회의가 개최되었다. 제주도를 형상화한 타원형 외관은 유네스코 세계지질공원 명소인 대포 주상절리와 아름다운 조화를 이루고 있으며, 유리벽 건물 내부에서는 한라산 조망이 가능하다. 제주국제공항에서 리무진 버스가 운영중이며, 1층에는 국내선 전용 면세점이 위치해 있어 편리하게 이용할 수 있다."
제주국제평화센터,제주특별자치도 서귀포시 중문관광로 227-24,130872,14,mixed,indoor:박물관/센터/전시/전시관/카페 | outdoor:섬 | mixed:관광단지,A02,A0206,A02060300,역사관광지,박물관,전시관,126.4220626997,33.2443708606,"제주국제평화센터는 2005년 제주특별자치도가 대한민국 정부로부터 세계평화의 섬으로 공식 지정되면서 상징시설인 제주국제평화센터를 서귀포시 중문관광단지 내에 건립하였다. 제주국제평화센터는 지상 2층, 지하 1층 건물에 4개의 전시실과 세미나실, 정보 자료실, 기념품 매장, 카페테리아 등의 부대 시설을 갖추고 있다. 제주국제평화센터는 다양한 시청각 자료들을 전시하고 있으며, 제주가 평화의 섬으로 지정되기까지의 정치적, 지리적, 환경적인 이유를 쉽고 자세하게 설명하고 있다. 전시실 내부의 한국어, 영어, 중국어 안내문은 국내 관람객뿐 아니라 제주를 찾는 해외 관광객들에게 동북아시아 평화의 중심으로서의 제주를 알리는 역할을 하고 있다."
제주그림카페,제주특별자치도 서귀포시 안덕면 녹차분재로 218 제주항공우주박물관 4층,2847753,39,indoor,indoor:몰/박물관/음식점/카페,A05,A0502,A05020900,음식점,한식,카페/전통찻집,126.2978138414,33.3031485262,제주그림카페는 제주도 서귀포시 안덕면 제주항공우주박물관에 위치한 이색 카페이다. 인테리어를 몰입형 미술 콘텐츠(Immersive Drawing Art)로 꾸며서 사진을 찍으면 마치 만화 속에 들어가 있는 것처럼 보인다. 대표 메뉴는 고소한 땅콩 생크림과 커피가 조화를 이룬 너티웨이브이다. 이외에도 브런치 메뉴와 각종 음료가 다양하게 있다. 제주항공우주박물관 입장권 구매 없이 카페만 이용할 수 있다.
제주대 벚꽃길,제주특별자치도 제주시 제주대학로 102,2606696,12,outdoor,outdoor:공원,A01,A0101,A01010500,자연관광지,국립공원,자연생태관광지,126.5624123787,33.4579467077,"제주대 벚꽃길은 제주도에서 가장 유명한 벚꽃 명소 중 하나이다. 제주시청을 지나 1131번 도로를 타고 내려가다 보면 왼편으로 제주대학교 진입로가 나타난다. 제주대학교 입구까지 도로변에 벚나무들이 즐비하게 늘어서 있으며, 만개한 벚꽃을 보기 위해 많은 이들의 발걸음이 이어지고 있다. 꽃 터널을 지나가는 듯한 환상적인 기분을 느낄 수 있는 드라이브 코스로, 만개한 꽃송이가 떨어지는 광경이 눈이 내린 설경을 보는 것 전해질 정도로 아름다운 벚꽃길을 만끽할 수 있다."
제주도 관광특구,제주특별자치도,1957971,12,mixed,indoor:갤러리/박물관/센터 | outdoor:공원/산/섬/오름/해수욕장 | mixed:관광단지,A02,A0202,A02020200,역사관광지,관광단지,관광단지,126.4961418675,33.3911585950,"한반도의 남서해상에 위치하는 제주도는 특별자치도로 지정된 국내 최대의 관광 지역이다. 전 지역이 관광특구로 지정될 만큼 발길 닿는 곳마다 아름다운 자연 경관이 펼쳐진다. 내외국인을 합쳐 한 해 약 1,500만명 이상의 관광객이 다녀갈 정도로 매력적인 이 섬의 크기는 남북으로 31㎞, 동서로 73㎞에 이른다. 유네스코 3관왕(세계자연유산, 세계지질공원, 생물권보전지역) 지역이며, 세계7대자연경관 지역으로 지정된 제주도는 온대 지방의 특징을 가진 한반도의 육지와는 다른 기후대에 자리했다. 덕분에 아열대에서 아한대에 이르는 제주만의 식생을 보유했다.
제주도의 색다른 자연은 이 섬을 찾은 여행자들의 발길을 붙잡는다. 섬 한가운데 우뚝 솟은 한라산과 산기슭에 솟아 오른 크고 작은 오름이 만들어 내는 풍경, 해안에 펼쳐진 주상절리는 화산섬 제주도를 대표하는 풍경이다. 바다에서 한라산을 향해 오르다 만나는 중산간 지역은 자연이 주는 선물이다. 제주세계자연유산센터가 있는 거문오름을 찾아 중산간의 자연을 탐방하는 것도 좋다. 제주의 방언과 생활풍습도 이색적이다. 해안선을 따라 이어진 182㎞의 일주도로는 자동차는 물론 스쿠터나 자전거를 타고 달리면 좋다. 도보길인 ‘제주올레’를 따라가면 걸어서 제주도를 한 바퀴 돌 수 있다.제주도는 ‘국제관광도시’ ‘국제자유도시’ 라는 이름에 걸맞게 관광은 물론 정치·경제에서도 육지의 자치구들보다 자유롭고 다양한 정책을 펼치고 있어 외국인들에게도 인기 있다.

* 제주도 관광특구 현황
1) 범위 : 제주특별자치도 전역(부속 도서 제외)
2) 면적 : 1,809.56k㎡
3) 관광특구 지정일 : 1994년 8월 31일

* 제주도 관광특구 시설 현황
한라산, 오름, 해안일주도로, 중산간 지역, 제주올레 도보길, 해수욕장, 박물관, 갤러리, 중문 관광 단지 등"
제주도 국가지질공원,제주특별자치도 제주시 조천읍 선교로 569-36,1162240,12,outdoor,outdoor:계곡/공원/산/섬/오름,A01,A0101,A01010500,자연관광지,국립공원,자연생태관광지,126.7142575546,33.4569020299,"제주도는 한반도 서남단에서 남쪽으로 약 90㎞ 떨어져 있는 대륙붕 위의 화산섬으로 화산분출물로 형성되었다. 화산지형이 원형 그대로 잘 보존돼 지구과학적 가치가 크고, 경관도 아름답다. 제주도는 이 가운데 경관이 뛰어난 명소 9곳(한라산, 성산일출봉, 만장굴, 서귀포층, 산방산과 용머리해안, 수월봉, 중문 대포해안 주상절리대, 천지연폭포)을 유네스코 세계지질공원 네트워크(GGN)에 세계지질공원으로 인증받았다. 유네스코가 지원하는 세계지질공원은 지질학적으로 가치가 있고, 희귀하며 경관이 아름다운 지역으로 교육과 지질관광이 활발히 이루어져 지역 경제 발전에 기여하는 곳을 말한다. 제주도는 유네스코가 인정하는 지질공원, 생물권 보전지역, 세계 자연유산을 보유함으로써 세계적인 자연관광지로서 거듭나고 있다.
한라산은 제주도 순상화산의 중심 봉우리이며 1,950m의 해발고도로 남한에서 가장 높은 산이다. 한라산은 제주도의 상징이자 한반도와 주변 해역에서 일어난 제4기 화산활동의 대표적인 산물이기도 하다. 정상부에 깊이 108m, 너비 550m의 화구호인 백록담 분화구가 있으며 영실기암의 가파른 암벽과 약 40여 개의 오름 등 여러 화산지형을 갖고 있다. 풍화와 침식에 의해 순상화산의 원래 지형이 파괴되지 않은 상태로 남아있는 한라산은 2002년과 2007년에는 각각 유네스코 생물권 보전지역과 유네스코 세계 자연유산으로 등재되었다.
전형적인 수성화산으로 높이 179m로 제주도 동쪽 해안에 거대한 고대의  성곽처럼 우뚝 솟아있다. 성산일출봉 응회구는 수심이 얕은 해저에서 분출하여 해수면 위로 성장한 섯치형 화산의 탄생과 성장과정을 잘 보여주고 있다. 2000년과 2007년에 각각 천연기념물과 유네스코 세계 자연유산으로 지정되었다.
만장굴은 거문 오름에서 흘러나온 용암이 땅 위를 흐르다 만들어진 용암동굴로 전체 길이 약 7,400m, 최대 높이 약 25m, 최대 폭 약 18m로서 제주 세계 자연유산의 한 부분인 거문 오름 용암 동굴계에 속하는 용암동굴이다.
서귀포층은 수성화산 활동으로 생긴 화산재가 해양 퇴적물과 함께 쌓이기를 반복해 생겨난 약 100m 두께의 퇴적층으로 천연기념물로 지정되어 있다.
산방산은 제주도의 남서부 해안에 위치하고 있으며, 395m의 높이를 지닌 거대한 용암 돔이다. 밝은 회색을 띠고 있는 산방산 용암 돔은 주상절리가 잘 발달한 조면암으로 구성되어 있다.
용머리 해안은 산방산 용암돔의 남쪽 해안에 있는 용머리는 제주에서 가장 오래된 화산 지형으로 수성화산 활동으로 만들어진 응회환의 일부이다. 용머리는 작은 돌기처럼 돌출해 있는 형상을 하고 있으며, 바닷속으로 들어가는 용의 머리를 닮았다하여 ‘용머리’로 불리며 해안경관이 뛰어나다.
수월봉은 제주도의 서쪽 가장자리에 위치하고 있는 기복이 낮은 언덕 형태의 화산 쇄설성 퇴적층이다. 땅속에서 올라온 마그마가 지하수를 만나 격렬하게 폭발하면서 뿜어져 나온 화산재들이 쌓여 형성된 응회암의 일부로 높이가 77m이다.
대포동의 주상절리 용암은 인근에 있는 녹하지악이라는 오름에서 분출된 용암이 해안으로 흘러와 굳으면서 생겨났다. 주상절리의 기둥이 두껍게 잘 만들어져 있는 아랫부분과 주상절리의 기둥이 가늘고 복잡하게 만들어져 있는 윗부분의 수평과 수직 단면에서 잘 발달되어 있다.
천지연폭포는 높이는 22m, 폭은 12m이며 폭포 아래에는 수심 20m의 호수가 형성되어 있다. 폭포의 하류는 서귀포항까지 약 1㎞ 정도의 계곡을 형성하는데 이곳에 서식하는 무태장어, 담팔수나무 및 난대림은 천연기념물로 지정되어 있다."
제주도 세계자연유산 탐방 1 코스,,1961038,25,outdoor,outdoor:산,C01,C0114,C01140001,가족코스,힐링코스,힐링코스,126.6928183084,33.4323127375,여행은 제주도의 절묘한 자연경관과 특별한 맛을 느낄 수 있는 여행이다. 가을 억새의 향연이 펼쳐지는 산굼부리와 유네스코 세계자연유산에 등록된 성산일출봉 등 제주의 숨은 절경을 찾아 나선다.
제주도 세계자연유산 탐방 3 코스,,1961043,25,outdoor,indoor:박물관 | outdoor:공원/산,C01,C0112,C01120001,가족코스,가족코스,가족코스,126.6598791230,33.4488520479,"여행은 제주도의 절묘한 자연경관과 특별한 맛을 느낄 수 있는 여행이다. 세계자연유산으로 등재된 만장굴과 돌과 더불어 살아 사는 제주인의 삶이 오롯이 녹아든 제주돌문화공원을 방문하고, 제주도만의 민속자연을 볼 수 있는 민속자연사박물관을 돌아보자."
제주도립김창열미술관,제주특별자치도 제주시 용금로 883-5 김창열미술관,2713583,14,indoor,indoor:미술관/박물관/전시,A02,A0206,A02060500,역사관광지,박물관,미술관/화랑,126.2686822387,33.3390996509,"제주도립 김창열미술관은 ‘물방울 화가’로 널리 알려진 김창열 화백의 주옥같은 작품을 만나 볼 수 있으며, 현대미술의 발전에 이바지하는 미술작품과 자료를 전시, 연구 수집하는 것을 목적을 가지고 있다. 김창열은 미술관 건립을 위해 주요 작품 220점을 기증했다. 홍재승 건축가가 설계한 미술관 하늘에서 보면 중정을 기준으로 거대한 큐브형 건물 8개가 둘러싸인 모습이다. 이는 김창열이 추구한 회귀의 철학을 건축적으로 표현한 것이다."
제주도예촌,제주특별자치도 서귀포시 대정읍 암반수마농로 433,635460,12,outdoor,outdoor:산,A02,A0203,A02030400,역사관광지,농.산.어촌 체험,이색체험,126.2353895524,33.2651073075,"제주도예촌은 제주도 무형문화재 제14호 허벅장 '신창현' 선생외 전수자 및 제주전통도공, 관련 기능인들이 전통도예의 맥을 잇고 있다. 세계에서 유일하게 돌로 축조된 제주전통가마인 석요는 1960년에 들어서면서 맥이 끊어졌다. 그러다 20년간의 조사와 연구를 토대로 2000년에 복원에 성공한 노랑굴이 공개되면서 유약을 칠하지 않고 불의 힘으로 얻어지는 천연도기가 생산되고 있다. 도예촌에는 현재 '노랑굴', '검은굴' 외에 기왓굴, 축조 중인 굴을 합쳐서 6기를 보유하고 있다. 매년 최소한 1회 이상 학술발표회 및 세미나를 통해서 제주전통도예를 널리 알리고 함께 공유하며 도자기체험행사도 개최한다."
제주도파인비치 펜션,제주특별자치도 서귀포시 남원읍 태위로 976-10,2747514,28,outdoor,indoor:시장/펜션 | outdoor:레포츠/정원/캠핑,A03,A0302,A03021700,레포츠소개,수련시설,"야영장,오토캠핑장",126.7488667422,33.2875796161,"제주파인비치 펜션은 서귀포시 남원읍에 있다. 제주 올레길 4코스 중간 지점에 있는 바닷가 근처에 펜션과 카라반이 함께 있는 캠핑장이다. 제주 남쪽 푸른 바다를 마음껏 감상하며 캠핑을 할 수 있는 곳으로, 바다가 보이는 오션뷰가 멋있는 캠핑장이다. 넓고 깨끗한 주차장과 제주 느낌이 물씬 나는 야자수, 잘 가꿔진 잔디 정원이 있다. 차로 20분 거리에 올레시장이 있다."
제주독서대전,제주특별자치도 제주시 사라봉동길 30 (건입동),3349628,15,unknown,,A02,A0207,A02070200,역사관광지,문화관광축제,일반축제,126.5478984552,33.5149873859,"제9회 제주독서대전은 제주시 우당도서관이 주관하는 제주 대표 독서문화 축제이다. 축제는 2025년 10월 24일부터 26일까지 제주시 우당도서관 일원에서 개최된다. 올해 독서대전의 주제는 책에 폭싹 빠졋수다이다. 본 행사는 개막식을 비롯하여 저자 강연, 공연, 체험 프로그램 등으로 구성되어 있다. 제주시 올해의 책으로 선정된 일반 부문 도서 고전이 답했다. 마땅히 살아야 할 삶에 대하여 의 저자 고명환 작가와, 어린이 부문 도서 『오늘부터 배프! 베프!』의 김성라 그림 작가의 강연이 진행된다. 또한 책 속 등장인물 분장놀이 대행진, 책GPT에게 내 마음을 물어봐, 나의 문해력 책, 첵(Check!), 책들의 수다방 등 다양한 연령층이 참여할 수 있는 부대행사가 마련되어 있다. 제9회 제주독서대전은 세대와 계층을 아우르는 독서문화 교류의 장을 형성하며, 지역사회가 책을 매개로 소통하고 공감할 수 있는 환경을 조성하는 것을 목적으로 한다. 이는 제주에서 가장 큰 규모의 독서 축제로, 책의 가치와 즐거움을 시민과 함께 나누는 대표적인 문화 행사이다."
제주돌마을공원,제주특별자치도 제주시 한림읍 금능남로 421 (한림읍),130856,14,outdoor,indoor:박물관/전시/전시관 | outdoor:공원/산/오름,A02,A0206,A02060300,역사관광지,박물관,전시관,126.2537526540,33.3537783490,"제주돌마을공원 수석전시관은 30여 년 동안 수집해 온 제주의 수석, 자연석, 화산석 등을 전시해 놓은 곳이다. 자연석으로만 꾸며져 있으며 제주의 신비한 자연석을 각기 다른 테마로 구성해 전시했다. 화산 폭발과 용암의 흐름 등으로 각양각색으로 만들어진 자연석들이 있으며 전시관은 암반을 따라 테마별 수석 코너를 관람하도록 조성했다. 수석의 개수는 총 5,000여 점으로 코너별 테마는 동물 형상석, 제주도 생성 비밀을 간직한 화산탄, 자연물이나 생명체를 닮은 경석, 사람 얼굴을 빼닮은 두상석 등이 있고 캐릭터를 설정해 인간의 사랑과 일생을 형상석에 대입해 보여주는 코너가 있어 재미를 더한다. 368개 수석으로 오름을 형상화한 제주도 테마 코너도 볼거리가 많다."
제주돌문화공원,제주특별자치도 제주시 조천읍 남조로 2023,1544730,14,outdoor,indoor:몰/박물관/시장/전시/전시관 | outdoor:공원/산/야외/오름,A02,A0206,A02060100,역사관광지,박물관,박물관,126.6640038158,33.4466495807,"제주돌문화공원은 돌의 고장 제주에 있는 돌문화를 종합적이고 체계적으로 보여주는 박물관이자 생태공원이다. 2020년까지 전체공원이 조성되었으며, 제1단계로 제주 돌 박물관, 제주 돌문화 전시관, 제주의 전통 초가 등의 전시관이 완공되어 공사가 시작된 지 7년 만인 2006년 6월 3일 문을 열었다. 
제주돌문화공원은 제주만의 독특한 자연유산인 오름 앞에 자리 잡고 있으며, 제주의 돌문화를 한곳에서 볼 수 있는 곳이다. 각종 돌 조형물들과 거석 사이를 통과하여 숲 속 오솔길을 따라가다 보면 박물관과 제주의 전통 초가들을 볼 수 있다. 야외 전시장에는 48기의 돌하르방, 사악한 기운과 액운을 몰아낸다는 방사탑, 도둑이 없어 대문도 없다는 제주의 상징인 정주석, 무덤 주위에 세워 망자의 한을 달래준다는 제주만의 내세관을 보여주는 동자석 등을 볼 수 있다. 제주의 역사와 전통 자연미를 함께 느낄 수 있는 자연과 문화의 쉼터이다.  

◎ 한류의 매력을 만나는 여행 정보 - 영화 <마녀2>
마녀 프로젝트를 진행하는 비밀연구소 아크의 배경이 된 장소는 돌문화공원 내에 있다. 공원 부지 100만 평 중 70%는 돌, 나무, 덩굴이 어우러진 곶자왈로 제주의 정체성과 예술성을 잘 담아낸 곳이다."
제주돌창고,제주특별자치도 제주시 한경면 조수7길 8,2790487,39,indoor,indoor:음식점/카페 | outdoor:야외,A05,A0502,A05020900,음식점,한식,카페/전통찻집,126.2335770008,33.3371215416,오랫동안 비어 있던 제주 전통 돌창고를 재활용한 카페다. 제주만의 감성을 듬뿍 담은 외관부터 눈길을 사로잡는 이곳은 내부 또한 원형을 고스란히 보존해 독특한 분위기를 완성했다. 야자수와 돌담이 그림처럼 어우러진 야외 수영장은 제주돌창고의 최고 인기 포토존 가운데 그네를 설치해 휴양지에 온 것 같은 설렘도 느낄 수 있다. 수영장 주변에 마련된 선베드도 색다른 분위기를 즐기기 좋다.
제주돔베고기집,제주특별자치도 제주시 월랑로4길 6 (노형동),2836976,39,indoor,indoor:음식점,A05,A0502,A05020100,음식점,한식,한식,126.4784939918,33.4879031676,"제주돔베고기집은 제주공항 근처 제주시 노형동 시내 중심에 있다. 돔베는 제주어 도마를 뜻하며 도마 위에 나오는 수육을 돔베고기라 한다. 제주돔베고깃집에서는 제주 암퇘지만 사용하며 김치 하나만으로도 시원하고 달달한 풍미를 느낄 수 있는 신선한 과일로 직접 담근 김치를 제공한다. 돔배고기는 쫄깃한 식감과 깊은 풍미를 느낄 수 있으며, 부드러우면서도 씹는 맛이 좋아 방문객들에게 특별한 경험을 선사한다. 주문할 때 살코기 또는 비계 부위를 선택할 수 있으며, 돔베고기와 김치, 전복, 한치와 홍어회무침이 한 세트인 돔베한상 또는 김치돔베보쌈을 주문하면 순두부나 몸국이 함께 나온다."
제주돗,제주특별자치도 제주시 한경면 조수2길 34,2765215,39,indoor,indoor:음식점,A05,A0502,A05020100,음식점,한식,한식,126.2308467693,33.3332080432,"제주시 한경면 깊숙한 곳에 있는 제주돗은 돼지고기구이 전문점이다. 대기가 많은 편이나 잘 관리된 마당에 텐트와 의자, 아이들이 놀 수 있는 놀이 공간 등이 마련되어 있어 가족 단위 손님들이 많이 찾는다. 메뉴는 흑돗오겹살과 흑돗목살, 삼겹갈비가 있다. 돗은 제주 방언으로 돼지라는 뜻이며, 흑돗은 잘 알려진 제주 흑돼지를 뜻한다. 두꺼운 고기를 직원들이 구워주어 편하게 식사할 수 있다. 넓은 주차장과 아기 의자가 마련되어 있는 등 편의시설이 잘 갖춰져 있다."
제주또시랑,제주특별자치도 제주시 연북로 724 1층,2876854,39,indoor,indoor:몰/박물관/음식점,A05,A0502,A05020100,음식점,한식,한식,126.5532484301,33.4956423901,"제주또시랑은 제주시 화북동 연북로 길가에 있다. 대표메뉴는 돌담김밥으로 제주 흑돼지를 가득 넣고 흑미밥으로 말은 김밥과 와사비마요 소스로 구성되어 있으며 또시랑유부의 경우, 흑돼지 바싹 불고기, 우도 땅콩 참치마요, 칠리소스 크래미, 또시랑구아카몰, 계란지단, 날치알 명란 마요의 여섯 가지 맛으로 토핑한 유부초밥이다. KBS TV <편스토랑>에 소개되었고 음식 특성상 예약 및 테이크아웃만 가능하다. 주변 여행지로 황사평 성지, 국립제주박물관 등이 있다."
제주뚝배기,제주특별자치도 서귀포시 성산읍 일출로 255,404175,39,indoor,indoor:식당/음식점 | outdoor:산,A05,A0502,A05020100,음식점,한식,한식,126.9330912603,33.4611967513,"성산일출봉으로 진입하는 일방통행 길 초입에 성산리 일대에서 제일 먼저 생긴 맛집이 제주뚝배기 식당이다. 시끌벅적한 소음이 기분 좋게 들리는 이 식당의 메인 메뉴는 바로 전복해물뚝배기이다. 오분자기, 새우, 게, 소라 등 갖은 싱싱한 해물로 맛을 낸 뚝배기 국물은 오래된 전통의 맛을 담고 있다. 주로 간단한 식사 메뉴가 주를 이루는데 뚝배기 외에 갈치와 고등어조림과 부드럽고 담백한 전복죽도 많이 찾는 메뉴다. 가족 모임이나 단체 모임에도 적합하다."
제주라프,제주특별자치도 제주시 조천읍 선교로 115-1,2660122,14,mixed,indoor:갤러리/박물관/전시/전시관/카페 | outdoor:레포츠/산/야외/오름 | mixed:복합,A02,A0206,A02060300,역사관광지,박물관,전시관,126.7069686133,33.4868513788,"제주시 조천읍에 위치한 제주라프는 거문오름과 녹차밭의 자연 속에서 짚와이어, 힐링족욕을 즐기고 문화, 예술, 야간 조명 작품을 감상할 수 있는 복합문화예술공간이다. 종합 아트 클러스터 제주라프의 라프는 Light Art Festa의 약자로 제주도를 찾는 여행객들에게 특별하고 다채로운 경험을 제공하는 장소다. 예술작품 갤러리, 액티비티 시설인 짚라인 라플라이, 아로마테라피 풋 스파를 즐길 수 있는 라풋, 음료와 스낵을 즐길 수 있는 카페 등의 시설을 운영한다. 짚라인 액티비티 라플라이는 와이어를 타고 빠른 속도로 공중을 이동하는 야외 레포츠이다. 유네스코 자연유산인 거문오름을 한눈에 담으며 날아보는 특별한 경험과 광활한 제주 녹차밭 위를 횡단하는 짜릿한 순간을 선사한다. 라풋은 미온수에 발을 담그고, 아로마향과 함께 편안한 몸의 이완을 느끼는 스파이다. 미온수 족욕, 녹차소금 스크럽, 스트레칭으로 손과 발의 피로를 풀어준다."
제주레일바이크,제주특별자치도 제주시 구좌읍 용눈이오름로 641,2705373,28,outdoor,indoor:체험관 | outdoor:레포츠/산/오름,A03,A0302,A03022700,레포츠소개,수련시설,트래킹,126.8366273253,33.4643587312,"제주 레일바이크는 2013년 10월에 오픈하여 단순 관람이 아니라 소, 말이 방목되어 있는 대자연의 목장 초원 위 철로에서 친구, 가족과 함께 바이크를 타며 체험관광을 할 수 있어 학생뿐만 아니라 일반 이용객들도 매우 좋아하는 제주도의 체험형 유원시설이다. 제주시 구좌읍 용눈이오름로에 위치하여 주변에 비자림, 성산일출봉, 섭지코지, 우도 등의 관광지가 있다. 본 선로 위에서는 자동으로 작동하여 페달을 안 밟아도 진행되므로 다른 레일바이크 대비 힘이 덜 들고, 정시에 도착하여 시간 관리가 용이하다. 완만한 폐철로를 이용한 기존 바이크에 비해 목장 지형과 주변 환경에 맞춰 특별 부설한 철로로 내리막 오르막이 반복되어 달리는 스릴을 즐길 수 있는 레일바이크이다. 레일바이크 주행 중 방목되어 있는 소와 말이 활동하는 시간에는 초원에서 풀을 뜯는 모습을 볼 수 있고, 하차 후 말, 양, 염소, 사슴, 토끼 등 먹이주기 체험도 가능하다. 또한 바이크에 풍우막이 설치되어 있어 비바람이 불어도 안전하게 이용할 수 있다."
제주레저힐링축제,제주특별자치도 제주시 조천읍 조함해안로 525,1019773,15,outdoor,outdoor:해수욕장,A02,A0207,A02070200,역사관광지,문화관광축제,일반축제,126.6690845131,33.5427390309,"2025 제주레저힐링축제는 2025년 9월 5일부터 7일까지 3일간 제주시 조천읍 함덕해수욕장 일원에서 개최된다. 축제 프로그램 구성은 개막콘서트, 드론라이트쇼, 폐막 불꽃쇼 등 9종의 문화공연과 카약, 패들보드, 프레스코볼 등 10종의 레저스포츠, 탄소중립 스탬프랠리, 지구사랑공방 등 15종의 굿니스 체험 콘텐츠를 운영할 예정이다. 일자별 주요 행사로는 첫째날은 개막행사로서 함덕주민예술인의 식전공연, 가수공연, 드론라이트쇼 공연, 둘째날은 워터워 퍼포먼스, 썬셋 콘서트, 마지막 셋째날에는 피날레 콘서트, 폐막 불꽃쇼가 진행될 예정이다."
제주로운청해원,제주특별자치도 서귀포시 성산읍 신양로 101,2783385,39,indoor,indoor:음식점 | outdoor:산,A05,A0502,A05020100,음식점,한식,한식,126.9206595666,33.4367798025,"제주 서귀포시 성산읍에 있는 제주로운청해원은 향토음식점이다. 섭지코지, 아쿠아 플라넷, 성산일출봉 등 관광명소가 근처에 있어 접근성이 좋다. 매일 아침 성산항에서 잡아 오는 제주산 갈치를 이용하여 만드는 갈치조림과 고등어 김치찜 세트가 이 집 대표 메뉴이다. 세트 메뉴는 갈치조림 또는 고등어 김치찜 중 하나를 선택하고 나머지 옥돔구이, 해물뚝배기, 찰솥밥이 나오는 구성이다. 전복뚝배기, 전복죽, 성게국, 물회 등 단품 메뉴도 있다."
제주마방목지,제주특별자치도 제주시 516로 2480,637212,12,outdoor,outdoor:산,A02,A0203,A02030100,역사관광지,농.산.어촌 체험,농.산.어촌 체험,126.6037011490,33.4276201646,5·16 도로에 있는 제주마방목지는 1986년 이후 천연기념물로 지정·보호되고 있는 제주 혈통의 조랑말들을 볼 수 있는 공간이다. 한라산 초원지대에서 한가롭게 뛰어노는 평화로운 모습에서 따 고수목마라고도 불린다. 이곳에 조랑말들은 성질이 온순하고 사람을 잘 따르는 것으로 알려져 있으며 추위도 이겨내는 강인함을 가지고 있다고 한다. 제주마방목지는 문화재 보호 구역으로 목장 내부는 출입이 불가하며 겨울에는 방목이 제한적이어서 말을 보기 어렵다. 날씨에 따라서 맑은 날에는 넓디넓은 푸른 초원에 풀을 뜯으며 뛰노는 말들을 바라보며 사진을 찍고 예쁜 추억을 간직할 수 있고 날씨가 흐리면 흐린 대로 안개가 자욱해 운치 있고 몽환적인 제주마방목지를 볼 수가 있다.
제주맛집칼국수,제주특별자치도 제주시 비자림로 685,2906222,39,indoor,indoor:음식점,A05,A0502,A05020100,음식점,한식,한식,126.6795082596,33.4363898514,"제주맛집칼국수는 조천초등학교 교래분교장 근처에 위치하고 있다. 
대표 메뉴는 얼큰하고 시원한 맛이 일품인 문어해물칼국수로 2인분 이상 주문할 수 있고 양이 푸짐하다. 이 외에 보말칼국수와 문어숙회, 흑돼지두루치기도 맛볼 수 있다. 반찬으로 나오는 꼬시래기 무침이 별미이고 본관 안쪽으로 별관이 따로 마련되어 있다."
제주맥주,제주특별자치도 제주시 한림읍 금능농공길 62-11 (한림읍),2503694,12,unknown,,A02,A0204,A02040600,역사관광지,발전소,식음료,126.2412647465,33.3584804108,"제주맥주는 30년 양조 노하우를 보유한 뉴욕 No.1 크래프트 맥주사 브루클린 브루어리와 15년 이상 경력의 세계 반열 브루어가 참여하여 탄생한 양조장이다. 좋은 맥주로 맥주 미식 문화를 창조하는 것을 목표로 하고 있다. 국내 최고 양조 시설을 갖추고 있으며, 도슨트의 안내에 따라 체험 및 내부 시설 관람을 할 수 있는 투어 프로그램을 운영하고 있다."
제주명가두루치기,제주특별자치도 서귀포시 태평로 495,2904424,39,indoor,indoor:미술관/음식점 | outdoor:폭포,A05,A0502,A05020100,음식점,한식,한식,126.5710330019,33.2496059720,"제주명가두루치기는 서귀포중학교 근처에 있다. 마치 해물찜처럼 보이는 전복두루치기 원조집으로 전복, 홍합, 조개, 새우, 파채, 콩나물에서 나오는 국물로 특별한 맛이 나며 두루치기를 포함하는 세트 메뉴 명가상이 인기이다. 상차림이 푸짐하여 가족 여행자들이 많이 찾아오고 갈치조림, 전복죽, 옥돔구이, 전복해물뚝배기 등 단품 음식도 판매한다. 주변 여행지로는 이중섭미술관, 정방폭포, 서귀포 관광극장 등이 있다."
제주몹시,제주특별자치도 제주시 월대1길 10 (외도이동),2849994,39,indoor,indoor:음식점/카페 | outdoor:야외,A05,A0502,A05020900,음식점,한식,카페/전통찻집,126.4335894126,33.4945794928,"제주몹시는 제주시 외도동에 조용한 바닷가 마을에 위치해 있는 청량한 오션뷰 카페이다. 여름에는 배에서 나오는 불빛이 이국적인 모습을 보여주고, 가을에는 북쪽에서 불어노는 바람과 파도가 아름답고, 겨울에는 갈매기와 가마우찌라는 새를 카페 바로 앞에서 볼 있다. 내부는 바다를 향한 야외 바 좌석과 문화 향유 공간이 마련되어 있다. 제주몹시는 신선한 원두를 직접 로스팅해 커피의 깊은 맛과 향을 선사하며, 매일 구워내는 치아바타와 브리오슈식빵으로 요리한 브런치 메뉴가 인기이다.  탁 트인 시원한 바다전망, 제주만의 청량한 풍경을 보며 힐링을 찾는 사람들에게 추천한다."
제주문학관,제주특별자치도 제주시 연북로 339 (도남동),2949573,14,indoor,indoor:박물관/전시/전시관,A02,A0206,A02060300,역사관광지,박물관,전시관,126.5178573851,33.4813850713,"제주문학관은 제주문학의 역사를 기록하고, 지역문학 활성화 및 도민 문학향유를 위하여 2021년 10월 23일에 개관하였다. 지하 1층, 지상 4층 규모로, 1층은 로비 및 기획전시실, 2층은 상설전시실과 수장고, 3층은 세미나실‧창작공간‧소모임공간‧문학살롱, 4층은 대강당 등으로 구성되어 있다. 창작 활성화를 위해 작가들에게 창작 공간을 지원하고 있으며, 세미나실 및 소모임 공간, 대강당에서는 다양한 문학 행사를 진행하고 있다."
제주미담,제주특별자치도 제주시 가령로 19 (이도이동),2854271,39,indoor,indoor:박물관/음식점 | outdoor:산,A05,A0502,A05020100,음식점,한식,한식,126.5372941084,33.5023775012,"제주미담은 제주시 산지천 인근, 제주동여자중학교 근처에 위치한 가성비 좋은 국수 전문점으로, 특히 공항과 가까워 여행객들이 들르기에도 좋은 위치에 있다. 도민들 사이에서는 알려진 숨은 맛집으로, 대표 메뉴인 고기국수는 진한 육수와 함께 푸짐하게 올라간 수육 고명이 특징이다. 고기 양이 넉넉해 든든한 한 끼 식사로 제격이며, 비빔국수, 멸치국수 등의 메뉴도 있어 다양한 국수 요리를 즐길 수 있다. 또 다른 인기 메뉴는 따로국밥인데, 이 메뉴는 이름 그대로 국물과 순대가 따로 나오는 순대국밥으로, 깔끔하게 즐길 수 있어 도민들에게 꾸준한 사랑을 받고 있다. 식사 후에는 인근에 위치한 제주민속자연사박물관, 삼성혈, 제주성지, 제주 원도심 등 제주 특유의 역사와 문화를 느낄 수 있는 명소들을 함께 둘러보는 것도 추천할 만하다."
제주미향,제주특별자치도 서귀포시 천제연로 99,687563,39,indoor,indoor:음식점 | outdoor:산 | mixed:관광단지,A05,A0502,A05020100,음식점,한식,한식,126.4163601758,33.2551612466,"제주 중문 관광단지에 위치한 제주미향은 제주의 신선한 갈치를 주재료로 갈치조림과 통갈치구이를 주력 메뉴로 선보이고 있는 곳이다. 이외에도 갈치회, 고등어회 등 다양한 해산물 요리를 즐길 수 있으며, 매일 아침 산지에서 공수한 갈치와 해산물을 사용하고 있어 바다향을 느낄 수 있다. 특히 제주 통갈치조림은 양념이 깊게 스며들어 고소하고 담백한 맛이 나 현지인 뿐만이 아니라 관광객들도 많이 찾아오고 있다. 탁 트인 전망과 함께 쾌적한 식사 공간을 제공하고 있으며, 단체 예약도 가능해 가족 모임이나 단체 여행 손님들도 편하게 방문할 수 있다."
제주민속촌,제주특별자치도 서귀포시 표선면 민속해안로 631-34,130474,14,mixed,indoor:박물관/시장/전시 | mixed:민속촌,A02,A0206,A02060100,역사관광지,박물관,박물관,126.8431022619,33.3213162956,"제주민속촌은 2001년에 개관한 제1종 전문 박물관으로 1890년대를 전시 기준 연대로 하여 제주의 민속자료를 종합적으로 정리하여 전시하고 있으며, 100여 채에 달하는 제주 전통가옥은 제주도민이 생활하였던 가옥과 돌, 기둥 등을 그대로 옮겨와 복원해 전시하고 있다. 이 전통 가옥에는 생활용구, 농기구, 어구, 가구, 석물 등 민속자료가 전시되어 있다. 제주민속촌에서는 제주는 물론 우리나라의 향토수종 및 꽃들을 식재하여 사계절 내내 꽃들을 볼 수 있으며 재래흑돼지 및 가금, 가축을 사육하고 있어 자연학습장 기능도 겸하고 있다. 이외에도 다양한 테마별 전시장과 체험가옥, 전통민속놀이 체험장을 통해 다양한 볼거리와 체험거리를 제공하고 있다."
제주민속촌 수국축제,제주특별자치도 서귀포시 표선면 민속해안로 631-34 제주민속촌,2659969,15,mixed,mixed:민속촌,A02,A0207,A02070200,역사관광지,문화관광축제,일반축제,126.8431022619,33.3213162956,"제주민속촌에서 6월 6일부터 7월 6일까지 개최되는 수국축제는 초여름 수국의 아름다움과 제주의 전통문화를 함께 즐길 수 있는 계절 기획형 축제이다. 축제 기간 동안 매주 토요일에는 전통 떡메치기 체험, 일요일에는 지름떡 만들기 체험이 무료로 운영되며, 주말마다 수공예품과 감성소품이 어우러진 플리마켓이 열린다. 관람객은 민속촌 곳곳에 배치된 스탬프를 찾아 완주하는 스탬프 투어에 참여할 수 있으며, 완주자에게는 소정의 기념품이 제공된다. 또한 제주민속촌 내 한복대여소에서 한복을 대여할 경우 입장권을 70% 할인받을 수 있는 혜택이 주어지며, 수국을 배경으로 한 전통 복식 체험 콘텐츠로 연계된다. 자연과 문화, 체험이 조화를 이루는 이번 수국축제는 가족 단위 방문객과 관광객 모두에게 잊지 못할 여름의 기억이 될 것이다."
제주민의 삶과 문화를 느낄 수 있는 ‘어멍아방잔치마을’ (웰촌),,2433992,25,unknown,,C01,C0112,C01120001,가족코스,가족코스,가족코스,126.6074126880,33.2716041224,제주의 아름다운 명소는 다 알고 있다면 이제 제주 여행은 제주의 경치가 아니라  제주 사람들의 삶을 느껴보러 떠나 보자.  ‘어멍아방잔치마을’이라는 정다운 이름을 가진 신풍리농촌체험휴양마을에 가면 제주 사람들의 생활과 문화를 만나볼 수 있다. 제주의 참모습을 알 수 있는 기회가 된다.
제주벨리타캠핑장,제주특별자치도 제주시 조천읍 중산간동로 1194,2730822,28,outdoor,outdoor:레포츠/산/캠핑/해안,A03,A0302,A03021700,레포츠소개,수련시설,"야영장,오토캠핑장",126.6978161445,33.5080683294,제주벨리타캠핑장 (구 제주베이스캠프)은 제주공항을 기점으로 30분 내에 도착 가능한 거리에 있다. 또 해안도로와 인접해 있어 제주 여행을 즐기기에도 좋은 위치다. 독립적인 주차공간이 있어 차량을 개별 사이트 옆에 주차할 수 있으며 사이트마다 개별 분전반과 독립조명을 갖추고 있어 편리하다. 캠핑장 내에선 무료와이파이 사용이 가능하고 화산암반과 천연 화산석을 파쇄한 지반 위에 잔디와 데크로 사이트를 만들어 비가 와도 침수의 우려가 없다. 24시간 온수 사용이 가능하고 넓은 샤워장에 매점은 무인 방식으로 운영된다. 장박을 원하는 캠퍼들을 위해 장비 일부를 무료로 대여해 주고 있으며 장비를 직접 들고 항공편을 이용하려는 캠퍼들을 위해 캠핑 장비를 택배로 받아주고 있다. CCTV와 세콤이 설치되어 있어 캠핑장 내 보안과 안전에도 만전을 기하고 있다.
제주별빛누리공원,제주특별자치도 제주시 선돌목동길 60 (오등동),745313,12,mixed,indoor:전시 | outdoor:공원/야외 | mixed:관광단지,A02,A0202,A02020700,역사관광지,관광단지,공원,126.5491971626,33.4446063059,"제주별빛누리공원은 천체탐구와 천문학습의 장으로 활용되고 있는 최첨단천문우주 과학시설이다. 21세기의 주역인 청소년들에게 무한한 꿈과 희망을 심어줄 과학문화 공간이다. 내부에는 삼차원 입체영상을 모션시뮬레이터에 탑승하여 현실감 있게 관람할 수 있는 4D영상관, 반구모양의 돔 스크린으로 우주에 대한 영상물과 사계절 별자리를 감상할 수 있는 천체투영실, 태양계 전시물, 행성 체중계, 디지털 망원경, 우주쓰레기 제거 게임, 포토존 등 다양한 볼거리와 체험이 있는 전시실 등이 있다. 또한, 구름 없이 맑은 날, 야간에만 운영하는 관측실은 주관측실과 보조관측실로 나뉘어 있다. 주관측실에서는 600㎜ 리치크리티앙 반사망원경을 통하여 희미한 천체를 더 밝게 접할 수 있으며, 보조관측실에서는 천체 망원경을 이용하여 다양한 천체를 관측할 수 있다. 이 외에 야외광장에는 태양계 광장과 해시계가 조성되어 있어 관람객들이 다양한 체험을 할 수 있는 공간으로 만들어졌다."
제주부영호텔&리조트,제주특별자치도 서귀포시 중문관광로 222 (중문동),2852563,32,indoor,indoor:갤러리/리조트/센터/숙박/호텔 | outdoor:오름/해수욕장,B02,B0201,B02010100,숙박시설,관광호텔,관광호텔,126.4232154169,33.2426044074,"제주부영호텔&리조트는 ICC제주국제컨벤션센터 옆에 있다. 멕시코의 세계적인 건축가 리까르도 레고레타의 후반기 작품으로 호텔을 짓기 전에 설계한 모델하우스 '더 갤러리 까사 델 아구아(물의 집)'로 유명하다. 현재 까사델아구아 작품은 철거되어 볼 수 없지만 그의 설계로 완성된 호텔이 남아있다. 카리브해의 열정과 감성을 담은 작품으로 건물색이 독특하고, 빛을 애용한 설계가 돋보여 '서귀포건축문화기행' 코스에 해당한다. 모든 객실은 제주 남쪽 바다를 전망할 수 있으며 겉에서 보는 것보다 실제 숙박할 때 진가를 느낄 수 있는 호텔이다. 주변 여행지로 대포주상절리, 베릿내오름, 중문색달해수욕장, 제주국제평화센터 등이 있다."
제주불빛정원,제주특별자치도 제주시 애월읍 평화로 2346,2479639,12,outdoor,outdoor:공원/수목원/정원,A01,A0101,A01010700,자연관광지,국립공원,수목원,126.4089792859,33.4226259562,제주불빛정원은 2017년 개장한 이래 제주관광공사에서 선정한 제주야간관광 10선에 선정되는 등 아름다운 제주도의 밤을 가족과 친구들과 보낼 수 있는 야간 축제 관광지로써 발전해 왔다. LED조명과 아름다운 조형물을 기획하고 설치하는 기술을 토대로 아름다운 추억과 감성을 느낄 수 있도록 끊임없이 연구하고 있다. 제주도의 야간관광을 활성화하여 제주도를 방문하는 관광객들에게 더욱 알찬 관광의 기회를 제공하고 지역사회에 기여하고 있다.
제주브릭스,제주특별자치도 서귀포시 태평로 121 (호근동),2627965,32,indoor,indoor:숙박/카페/호텔 | outdoor:폭포,B02,B0201,B02011100,숙박시설,관광호텔,게스트하우스,126.5357833901,33.2446420718,"제주브릭스호텔은 서귀포시외버스터미널에서 차로 약 10분, 제주 국제공항에서 차로 약 1시간 20분 거리에 있다. 주변 명소로는 천지연폭포가 차로 약 5분, 여미지식물원이 차로 약 30분 거리에 있다. 이 곳에서는 무선 인터넷과 주차장을 이용할 수 있으며 구내에는 주차장과 스파 시설이 마련되어 있다. 객실에는 TV, 냉장고, 에어컨이 완비되어 있으며 전용 욕실도 갖춰져 있다. 구내에는 카페가 마련되어 있으며 매일 아침 간단한 조식을 먹을 수 있다."
제주빅볼랜드,제주특별자치도 제주시 구좌읍 금백조로 951,2498698,28,mixed,outdoor:레포츠 | mixed:복합,A03,A0305,A03050100,레포츠소개,복합 레포츠,복합 레포츠,126.7757136499,33.4431100975,"빅볼 체험은 큰 공(ZORB)에 사람이 들어가 언덕과 비탈길을 구르면 경사면을 내려오는 유쾌한 익스트림 스포츠이다. 빅볼랜드의 빅볼 체험 코스는 약 300m로 아시아 최초 세계 최장 거리이다. 특별한 강습이 필요하지 않아 누구나 즐길 수 있다. 빅볼랜드 코스는 최대 3-4인이 물이 들어간 공안에 들어가 약 300m를 굴러 내려가는 빅볼(BIG BALL) 코스와, 물 없이 기본 2인이 동승해 170m를 굴러내려 가는 조브(ZORB) 코스가 있다. 난이도는 빅볼보다, 조브 코스가 높은 편이며, 빅볼은 물이 들어가는 워터타입이라는 차이점이 있고, 조브 코스에는 300m 굴러내려 가는 빅조브(BIG ZORB) 코스도 있다.

(출처 : 제주 문화관광 홈페이지)"
제주살롱,제주특별자치도 제주시 구좌읍 송당2길 7-1,2778916,39,indoor,indoor:음식점/카페 | outdoor:오름,A05,A0502,A05020900,음식점,한식,카페/전통찻집,126.7825901914,33.4710460093,"제주에서도 아담하고 조용한 마을인 송당에 자리한 북카페다. 간단한 음료와 함께 책을 읽을 수 있는 이곳은 북스테이를 할 수 있는 ‘생각의 오름’도 함께 운영한다. 북스테이는 여성 1인 전용으로 운영되는데, 북스테이를 할 경우 서가의 책들을 대여해 읽을 수 있다. 북카페 내부에도 혼자 여행하는 이들이 편안하게 책을 읽을 수 있는 공간들을 배려한 느낌이다. 인문서점을 표방하는 제주살롱은 인문예술에 대한 주인장의 관심이 고스란히 묻어난다. 진열된 일부 책에는 주인장의 간략한 독서 한 줄 평이 적혀 있어서 공감대를 느끼며 책을 고르는 재미도 쏠쏠하다. 서점에서는 다양한 프로그램도 운영된다. 책을 좋아하는 사람들과 함께 독서 모임을 하거나 작가를 초청해 인문학 강연을 듣기도 한다."
제주샘주 양조장,제주특별자치도 제주시 애월읍 애원로 283,2554570,12,indoor,indoor:전시,A02,A0204,A02040600,역사관광지,발전소,식음료,126.3374100177,33.4444696300,"제주샘주는 과거 제주 조상들이 즐겨 마시던 전통주를 제주 청정 지하 암반수로 빚어 재현함과 동시에 현대인의 기호에 맞게 주질을 변형, 발전시키고자 하는 목적으로 운영하고 있다. ‘찾아가는 양조장’에 선정되어 다양한 체험 프로그램을 진행 중인데, 제주 전통주인 ‘고소리 술’과 ‘오메기 술’을 직접 맛보고, 술이 만들어지는 과정도 알아갈 수 있다. 오메기떡 체험, 쉰다리 체험, 칵테일 만들기 체험 등이 가능하다. 제주도에서 특별한 경험을 해보고 싶다면, 제주샘주에 들러보기를 추천한다."
제주선인장마을,제주특별자치도 제주시 한림읍 금능남로 418,636393,12,outdoor,outdoor:산/해안,A02,A0204,A02040800,역사관광지,발전소,기타,126.2529332698,33.3542643935,"월령해안을 따라 손바닥 선인장이 분포되어 있는데, 4월까지는 붉은 열매가 달린 선인장, 5월부터는 노란 꽃이 만개한 손바닥 선인장과 산호모래 바다가 어우러진 이국적 풍치를 즐길 수 있다. 월령리 농공단지에 위치한 제주특산물개발원은 손바닥 선인장 열매를 한림농협에서 원료제공, 추출하여 만든 선인장 진액과 백년초, 꿀, 선인장 과립 제품 등을 생산하고 있다."
제주선채향,제주특별자치도 서귀포시 사계남로84번길 6,2847737,39,indoor,indoor:음식점 | outdoor:산/해안,A05,A0502,A05020100,음식점,한식,한식,126.2989876672,33.2263570271,"제주선채향은 제주특별자치도 서귀포시 시례리 사계해안 근처에 있다. 메뉴는 전복칼국수, 전복물회, 전복죽으로 전복 음식 전문점이다. 진한 국물, 푸짐한 전복으로 항상 대기가 있는 집이다. 영업시간은 정해져 있지만 재료가 소진되면 영업을 마감한다. 주변 여행지로는 사계해안, 용머리해안, 산방산 등이 있다."
제주성지,제주특별자치도 제주시 오현길 61 (이도일동),129384,12,unknown,,A02,A0201,A02010200,역사관광지,고궁,성,126.5255810579,33.5102931048,"제주성지는 제주목의 치소를 둘러쌓았던 성터로, 오현단 남쪽에 일부가 복원되었고, 곳곳에 잔해가 남아있다. 제주성의 축성 연대는 정확히 알 수 없으나 탐라국 당시 쌓았던 것을 고려 때 왜구 방어용으로 보수하여 사용했던 것으로 추정되며, 현재는 일부인 남수각 부분이 150여 미터 정도 복원되어 있다. 역사가 깊고 제주도의 중심지역을 지켰던 이곳은 일제강점기인 1925년부터 1928년 사이에 건입동 포구 앞바다를 매립할 때 성곽의 돌을 매립골재로 사용하면서 크게 훼손되었다고 전해진다.
성곽 주위에는 귤과 유자나무가 많이 심어져 있어 가을철 귤이 익을 무렵이면 성 주위는 가을색으로 절정을 이루었다고 한다. 튼튼한 성을 쌓으며 왜침의 ‘바람’을 잠재우려 했던 선조들의 지혜를 느낄 수 있는 곳으로, 이러한 가치를 인정받아 1971년 8월 26일 제주특별차지도 기념물로 지정되었다."
제주수울 (JEJUSUUL),제주특별자치도 제주시 서문로 72-1,2953017,38,outdoor,indoor:쇼핑 | outdoor:산,A04,A0401,A04010900,쇼핑,5일장,특산물판매점,126.5186677297,33.5120650209,"전통주 소믈리에가 직접 운영하는 제주도 전통주 로컬술 바틀샵 & 오프라인 쇼룸이다.  나에게 딱 맞는 제주도술을 큐레이션 및 추천해주는 곳이다. 
60가지가 넘는 제주도 전통주 로컬술에 대한 스토리텔링부터 시즌별로 운영되는 시음기회도 제공하고 있다.  
제주도 술을 주제로 마련된 제주술례길을 함께 걸으며 다양한 제주도 술을 만나볼 수 있다."
제주순메밀막국수,제주특별자치도 서귀포시 안덕면 녹차분재로 60,2785301,39,indoor,indoor:음식점,A05,A0502,A05020100,음식점,한식,한식,126.3019248585,33.2913082326,100% 제주 순메밀만 사용하는 제주순메밀막국수는 제주 오설록 근처에 위치해 있다. 방앗간에서 직접 짠 들기름으로 만들어 고소한 맛이 일품인 들기름 막국수가 대표 메뉴이며 들기름 막국수를 반쯤 먹은 뒤 동치미 육수를 붓고 저어 먹으면 또 다른 맛으로 즐길 수 있다. 또한 명태회는 물론 모든 양념장 및 소스를 장인의 기술로 직접 만들어서 사용하고 당연히 김치와 동치미도 직접 담근다. 브레이크 타임도 없고 새벽부터 늦은 밤까지 운영하며 내부 공간은 물론 주차장도 넓어 부담 없이 이용하기 좋다.
제주승마공원,제주특별자치도 제주시 애월읍 녹고메길 152-1 (애월읍),1755101,28,outdoor,outdoor:공원/레포츠/산/트레킹,A03,A0302,A03021100,레포츠소개,수련시설,승마,126.4061271508,33.4050889621,"애월읍 유수암리에 위치한 제주승마공원은 제주의 아름다운 중산간 초원을 말과 함께 즐길 수 있는 곳이다. 말과 함께 펼치는 기승쇼, 부부 승마 아카데미, 어린이 승마 캠프, 기업체 승마 워크숍 등 승마 레저 스포츠 프로그램을 운영하고 있으며 최장 거리의 승마 트레킹 코스를 갖춰 원하는 코스를 다양하게 선택할 수 있다. 또한 최고의 강사진이 철저한 안전 관리 등으로 편안하고 안전하게 승마를 즐길 수 있어 초보자도 쉽게 승마를 접할 수 있다. 사전에 신청하면 승마 스냅사진을 찍고 특별한 추억도 남길 수 있다."
"제주시민속오일시장 (2, 7일)",제주특별자치도 제주시 오일장서길 26,976820,38,indoor,indoor:쇼핑/시장,A04,A0401,A04010100,쇼핑,5일장,5일장,126.4758023552,33.4969271258,"제주시민속오일시장은 지정된 장소에 위치해 있음에도 불구하고 저렴한 가격 등의 유리한 조건으로 인하여, 제주 시내 사람들은 물론 타 지역의 사람들도 이용하는 제주 도민의 대중적인 상권이다. 때문에 시장의 특성상 종합적인 상권을 형성한다. 음식업, 의류업에서, 기타 생활에 필요한 생필품까지 총괄하는 상권이다. 5일에 한번 열리는 시장으로서 노인들을 비롯한 아이들까지 애용하는 시장이다."
제주시새우리,제주특별자치도 제주시 무근성7길 24 (삼도이동),2870843,39,indoor,indoor:식당/음식점 | outdoor:계곡/해안,A05,A0502,A05020100,음식점,한식,한식,126.5207480456,33.5146397691,"제주시 새우리는 제주시에 있는 작은 새우마을이다. 새우 요리를 간단하게 즐길 수 있는 곳으로 김밥과 컵밥이 주 메뉴이며 딱새우김밥, 간장새우컵밥, 새우리해물라면, 새우모듬튀김 등의 메뉴가 있으며 삼색의 딱새우김밥은 시그니처 메뉴로 사진 찍기에도 좋다. 매장이 아담해 식당 안에서 먹기 보다 포장을 해서 바닷가로 나가는 손님이 많다. 딱새우꼬막무침, 팝새우샐러드, 딱새우모듬튀김, 성게미역국 등도 있지만 재료 소진 시 조기 마감될 수 있다. 한라봉 에이드와 같은 음료도 있어 김밥과 같이 즐기기 좋다. 주변에 함께 둘러보기 좋은 여행지로 탑동광장, 용연계곡, 용담해안도로 등이 있다."
제주신라호텔,제주특별자치도 서귀포시 중문관광로72번길 75,142946,32,indoor,indoor:리조트/숙박/호텔,B02,B0201,B02010100,숙박시설,관광호텔,관광호텔,126.4087304418,33.2480035829,"휴양지에서의 품격 있는 리조트 호텔 문화를 정착하기 위해 연중 문화 및 엔터테인먼트 프로그램을 상설해 고객들에게 제공하고 있는 제주신라호텔은 레저 전문직원인 G.A.O.(Guest Activity Organizer), 어덜트 풀, 키즈 캐빈, 글램핑 빌리지, 문라이트 스위밍 등 다양한 시설 및 프로그램을  운영하며 사계절 체재형 리조트로서의 트렌드를 이끌어 가고 있다. 누구나 한 번쯤 꿈꾸는 품격 있고 화려한 일상 탈출을 경험할 수 있다."
제주아리랑 혼,제주특별자치도 서귀포시 표선면 번영로 2564-21 제주아리랑,3030422,14,indoor,indoor:공연장/박물관,A02,A0206,A02060600,역사관광지,박물관,공연장,126.7784337864,33.4025424013,"제주아리랑 공연장은 마샬아트 혼의 무대를 경험할 수 있는 세계 유일의 태권마샬아트 전용극장이다. 절도 있는 태권도 공연단과 부드러운 한국무용단의 아름다움으로 승화된 화려한 동작의 액션을 바탕으로 재미와 로맨스의 스토리를 더해 아름답고 절로 흥이 나는 특별한 무대를 제공한다. 전통문화의 멋을 느낄 수 있는 타악과 아름다운 곡선의 한국무용, 어둠 속에서 화려하게 펼쳐지는 색다른 경험의 LED퍼포먼스, 그리고 객석을 오가며 관객과 함께하는 박진감 넘치는 태권마샬아트 공연으로 구성되어 있다. 제주도의 전설과 기운을 담은 태권마샬아트 공연 관람을 보기 위해 아이가 있는 가족여행객들과 단체관광객들이 많이 방문한다. 공연이 끝나고 무대가 정리된 뒤에는 배우들과 함께 기념사진 촬영 이벤트도 준비되어 있다."
제주아리온승마장,제주특별자치도 서귀포시 안덕면 신화역사로403번길 79,3031021,28,mixed,outdoor:레포츠/오름 | mixed:월드/테마파크/파크,A03,A0302,A03021100,레포츠소개,수련시설,승마,126.3340188537,33.3110509996,"아리온승마장은 시원한 바람을 맞으며 사유지 오름을 거닐며 하는 승마체험은 물론이고, 아이들도 승마체험을 할 수 있다. 또한 먹이체험을 통해 말과 교감할 수 있는 시간도 가질 수 있다. 이곳은 승마레슨도 정기적으로 하고 있고 포니클럽을 운영하고 있으며 전체적으로 시설이 깨끗하고 잘 관리되고 있다. 2023년 서귀포시 학생승마체험 위탁승마시설 4개소 중 한 곳으로 선정된 곳으로 제주 시민건강 힐링 승마장이기도 하다. 보호자 없이 오름체험을 하는 어린이들의 사진은 동행한 직원이 고객의 핸드폰을 가지고 간단히 찍어 준다. 5살 이상 체험이 가능하며 승마장과 5분 거리에는 오설록뮤지엄, 신화월드, 소인국테마파크, 헬로키티아일랜드 등 유명관광지가 인접해 있어 서귀포 관광 시 승마체험장소로 인기가 있다."
제주아이브리조트,제주특별자치도 서귀포시 산록남로 1966-34 (영남동),2766752,12,mixed,indoor:리조트/실내/호텔 | outdoor:산/야외 | mixed:관광단지,A02,A0202,A02020200,역사관광지,관광단지,관광단지,126.4976384869,33.2887088265,"지루하고 답답한 일상에서 벗어나 상쾌한 피톤치드로 둘러싸인 청정제주의 숲에서 편안한 쉼과 여유로운 추억을 남길 수 있는 제주 아이브리조트는 호텔형 자쿠지 객실과 핀란드산 독채 객실이 있는 유럽형 리조트이다. 기분 좋은 새소리를 들으며 상쾌한 아침을 맞이하고 쏟아지는 별들을 눈에 담을 수 있으며 북으로는 한라산이 감싸 안고 전 객실이 남향으로 배치되어 에메랄드빛 서귀포 앞바다를 향해 있다. 또한 야외 수영장, 실내 거품 욕조, 물품보관소 및 컨시어지 서비스 등 다양한 시설과 서비스를 구비하고 있다. 객실마다 주방용품과 전자레인지가 구비되어 있어 취사도 가능하다."
제주아트서커스,제주특별자치도 서귀포시 안덕면 동광로 214,130512,14,indoor,indoor:공연장/박물관,A02,A0206,A02060600,역사관광지,박물관,공연장,126.3449344975,33.3143952464,"공연 문화의 새로운 장을 열고자 과거 해피타운 공연장 자리에 2004년 1월에 개장한 국내 최초의 중국 서커스 및 오토바이 쇼 상설 공연장이다. 서커스 공연장에서는 오토바이 쇼와 자전거 기예, 중국 기예 공연을 펼치고 있으며 특히 국제 서커스대회에서 우수작으로 선정된 종목을 엄선하여 공연을 선보이고 있다. 40여 명의 출연자로 구성된 공연은 최첨단 효과와 환상적인 빛과 음악 연출, 화려한 안무로 긴장과 탄성이 절로 나오는 세계적 규모의 서커스 쇼다. 공연문화의 새로운 패러다임을 만들어 가는 아트서커스는 인정받는 기예 단원들이 펼치는 공연이다."
제주아트센터,제주특별자치도 제주시 오남로 231 제주아트센터,1755806,14,indoor,indoor:공연장/박물관/센터,A02,A0206,A02060600,역사관광지,박물관,공연장,126.5155327293,33.4751107281,"2010년 5월에 개관한 제주아트센터는 총 1,184석의 객석과 첨단 시설을 갖춘 다목적 공연장이다. 오케스트라 피트가 준비되어 있어 정통 클래식 공연에 오케스트라와 협연을 통한 최고의 공연을 보여줄 수 있으며 최신 음향, 조명, 무대 시스템을 갖추고 있어 뮤지컬, 연극, 무용 등 다양한 장르의 공연을 소화할 수 있다. 관람에 최적인 경사로를 선택하여 어느 좌석에서 앉아도 동일하고 쾌적한 음이 전달되는 최고의 관람 환경을 제공한다."
제주알(R)호텔,제주특별자치도 제주시 서광로14길 5,2019719,32,indoor,indoor:숙박/호텔,B02,B0201,B02010900,숙박시설,관광호텔,모텔,126.5179180807,33.4994636267,
제주약수터,제주특별자치도 서귀포시 중앙로 35 (서귀동),2863719,39,indoor,indoor:음식점,A05,A0502,A05020200,음식점,한식,서양식,126.5617171836,33.2477615824,
제주양떼목장,제주특별자치도 제주시 애월읍 도치돌길 289-13,2791523,12,outdoor,outdoor:산,A02,A0203,A02030100,역사관광지,농.산.어촌 체험,농.산.어촌 체험,126.3652277862,33.4113820644,
제주에가면,제주특별자치도 제주시 탑동로 119 (삼도이동),2861952,39,indoor,indoor:음식점,A05,A0502,A05020100,음식점,한식,한식,126.5180205022,33.5147647120,
제주엠리조트,제주특별자치도 서귀포시 중산간서로157번길 28-6 (강정동),2926949,32,indoor,indoor:리조트/숙박/호텔,B02,B0201,B02010100,숙박시설,관광호텔,관광호텔,126.4943561301,33.2578066302,
제주연탄길 신제주본점,제주특별자치도 제주시 연화남길 10 (연동),2871898,39,indoor,indoor:음식점,A05,A0502,A05020100,음식점,한식,한식,126.4894322054,33.4757463539,
제주올레하우스,제주특별자치도 제주시 구좌읍 덕행로 450-23,1821483,32,indoor,indoor:숙박/펜션/호텔,B02,B0201,B02010700,숙박시설,관광호텔,펜션,126.7784506914,33.5133329329,
제주웰컴센터,제주특별자치도 제주시 선덕로 23 (연동),3066924,14,indoor,indoor:박물관/센터/전시/전시관,A02,A0206,A02060300,역사관광지,박물관,전시관,126.4991894640,33.4857565119,
제주유리박물관,제주특별자치도 서귀포시 중산간서로 1403 (상예동),526666,14,indoor,indoor:박물관,A02,A0206,A02060100,역사관광지,박물관,박물관,126.3701775526,33.2784468371,
제주의 여장부 김만덕을 따라 걷는 산책,,2030576,25,outdoor,outdoor:산,C01,C0115,C01150001,가족코스,도보코스,도보코스,126.5471207179,33.5161900175,
제주의 특별한 카페찾아가기,,2372031,25,indoor,indoor:카페,C01,C0117,C01170001,가족코스,맛코스,맛코스,126.6765039077,33.2723773593,
제주자연생태공원,제주특별자치도 서귀포시 성산읍 금백조로 448,2755492,12,outdoor,outdoor:공원,A01,A0101,A01010500,자연관광지,국립공원,자연생태관광지,126.8227318948,33.4387918874,
제주절물자연휴양림,제주특별자치도 제주시 명림로 584,127479,12,outdoor,outdoor:공원/휴양림,A01,A0101,A01010600,자연관광지,국립공원,자연휴양림,126.6252156649,33.4400774642,
제주정원집,제주특별자치도 서귀포시 남원읍 한신로531번길15,3112140,32,indoor,indoor:숙박/펜션/호텔 | outdoor:정원,B02,B0201,B02010700,숙박시설,관광호텔,펜션,126.7443691759,33.3198870911,
제주제트,제주특별자치도 서귀포시 대포로 172-5 (대포동),131829,28,outdoor,outdoor:레포츠,A03,A0301,A03010200,레포츠소개,수상레포츠,수상레포츠,126.4395613149,33.2384245706,
제주청소년수련원,제주특별자치도 제주시 한림읍 금능남로 128,131222,28,outdoor,outdoor:레포츠,A03,A0302,A03020200,레포츠소개,수련시설,수련시설,126.2363341931,33.3776143276,
제주칠성로상점가,제주특별자치도 제주시 관덕로13길 12 (일도일동),1871024,38,indoor,indoor:쇼핑,A04,A0401,A04010600,쇼핑,5일장,전문매장/상가,126.5261253693,33.5140565855,
제주카약올레,제주특별자치도 제주시 애월읍 애월로1길 22,2738709,28,outdoor,outdoor:레포츠,A03,A0303,A03030200,레포츠소개,윈드서핑/제트스키,카약/카누,126.3104869587,33.4623616693,
제주캠핑카라반,제주특별자치도 서귀포시 표선면 표선동서로 324-18,2747693,28,outdoor,outdoor:레포츠/캠핑,A03,A0302,A03021700,레포츠소개,수련시설,"야영장,오토캠핑장",126.8382330410,33.3299791500,
제주커피박물관 바움,제주특별자치도 서귀포시 성산읍 서성일로1168번길 89-17,2791473,14,indoor,indoor:박물관,A02,A0206,A02060100,역사관광지,박물관,박물관,126.8991669121,33.4398957772,
제주탐나라공화국,제주특별자치도 제주시 한림읍 한창로 897,2638441,12,outdoor,outdoor:산,A02,A0203,A02030400,역사관광지,농.산.어촌 체험,이색체험,126.3256857208,33.3345121647,
제주태백산본점,제주특별자치도 제주시 도공로 154-12 (이호이동),2789395,39,indoor,indoor:음식점 | outdoor:산,A05,A0502,A05020100,음식점,한식,한식,126.4672142621,33.4947688948,
제주통일관,제주특별자치도 제주시 삼성로 46 (일도이동),130745,14,indoor,indoor:박물관/전시/전시관,A02,A0206,A02060300,역사관광지,박물관,전시관,126.5306251413,33.5068796745,
제주특별자치도농업기술원서부농업기술센터,제주특별자치도 제주시 월림7길 90 과학영농연구시설,2863718,12,outdoor,indoor:센터 | outdoor:공원,A01,A0101,A01010500,자연관광지,국립공원,자연생태관광지,126.2486058878,33.3533894224,
제주특별자치도립미술관,제주특별자치도 제주시 1100로 2894-78,759595,14,indoor,indoor:미술관/박물관,A02,A0206,A02060500,역사관광지,박물관,미술관/화랑,126.4897521473,33.4525489265,
제주특별자치도민속자연사박물관,제주특별자치도 제주시 삼성로 40,129894,14,indoor,indoor:박물관,A02,A0206,A02060100,역사관광지,박물관,박물관,126.5313500889,33.5064214033,
제주플래티늄카라반,제주특별자치도 제주시 애월읍 하귀미수포길 5-8,2730830,28,outdoor,outdoor:레포츠/캠핑,A03,A0302,A03021700,레포츠소개,수련시설,"야영장,오토캠핑장",126.4013896858,33.4834913217,
제주피싱테마파크,제주특별자치도 제주시 조천읍 조함해안로 247-2,2798709,28,mixed,outdoor:레포츠 | mixed:테마파크/파크,A03,A0303,A03030600,레포츠소개,윈드서핑/제트스키,바다낚시,126.6469556842,33.5512932840,
제주한라국수,제주특별자치도 서귀포시 천제연로188번길 17 (중문동),2791440,39,indoor,indoor:음식점,A05,A0502,A05020100,음식점,한식,한식,126.4244290287,33.2503119092,
제주한잔 우리술 페스티벌,제주특별자치도 제주시 이호일동 1665-13,2998500,15,unknown,,A02,A0207,A02070200,역사관광지,문화관광축제,일반축제,126.4529904366,33.4975266969,
제주항,제주특별자치도 제주시 임항로 111 (건입동),2791511,12,outdoor,outdoor:공원,A01,A0101,A01011400,자연관광지,국립공원,항구/포구,126.5342384162,33.5200699382,
제주항 서부두방파제,제주특별자치도 제주시 서부두길 22,131106,28,outdoor,outdoor:레포츠,A03,A0303,A03030600,레포츠소개,윈드서핑/제트스키,바다낚시,126.5284806266,33.5181617247,
제주항공우주박물관,제주특별자치도 서귀포시 안덕면 녹차분재로 218,2661407,14,indoor,indoor:박물관,A02,A0206,A02060100,역사관광지,박물관,박물관,126.2996275451,33.3043706422,
제주항일기념관,제주특별자치도 제주시 조천읍 신북로 303,130308,14,indoor,indoor:기념관/박물관,A02,A0206,A02060200,역사관광지,박물관,기념관,126.6407703457,33.5410109898,
제주해녀박물관,제주특별자치도 제주시 구좌읍 해녀박물관길 26,130857,14,indoor,indoor:박물관,A02,A0206,A02060100,역사관광지,박물관,박물관,126.8634514136,33.5235831721,
제주해녀항일운동기념탑,제주특별자치도 제주시 구좌읍 해녀박물관길 26,1621118,12,outdoor,outdoor:전망대,A02,A0205,A02050200,역사관광지,다리/대교,기념탑/기념비/전망대,126.8639930584,33.5225027447,
제주해물밥,제주특별자치도 제주시 월대3길 14-6,2893725,39,indoor,indoor:음식점,A05,A0502,A05020100,음식점,한식,한식,126.4339782641,33.4947350372,
제주해양동물박물관,제주특별자치도 서귀포시 성산읍 서성일로 689-21,2751843,14,indoor,indoor:박물관,A02,A0206,A02060100,역사관광지,박물관,박물관,126.8551404096,33.4295156573,
제주해양레저,제주특별자치도 서귀포시 중문관광로 192,131623,28,mixed,outdoor:레포츠 | mixed:복합,A03,A0305,A03050100,레포츠소개,복합 레포츠,복합 레포츠,126.4190129892,33.2432598241,
제주해조네 보말성게전문점,제주특별자치도 서귀포시 안덕면 대평감산로 12,2836502,39,indoor,indoor:음식점,A05,A0502,A05020100,음식점,한식,한식,126.3668593459,33.2358042713,
제주향교,제주특별자치도 제주시 서문로 43,127743,12,unknown,,A02,A0201,A02010700,역사관광지,고궁,유적지/사적지,126.5158346631,33.5111595204,
제주향농원,제주특별자치도 서귀포시 천제연로 315-29 (회수동),3071796,12,outdoor,outdoor:산,A02,A0203,A02030100,역사관광지,농.산.어촌 체험,농.산.어촌 체험,126.4387554860,33.2537978612,
제주허브동산,제주특별자치도 서귀포시 표선면 돈오름로 170,128345,12,outdoor,outdoor:산,A02,A0204,A02040800,역사관광지,발전소,기타,126.8155933234,33.3304565115,
제주현대미술관,제주특별자치도 제주시 한경면 저지14길 35,597562,14,indoor,indoor:미술관/박물관,A02,A0206,A02060500,역사관광지,박물관,미술관/화랑,126.2656713719,33.3398745180,
제주홀스타승마장,제주특별자치도 제주시 산록북로 8 (연동),3067040,28,outdoor,outdoor:레포츠,A03,A0302,A03021100,레포츠소개,수련시설,승마,126.4938358071,33.4224134357,
제지기오름,제주특별자치도 서귀포시 보목동 275-1,1918417,12,outdoor,outdoor:공원/산/오름,A01,A0101,A01010400,자연관광지,국립공원,산,126.6095687240,33.2419935340,
젤코바 베이커리 카페,제주특별자치도 제주시 하소로 1,2891399,39,indoor,indoor:베이커리/음식점/카페,A05,A0502,A05020900,음식점,한식,카페/전통찻집,126.3998926774,33.4797861527,
젬마손,"제주특별자치도 제주시 진동로 3 (화북일동, 건하주택)",2863597,39,indoor,indoor:음식점,A05,A0502,A05020100,음식점,한식,한식,126.5686021115,33.5193788962,
조랑말체험공원,제주특별자치도 서귀포시 표선면 녹산로 381-17,1812994,12,outdoor,outdoor:공원/산,A02,A0203,A02030400,역사관광지,농.산.어촌 체험,이색체험,126.7356684832,33.3834771540,
조천읍도서관,제주특별자치도 제주시 조천읍 일주동로 1189,1939078,14,indoor,indoor:박물관,A02,A0206,A02060900,역사관광지,박물관,도서관,126.6676791949,33.5377090094,
조천함덕해안도로,제주특별자치도 제주시 조천읍 조함해안로 525,2792568,12,outdoor,outdoor:공원/해안,A01,A0101,A01010500,자연관광지,국립공원,자연생태관광지,126.6690845131,33.5427390309,
족은노꼬메오름,제주특별자치도 제주시 애월읍 산록서로 482-34,2752763,28,outdoor,outdoor:레포츠/오름,A03,A0302,A03022700,레포츠소개,수련시설,트래킹,126.4158515939,33.3922627569,
졸띠유채밭,제주특별자치도 서귀포시 성산읍 동류암로 8,3015172,12,outdoor,outdoor:공원,A01,A0101,A01010500,자연관광지,국립공원,자연생태관광지,126.9192593887,33.4497589013,
종달리 수국길,제주특별자치도 제주시 구좌읍 종달리,2779454,12,outdoor,outdoor:공원,A01,A0101,A01010500,자연관광지,국립공원,자연생태관광지,126.9111143136,33.5077301412,
종달리 해안도로,제주특별자치도 제주시 구좌읍 종달리 630-1,2602741,12,outdoor,outdoor:공원/해안,A01,A0101,A01010500,자연관광지,국립공원,자연생태관광지,126.9017240330,33.4829243983,
종달리해변,제주특별자치도 제주시 구좌읍 종달리 565-72,2779457,12,outdoor,outdoor:공원/해변/해수욕장,A01,A0101,A01011200,자연관광지,국립공원,해수욕장,126.9097146979,33.4963286013,
종달수다뜰,제주특별자치도 제주시 구좌읍 용눈이오름로 8,1909319,39,indoor,indoor:음식점,A05,A0502,A05020100,음식점,한식,한식,126.8931273496,33.4918621597,
죽성고을,제주특별자치도 제주시 한북로 176 (오등동),2854312,39,indoor,indoor:음식점,A05,A0502,A05020100,음식점,한식,한식,126.5341175164,33.4622818879,
중문 돌담흑돼지,제주특별자치도 서귀포시 일주서로 909 1층,2876704,39,indoor,indoor:음식점,A05,A0502,A05020100,음식점,한식,한식,126.4132881627,33.2577303589,
중문 모메든식당,제주특별자치도 서귀포시 일주서로 508,2850960,39,indoor,indoor:식당/음식점,A05,A0502,A05020100,음식점,한식,한식,126.4545402345,33.2535175856,
중문갈치조림 이조은식당,제주특별자치도 서귀포시 천제연로 97 (색달동),2843955,39,indoor,indoor:식당/음식점,A05,A0502,A05020100,음식점,한식,한식,126.4161324192,33.2551056935,
중문고등어쌈밥,제주특별자치도 서귀포시 일주서로 1240 (상예동),2863701,39,indoor,indoor:음식점,A05,A0502,A05020100,음식점,한식,한식,126.3809380223,33.2653040135,
중문농수산물직판장,제주특별자치도 서귀포시 천제연로 355 (회수동),1871028,38,outdoor,indoor:쇼핑 | outdoor:산,A04,A0401,A04010600,쇼핑,5일장,전문매장/상가,126.4423968665,33.2524564006,
중문색달통갈치 본점,제주특별자치도 서귀포시 일주서로 993 (색달동),2859012,39,indoor,indoor:음식점,A05,A0502,A05020100,음식점,한식,한식,126.4045389069,33.2583912595,
중문색달해수욕장,제주특별자치도 서귀포시 색달동,126449,12,outdoor,outdoor:공원/해수욕장,A01,A0101,A01011200,자연관광지,국립공원,해수욕장,126.4112108397,33.2454289066,
중문수두리보말칼국수,제주특별자치도 서귀포시 천제연로 192 (중문동),2791425,39,indoor,indoor:음식점,A05,A0502,A05020100,음식점,한식,한식,126.4250095051,33.2516062199,
중문오프로드체험장,제주특별자치도 서귀포시 상예로 349 (상예동),3066990,28,outdoor,outdoor:레포츠,A03,A0302,A03022100,레포츠소개,수련시설,ATV,126.3969419551,33.2758281031,
중문칠돈가,제주특별자치도 서귀포시 중문관광로 8 (색달동),2755458,39,indoor,indoor:음식점,A05,A0502,A05020100,음식점,한식,한식,126.4144741763,33.2574915152,
중문해녀의집,제주특별자치도 서귀포시 중문관광로 194 (중문동),2758844,39,indoor,indoor:음식점,A05,A0502,A05020100,음식점,한식,한식,126.4191518851,33.2424043651,
중문해물라면오빠네,제주특별자치도 서귀포시 일주서로 962 (색달동),2858991,39,indoor,indoor:음식점,A05,A0502,A05020100,음식점,한식,한식,126.4080774899,33.2583635404,
중문향토오일시장,제주특별자치도 서귀포시 천제연로188번길 12,132595,38,indoor,indoor:쇼핑/시장,A04,A0401,A04010100,쇼핑,5일장,5일장,126.4242345901,33.2507951855,
중문회포장센터 새벽야시장,제주특별자치도 서귀포시 중문관광로 293 (대포동),2858406,39,indoor,indoor:센터/시장/음식점,A05,A0502,A05020100,음식점,한식,한식,126.4292786894,33.2466568335,
지미봉,제주특별자치도 제주시 구좌읍 종달리,1918413,12,outdoor,outdoor:공원/산,A01,A0101,A01010400,자연관광지,국립공원,산,126.9020069661,33.4992031582,
지오아라,제주특별자치도 서귀포시 안덕면 사계로114번길 54-86,2384971,39,indoor,indoor:음식점/카페,A05,A0502,A05020900,음식점,한식,카페/전통찻집,126.3078283451,33.2363505061,
지은이네밥상,제주특별자치도 서귀포시 성산읍 고성오조로97번길 17,2836808,39,indoor,indoor:음식점,A05,A0502,A05020100,음식점,한식,한식,126.9121210656,33.4520585324,
진미명가,제주특별자치도 서귀포시 안덕면 사계남로 167,404180,39,indoor,indoor:음식점,A05,A0502,A05020100,음식점,한식,한식,126.3076174292,33.2283513861,
짱구네유채꽃밭,제주특별자치도 서귀포시 성산읍 한도로 90,2851320,12,outdoor,outdoor:공원,A01,A0101,A01010500,자연관광지,국립공원,자연생태관광지,126.9174674457,33.4684873588,
짱구분식,제주특별자치도 서귀포시 중동로48번길 3,2843997,39,indoor,indoor:음식점,A05,A0502,A05020100,음식점,한식,한식,126.5671583243,33.2502030663,
쪼끌락,제주특별자치도 제주시 김녕로21길 21,2851565,39,indoor,indoor:음식점/카페,A05,A0502,A05020900,음식점,한식,카페/전통찻집,126.7553155654,33.5578415238,
차귀도 바다낚시,제주특별자치도 제주시 한경면 고락로 200-52,131107,28,outdoor,outdoor:레포츠,A03,A0303,A03030600,레포츠소개,윈드서핑/제트스키,바다낚시,126.2053163667,33.3011472996,
차롱보말전복칼국수 제주공항점,제주특별자치도 제주시 서해안로 468-4 (용담삼동),2863603,39,indoor,indoor:음식점,A05,A0502,A05020100,음식점,한식,한식,126.4894034608,33.5185332833,
착한집,제주특별자치도 제주시 서광로 98 (오라삼동),2763796,39,indoor,indoor:음식점,A05,A0502,A05020100,음식점,한식,한식,126.5070162384,33.5000133921,
착한튀김,제주특별자치도 제주시 진남로6길 20,2841345,39,indoor,indoor:음식점,A05,A0502,A05020100,음식점,한식,한식,126.5658634352,33.5204953959,
참맛나김밥,제주특별자치도 제주시 한라대학로 31 (노형동),2870869,39,indoor,indoor:음식점,A05,A0502,A05020100,음식점,한식,한식,126.4750333913,33.4786485812,
창꼼,제주특별자치도 제주시 조천읍 북촌리 393,2858656,12,unknown,,A01,A0102,A01020200,자연관광지,희귀동.식물,기암괴석,126.7000343788,33.5524884484,
천돈가 중문본점,제주특별자치도 서귀포시 일주서로 873 (색달동),2844014,39,indoor,indoor:음식점,A05,A0502,A05020100,음식점,한식,한식,126.4174405726,33.2580803858,
천아숲길,제주특별자치도 제주시 애월읍 광령리 (천아계곡)~보림농장 삼거리,2661848,28,outdoor,outdoor:레포츠/숲길,A03,A0302,A03022700,레포츠소개,수련시설,트래킹,126.4592643881,33.3967629462,
천아오름,제주특별자치도 제주시 애월읍 광령리,1895611,12,outdoor,outdoor:공원/산/오름,A01,A0101,A01010400,자연관광지,국립공원,산,126.4499096413,33.3969294468,
천왕사(제주),제주특별자치도 제주시 1100로 2528-111 (노형동),482093,12,unknown,,A02,A0201,A02010800,역사관광지,고궁,사찰,126.4939972225,33.4082872226,
천제연폭포,제주특별자치도 서귀포시 천제연로 132 (중문동),126439,12,outdoor,outdoor:공원/폭포,A01,A0101,A01010800,자연관광지,국립공원,폭포,126.4184294967,33.2526559999,
천주교 대정성지,제주특별자치도 서귀포시 대정읍 추사로247번길 102,2765240,12,unknown,,A02,A0201,A02010200,역사관광지,고궁,성,126.2607820469,33.2535839778,
천지연 걸매생태공원,제주특별자치도 서귀포시 서홍로 4-42,129395,12,outdoor,outdoor:공원,A01,A0101,A01010500,자연관광지,국립공원,자연생태관광지,126.5551177065,33.2499640127,
천지연크리스탈호텔,제주특별자치도 서귀포시 천지연로 39 (서귀동),2627229,32,indoor,indoor:숙박/호텔,B02,B0201,B02011100,숙박시설,관광호텔,게스트하우스,126.5620756071,33.2423732942,
천지연폭포,제주특별자치도 서귀포시 서홍동 666-1,126438,12,outdoor,outdoor:공원/폭포,A01,A0101,A01010800,자연관광지,국립공원,폭포,126.5595618830,33.2447452147,
천짓골식당,제주특별자치도 서귀포시 중앙로41번길 4 천짓골식당,2831961,39,indoor,indoor:식당/음식점,A05,A0502,A05020100,음식점,한식,한식,126.5613172072,33.2482698538,
청도,제주특별자치도 제주시 서해안로 546 (용담삼동),2841372,39,indoor,indoor:음식점,A05,A0502,A05020100,음식점,한식,한식,126.4969999896,33.5199610235,
청수곶자왈,제주특별자치도 제주시 한경면 연명로 348,2742373,12,outdoor,outdoor:공원/산,A01,A0101,A01010400,자연관광지,국립공원,산,126.2590505609,33.3022924580,
초가헌,제주특별자치도 서귀포시 표선면 중산간동로 4628,2891382,39,indoor,indoor:음식점/카페,A05,A0502,A05020900,음식점,한식,카페/전통찻집,126.8012793071,33.3903524480,
초콜릿랜드,제주특별자치도 서귀포시 중문관광로110번길 15,1737497,14,indoor,indoor:박물관,A02,A0206,A02060100,역사관광지,박물관,박물관,126.4133188934,33.2497673500,
최남단체험감귤농장,제주특별자치도 서귀포시 남원읍 남위남성로 164,635928,12,mixed,outdoor:공원 | mixed:관광단지,A02,A0202,A02020700,역사관광지,관광단지,공원,126.6937659047,33.2899451411,
추자군도,제주특별자치도 제주시 추자면 추자로,131103,28,outdoor,outdoor:레포츠,A03,A0303,A03030600,레포츠소개,윈드서핑/제트스키,바다낚시,126.3095287389,33.9501296887,
추자도,제주특별자치도 제주시 추자면,127863,12,outdoor,outdoor:공원/섬,A01,A0101,A01011300,자연관광지,국립공원,섬,126.3076233112,33.9518128033,
추자도 등대,제주특별자치도 제주시 추자면 영흥리,129146,12,outdoor,outdoor:공원/등대,A01,A0101,A01011600,자연관광지,국립공원,등대,126.2964103208,33.9554316656,
춘미향,제주특별자치도 서귀포시 산방로 378,2778874,39,indoor,indoor:음식점,A05,A0502,A05020100,음식점,한식,한식,126.2965127692,33.2314342058,
춘심이네,제주특별자치도 서귀포시 안덕면 창천중앙로24번길 16,2654442,39,indoor,indoor:음식점,A05,A0502,A05020100,음식점,한식,한식,126.3705528309,33.2645067162,
취다선리조트(취다선 리조트 Tea&Meditation),제주특별자치도 서귀포시 성산읍 해맞이해안로 2688,2624249,32,indoor,indoor:리조트/숙박/호텔,B02,B0201,B02011100,숙박시설,관광호텔,게스트하우스,126.9127177787,33.4718785742,
취향의섬,제주특별자치도 서귀포시 남원읍 태위로398번길 7,2873771,39,indoor,indoor:음식점 | outdoor:섬,A05,A0502,A05020200,음식점,한식,서양식,126.6898277081,33.2744162356,
친봉산장,제주특별자치도 서귀포시 하신상로 417,2851196,39,indoor,indoor:음식점/카페 | outdoor:산,A05,A0502,A05020900,음식점,한식,카페/전통찻집,126.5961909984,33.2911545642,
칠분의오,제주특별자치도 제주시 해맞이해안로 650-20,2940065,39,indoor,indoor:음식점,A05,A0502,A05020200,음식점,한식,서양식,126.8135077198,33.5585340531,
칠십리호텔,제주특별자치도 서귀포시 태평로353번길 22-3 (서귀동),2627908,32,indoor,indoor:숙박/호텔,B02,B0201,B02011100,숙박시설,관광호텔,게스트하우스,126.5612422374,33.2472116357,
카고크루즈,제주특별자치도 제주시 탑동로 43,2940076,39,indoor,indoor:음식점,A05,A0502,A05020200,음식점,한식,서양식,126.5203646768,33.5176783151,
카멜리아힐,제주특별자치도 서귀포시 안덕면 병악로 166,741109,12,outdoor,outdoor:공원/수목원,A01,A0101,A01010700,자연관광지,국립공원,수목원,126.3682663519,33.2898983201,
카세로지,제주특별자치도 서귀포시 표선면 가시로 383,3031581,32,indoor,indoor:숙박/호텔,B02,B0201,B02010100,숙박시설,관광호텔,관광호텔,126.7869121327,33.3454127339,
카이 호스텔,제주특별자치도 제주시 한림읍 협재2길 10,2667643,32,indoor,indoor:숙박/호텔,B02,B0201,B02011100,숙박시설,관광호텔,게스트하우스,126.2412473291,33.3922238993,
카페 귤꽃다락,제주특별자치도 서귀포시 이어도로1027번길 34,2802732,39,indoor,indoor:음식점/카페,A05,A0502,A05020900,음식점,한식,카페/전통찻집,126.5225233880,33.2464388857,
카페 글렌코,제주특별자치도 제주시 구좌읍 비자림로 1202,2851546,39,indoor,indoor:음식점/카페,A05,A0502,A05020900,음식점,한식,카페/전통찻집,126.7338341524,33.4341909661,
카페 나모나모베이커리,제주특별자치도 제주시 도두봉6길 4 (도두일동),2837068,39,indoor,indoor:베이커리/음식점/카페,A05,A0502,A05020900,음식점,한식,카페/전통찻집,126.4719635282,33.5089340685,
카페 동백,제주특별자치도 제주시 조천읍 동백로 68,2871099,39,indoor,indoor:음식점/카페,A05,A0502,A05020900,음식점,한식,카페/전통찻집,126.7144980053,33.5091407006,
카페 아오오,제주특별자치도 서귀포시 성산읍 환해장성로 75,2783386,39,indoor,indoor:음식점/카페,A05,A0502,A05020900,음식점,한식,카페/전통찻집,126.8799727482,33.3791188448,
카페 이스틀리,제주특별자치도 서귀포시 성산읍 산성효자로114번길 131-1,2791230,39,indoor,indoor:음식점/카페,A05,A0502,A05020900,음식점,한식,카페/전통찻집,126.9084129597,33.4561052475,
카페 톨칸이,제주특별자치도 제주시 우도면 우도해안길 32-24,2811460,39,indoor,indoor:음식점/카페,A05,A0502,A05020900,음식점,한식,카페/전통찻집,126.9548691711,33.4940129228,
카페477플러스,제주특별자치도 제주시 구좌읍 세평항로 46-9,2840695,39,indoor,indoor:음식점/카페,A05,A0502,A05020900,음식점,한식,카페/전통찻집,126.8560464211,33.5270215609,
카페단단,제주특별자치도 제주시 관덕로4길 1-6 1층,2905901,39,indoor,indoor:음식점/카페,A05,A0502,A05020900,음식점,한식,카페/전통찻집,126.5216313482,33.5126122301,
카페더라이트,제주특별자치도 서귀포시 성산읍 한도로 269,2858976,39,indoor,indoor:음식점/카페,A05,A0502,A05020900,음식점,한식,카페/전통찻집,126.9360103489,33.4656657488,
카페루시아 본점,제주특별자치도 서귀포시 안덕면 난드르로 49-17,2836825,39,indoor,indoor:음식점/카페,A05,A0502,A05020900,음식점,한식,카페/전통찻집,126.3632402420,33.2346182342,
카페리,제주특별자치도 제주시 구좌읍 평대2길 39,2785334,39,indoor,indoor:음식점/카페,A05,A0502,A05020900,음식점,한식,카페/전통찻집,126.8396671263,33.5339816371,
카페모알보알 제주점,제주특별자치도 제주시 구좌읍 구좌해안로 141,2782858,39,indoor,indoor:음식점/카페,A05,A0502,A05020900,음식점,한식,카페/전통찻집,126.7279651224,33.5595964443,
카페보롬왓,제주특별자치도 서귀포시 번영로 2350-104,2910815,39,indoor,indoor:음식점/카페,A05,A0502,A05020900,음식점,한식,카페/전통찻집,126.7525080052,33.4135241052,
카페브리프,제주특별자치도 제주시 광성로 76,2852187,39,indoor,indoor:음식점/카페,A05,A0502,A05020900,음식점,한식,카페/전통찻집,126.4156862313,33.4583721062,
카페서연의집,제주특별자치도 서귀포시 남원읍 위미해안로 86,2753045,39,indoor,indoor:음식점/카페,A05,A0502,A05020900,음식점,한식,카페/전통찻집,126.6555891188,33.2694523481,
카페숑,제주특별자치도 서귀포시 공천포로 91,2905789,39,indoor,indoor:음식점/카페,A05,A0502,A05020900,음식점,한식,카페/전통찻집,126.6427791869,33.2663802615,
카페술도가제주바당,제주특별자치도 제주시 구좌읍 한동로 27 1층,3056356,39,indoor,indoor:음식점/카페,A05,A0502,A05020100,음식점,한식,한식,126.8245378080,33.5372671402,
카페오놀,제주특별자치도 서귀포시 대포로 174 2층,2902757,39,indoor,indoor:음식점/카페,A05,A0502,A05020900,음식점,한식,카페/전통찻집,126.4394502024,33.2389272912,
카페온,제주특별자치도 제주시 다랑곶6길 39,2905132,39,indoor,indoor:음식점/카페,A05,A0502,A05020900,음식점,한식,카페/전통찻집,126.4794160788,33.4903751309,
카페유주,제주특별자치도 제주시 한림상로 17,2899468,39,indoor,indoor:음식점/카페,A05,A0502,A05020900,음식점,한식,카페/전통찻집,126.2572456406,33.4055087916,
카페이면,제주특별자치도 제주시 한림읍 금능5길 13,2864429,39,indoor,indoor:음식점/카페,A05,A0502,A05020900,음식점,한식,카페/전통찻집,126.2265653531,33.3886212901,
카페지니,제주특별자치도 서귀포시 남원읍 공천포로11번길 19,2861616,39,indoor,indoor:음식점/카페,A05,A0502,A05020900,음식점,한식,카페/전통찻집,126.6406544039,33.2648998349,
카페콜라,제주특별자치도 제주시 한림읍 일주서로 5857,2858680,39,indoor,indoor:음식점/카페,A05,A0502,A05020900,음식점,한식,카페/전통찻집,126.2919278890,33.4433440378,
카페텐저린,제주특별자치도 서귀포시 이어도로 880,2844044,39,indoor,indoor:음식점/카페,A05,A0502,A05020900,음식점,한식,카페/전통찻집,126.5087220331,33.2363120071,
카페하귀리,제주특별자치도 제주시 일주서로 7000,2891424,39,indoor,indoor:음식점/카페,A05,A0502,A05020900,음식점,한식,카페/전통찻집,126.3983789075,33.4803471778,
카페한라산,제주특별자치도 제주시 구좌읍 면수1길 48,2863622,39,indoor,indoor:음식점/카페 | outdoor:산,A05,A0502,A05020900,음식점,한식,카페/전통찻집,126.8629764281,33.5247497020,
카페허그,제주특별자치도 제주시 관덕로 16-1,2905171,39,indoor,indoor:음식점/카페,A05,A0502,A05020900,음식점,한식,카페/전통찻집,126.5210813907,33.5128510829,
캐슬렉스제주 골프클럽,제주특별자치도 서귀포시 안덕면 평화로 1241,131269,28,outdoor,outdoor:레포츠,A03,A0302,A03020700,레포츠소개,수련시설,골프,126.3488696895,33.3402563388,
캠파제주,제주특별자치도 서귀포시 516로 574-23 (상효동),2739407,28,outdoor,outdoor:레포츠/캠핑,A03,A0302,A03021700,레포츠소개,수련시설,"야영장,오토캠핑장",126.6005876695,33.2986704711,
커피냅로스터스 제주,제주특별자치도 제주시 하귀2길 45 1층,2892313,39,indoor,indoor:음식점/카페,A05,A0502,A05020900,음식점,한식,카페/전통찻집,126.4138690241,33.4893353163,
커피스케치,제주특별자치도 서귀포시 사계남로216번길 24-32 네덜란드엿보기전시관,2852520,39,indoor,indoor:음식점/카페,A05,A0502,A05020900,음식점,한식,카페/전통찻집,126.3133001582,33.2334009178,
커피프렌즈촬영지,제주특별자치도 서귀포시 안덕면 중산간서로 2026,2737284,39,indoor,indoor:음식점/카페,A05,A0502,A05020900,음식점,한식,카페/전통찻집,126.3072216792,33.2886863834,
컴플리트커피,제주특별자치도 제주시 노형6길 21 1층,2909982,39,indoor,indoor:음식점/카페,A05,A0502,A05020900,음식점,한식,카페/전통찻집,126.4781914056,33.4806484102,
코난해변,제주특별자치도 제주시 구좌읍 행원리 575-6,2837222,12,outdoor,outdoor:공원/해변/해수욕장,A01,A0101,A01011200,자연관광지,국립공원,해수욕장,126.8112051631,33.5576035634,
코리코카페 제주점,제주특별자치도 제주시 구좌읍 비자림로 1199 제주동화마을,3443241,39,indoor,indoor:음식점/카페,A05,A0502,A05020900,음식점,한식,카페/전통찻집,126.7325203236,33.4365434621,
코우,제주특별자치도 서귀포시 신중로13번길 3-5 (강정동),2871997,39,indoor,indoor:음식점,A05,A0502,A05020300,음식점,한식,일식,126.5062940212,33.2561625560,
코코마마,제주특별자치도 서귀포시 성산읍 일출로 258-11,2755466,39,indoor,indoor:음식점,A05,A0502,A05020200,음식점,한식,서양식,126.9343189349,33.4610523426,
코코컬처클럽,제주특별자치도 서귀포시 성산읍 환해장성로 201,3584915,12,outdoor,outdoor:산,A02,A0203,A02030400,역사관광지,농.산.어촌 체험,이색체험,126.8876302587,33.3860820885,
콜린 제주,제주특별자치도 제주시 애월로1길 24-8,2892326,39,indoor,indoor:음식점/카페,A05,A0502,A05020900,음식점,한식,카페/전통찻집,126.3104425058,33.4629116076,
쿠지홀리데이,제주특별자치도 서귀포시 난산로 100,2814169,32,indoor,indoor:숙박/펜션/호텔,B02,B0201,B02010700,숙박시설,관광호텔,펜션,126.8651429381,33.4026187891,
크라운돼지,제주특별자치도 제주시 애월읍 상가목장길 84,2861349,39,indoor,indoor:음식점,A05,A0502,A05020100,음식점,한식,한식,126.3834849354,33.3934398929,
크라운컨트리클럽,제주특별자치도 제주시 조천읍 북선로 125,131649,28,outdoor,outdoor:레포츠,A03,A0302,A03020700,레포츠소개,수련시설,골프,126.6952159042,33.5284188131,
크래커스,제주특별자치도 서귀포시 대정읍 보성구억로126번길 34,2783393,39,indoor,indoor:음식점/카페,A05,A0502,A05020900,음식점,한식,카페/전통찻집,126.2797079652,33.2633165320,
키친아루요,제주특별자치도 제주시 애월읍 유수암평화5길 15-8,2781493,39,indoor,indoor:음식점,A05,A0502,A05020300,음식점,한식,일식,126.4052962464,33.4237924354,
타무라,제주특별자치도 제주시 조천읍 중산간동로 670,2853291,39,indoor,indoor:음식점,A05,A0502,A05020700,음식점,한식,이색음식점,126.6568893511,33.4989714565,
타미우스골프&빌리지,제주특별자치도 제주시 애월읍 화전길 201,984562,32,indoor,indoor:숙박/호텔,B02,B0201,B02010500,숙박시설,관광호텔,콘도미니엄,126.3802668112,33.3469894223,
탐라승마장,제주특별자치도 제주시 조천읍 비자림로 1044,131604,28,outdoor,outdoor:레포츠,A03,A0302,A03021100,레포츠소개,수련시설,승마,126.7169550866,33.4330602647,
탑 승마클럽,제주특별자치도 제주시 명림로 278 (봉개동),1755350,28,outdoor,outdoor:레포츠,A03,A0302,A03021100,레포츠소개,수련시설,승마,126.6118329775,33.4627608528,
태양상회,제주특별자치도 제주시 중앙로2길 31,2905237,39,indoor,indoor:음식점,A05,A0502,A05020700,음식점,한식,이색음식점,126.5216229112,33.5172256072,
태웃개,제주특별자치도 서귀포시 남원읍 태위로398번길 57,3015651,12,outdoor,outdoor:공원,A01,A0101,A01011400,자연관광지,국립공원,항구/포구,126.6909082546,33.2706722216,
테디베어하우스 테지움,제주특별자치도 제주시 애월읍 평화로 2159,696841,14,indoor,indoor:박물관,A02,A0206,A02060100,역사관광지,박물관,박물관,126.3935836397,33.4120435500,
토끼와거북이,"제주특별자치도 제주시 서해안로 498-6 (용담삼동, 블루문)",2763806,39,indoor,indoor:음식점,A05,A0502,A05020100,음식점,한식,한식,126.4921365493,33.5188499582,
토비스콘도 제주,제주특별자치도 제주시 애월읍 애월로1길 8,137476,32,indoor,indoor:숙박/호텔,B02,B0201,B02010500,숙박시설,관광호텔,콘도미니엄,126.3117312768,33.4631615996,
토토네,제주특별자치도 제주시 하귀10길 49-2 102호,2870835,39,indoor,indoor:음식점/카페,A05,A0502,A05020900,음식점,한식,카페/전통찻집,126.4106831878,33.4894213675,
토토아뜰리에,제주특별자치도 제주시 애월읍 고성북길 112,2738653,12,outdoor,outdoor:산,A02,A0203,A02030400,역사관광지,농.산.어촌 체험,이색체험,126.4131000861,33.4698485725,
톰톰카레,제주특별자치도 제주시 구좌읍 해맞이해안로 1112,2851487,39,indoor,indoor:음식점,A05,A0502,A05020700,음식점,한식,이색음식점,126.8375450072,33.5375034354,
트라이브,제주특별자치도 제주시 애월읍 애월로 11,2861940,39,indoor,indoor:음식점/카페,A05,A0502,A05020900,음식점,한식,카페/전통찻집,126.3112758307,33.4600591587,
트라인커피,제주특별자치도 제주시 와흘상길 32,2899449,39,indoor,indoor:음식점/카페,A05,A0502,A05020900,음식점,한식,카페/전통찻집,126.6332192986,33.4939660761,
트로이테마농원,제주특별자치도 서귀포시 안덕면 녹차분재로 56,3071776,12,outdoor,outdoor:산,A02,A0203,A02030100,역사관광지,농.산.어촌 체험,농.산.어촌 체험,126.3020609712,33.2906999687,
트로피컬 하이드어웨이 카페,제주특별자치도 서귀포시 대정읍 형제해안로 284,2858423,39,indoor,indoor:음식점/카페,A05,A0502,A05020900,음식점,한식,카페/전통찻집,126.2912859363,33.2092671261,
틸다하우스,제주특별자치도 제주시 한경면 중산간서로 3367-1,2623579,32,indoor,indoor:숙박/펜션/호텔,B02,B0201,B02010700,숙박시설,관광호텔,펜션,126.2377161084,33.3110911514,
파더스가든,제주특별자치도 서귀포시 안덕면 병악로 44-33,2753082,12,outdoor,outdoor:공원/수목원,A01,A0101,A01010700,자연관광지,국립공원,수목원,126.3647390979,33.2801410085,
판포미인,제주특별자치도 제주시 판포1길 11,2849980,39,indoor,indoor:음식점,A05,A0502,A05020100,음식점,한식,한식,126.1982461153,33.3652123260,
판포포구,제주특별자치도 제주시 한경면 판포리 2877-3,2785869,12,outdoor,outdoor:공원,A01,A0101,A01011400,자연관광지,국립공원,항구/포구,126.1996321009,33.3654401002,
팰롱팰롱빛나는,제주특별자치도 제주시 애월읍 애월해안로 474,2785877,38,outdoor,indoor:쇼핑 | outdoor:산,A04,A0401,A04010900,쇼핑,5일장,특산물판매점,126.3550077410,33.4776578999,
페를로,제주특별자치도 서귀포시 안덕면 덕수회관로74번길 33,2845370,39,indoor,indoor:음식점,A05,A0502,A05020200,음식점,한식,서양식,126.3063224681,33.2567176785,
펜고호다,제주특별자치도 제주시 봉성로 61 1층,2906761,39,indoor,indoor:음식점/카페,A05,A0502,A05020900,음식점,한식,카페/전통찻집,126.3124072249,33.4182610254,
펜션연리,제주특별자치도 서귀포시 논짓물로 50 (하예동),2621969,32,indoor,indoor:숙박/펜션/호텔,B02,B0201,B02011100,숙박시설,관광호텔,게스트하우스,126.3859881372,33.2405179405,
펠리스타운,제주특별자치도 서귀포시 성산읍 시흥하동로50번길 23,1893137,32,indoor,indoor:숙박/호텔,B02,B0201,B02010600,숙박시설,관광호텔,유스호스텔,126.9081014524,33.4744809898,
편백포레스트,제주특별자치도 서귀포시 남원읍 서성로 544-97,3015718,12,outdoor,outdoor:산,A02,A0203,A02030100,역사관광지,농.산.어촌 체험,농.산.어촌 체험,126.6597376780,33.3172804702,
평대스낵,제주특별자치도 제주시 구좌읍 대수길 26,2861378,39,indoor,indoor:음식점,A05,A0502,A05020100,음식점,한식,한식,126.8379755451,33.5366396491,
평대해변,제주특별자치도 제주시 구좌읍 평대리 1994-20,2723555,12,outdoor,outdoor:공원/해변/해수욕장,A01,A0101,A01011200,자연관광지,국립공원,해수욕장,126.8406003954,33.5332400681,
평화통일 불사리탑,제주특별자치도 제주시 조천읍 일주동로 884 (조천읍),1621032,12,unknown,,A02,A0201,A02010800,역사관광지,고궁,사찰,126.6362431688,33.5319646966,
포도뮤지엄,제주특별자치도 서귀포시 산록남로 788 포도뮤지엄,2836855,14,indoor,indoor:미술관/박물관,A02,A0206,A02060500,역사관광지,박물관,미술관/화랑,126.3859808240,33.3192953511,
포도원흑돼지,제주특별자치도 제주시 수목원길 51 (연동),2870912,39,indoor,indoor:음식점,A05,A0502,A05020100,음식점,한식,한식,126.4901906019,33.4700581065,
포도호텔,제주특별자치도 서귀포시 안덕면 상천리,1894943,32,indoor,indoor:숙박/호텔,B02,B0201,B02010900,숙박시설,관광호텔,모텔,126.3875196113,33.3178733106,
포레스트 공룡사파리,제주특별자치도 제주시 조천읍 선교로 474-1,2751986,12,mixed,outdoor:공원 | mixed:관광단지,A02,A0202,A02020600,역사관광지,관광단지,테마공원,126.7095828183,33.4630929367,
포하노이,제주특별자치도 제주시 광령중길 133-2 예그리나,2871863,39,indoor,indoor:음식점,A05,A0502,A05020700,음식점,한식,이색음식점,126.4363513218,33.4486068479,
폭낭오름,제주특별자치도 제주시 애월읍 봉성리,1918421,12,outdoor,outdoor:공원/산/오름,A01,A0101,A01010400,자연관광지,국립공원,산,126.3822415228,33.3522277635,
표선세화해녀의집,제주특별자치도 서귀포시 표선면 민속해안로 40,404158,39,indoor,indoor:음식점,A05,A0502,A05020100,음식점,한식,한식,126.8062030805,33.3036426522,
표선소금막해변,제주특별자치도 서귀포시 표선면 표선동서로 378-18,3026734,12,outdoor,outdoor:공원/해변/해수욕장,A01,A0101,A01011200,자연관광지,국립공원,해수욕장,126.8415326632,33.3340093146,
표선오일시장,제주특별자치도 서귀포시 표선면 표선동서로 203-1,132160,38,indoor,indoor:쇼핑/시장,A04,A0401,A04010100,쇼핑,5일장,5일장,126.8304061108,33.3225437337,
표선해수욕장,제주특별자치도 서귀포시 표선면 민속해안로 592,128794,12,outdoor,outdoor:공원/해수욕장,A01,A0101,A01011200,자연관광지,국립공원,해수욕장,126.8424244429,33.3256630271,
표선해수욕장 야영장,제주특별자치도 서귀포시 표선면 민속해안로 620,3031517,28,outdoor,outdoor:레포츠/캠핑/해수욕장,A03,A0302,A03021700,레포츠소개,수련시설,"야영장,오토캠핑장",126.8393858179,33.3256407585,
풀베개,제주특별자치도 서귀포시 안덕면 화순서서로 492-4,2847715,39,indoor,indoor:음식점/카페,A05,A0502,A05020900,음식점,한식,카페/전통찻집,126.3032220973,33.2855116710,
풍천만가,제주특별자치도 제주시 아연로 40,2894522,39,indoor,indoor:음식점,A05,A0502,A05020100,음식점,한식,한식,126.4982369392,33.4782462172,
프레리아 커플 독채펜션,제주특별자치도 제주시 애월읍 유수암평화5길 34-29,1887546,32,indoor,indoor:숙박/펜션/호텔,B02,B0201,B02010700,숙박시설,관광호텔,펜션,126.4050490077,33.4254894659,
플레이스 캠프 제주(Playce camp Jeju),제주특별자치도 서귀포시 성산읍 동류암로 20,2757210,32,indoor,indoor:숙박/호텔,B02,B0201,B02010500,숙박시설,관광호텔,콘도미니엄,126.9182122544,33.4498866488,
피규어뮤지엄제주,제주특별자치도 서귀포시 안덕면 한창로 243,2606211,14,indoor,indoor:박물관,A02,A0206,A02060100,역사관광지,박물관,박물관,126.3553982011,33.2819712150,
피어22,제주특별자치도 제주시 한림읍 금능7길 22,2861708,39,indoor,indoor:음식점,A05,A0502,A05020200,음식점,한식,서양식,126.2278124372,33.3899739377,
피즈 버거 노형점,제주특별자치도 제주시 노형10길 6 (노형동),2839903,39,indoor,indoor:음식점,A05,A0502,A05020200,음식점,한식,서양식,126.4776191647,33.4836508470,
피커스 제주,제주특별자치도 제주시 아연로 444-1 (오등동),2854335,39,indoor,indoor:음식점/카페,A05,A0502,A05020900,음식점,한식,카페/전통찻집,126.5287816055,33.4739110719,
하고수동해변,제주특별자치도 제주시 우도면 연평리,591798,12,outdoor,outdoor:공원/해변/해수욕장,A01,A0101,A01011200,자연관광지,국립공원,해수욕장,126.9574573668,33.5142746145,
하귀정담,제주특별자치도 제주시 중앙로12길 21 (삼도이동),2891431,39,indoor,indoor:음식점,A05,A0502,A05020100,음식점,한식,한식,126.5224396217,33.5121511830,
하늬복이오름,제주특별자치도 서귀포시 안덕면 상천리 산89-1,1923590,12,outdoor,outdoor:공원/산/오름,A01,A0101,A01010400,자연관광지,국립공원,산,126.3932189204,33.3266196561,
하도리 철새도래지,제주특별자치도 제주시 구좌읍 종달리,660972,12,outdoor,outdoor:공원,A01,A0101,A01010500,자연관광지,국립공원,자연생태관광지,126.8941130828,33.5045302196,
하도어촌체험마을,제주특별자치도 제주시 구좌읍 해맞이해안로 1897-27,2023328,12,outdoor,outdoor:산,A02,A0203,A02030100,역사관광지,농.산.어촌 체험,농.산.어촌 체험,126.9040729746,33.5199453433,
하도해변,제주특별자치도 제주시 구좌읍 해맞이해안로 1973,2704435,12,outdoor,outdoor:공원/해변/해수욕장,A01,A0101,A01011200,자연관광지,국립공원,해수욕장,126.8988152454,33.5135348561,
하라케케,제주특별자치도 서귀포시 속골로 29-10 (호근동),2861515,39,indoor,indoor:음식점/카페,A05,A0502,A05020900,음식점,한식,카페/전통찻집,126.5285812818,33.2426199585,
하례감귤점빵협동조합,제주특별자치도 서귀포시 하례로 272,2910852,39,indoor,indoor:음식점/카페,A05,A0502,A05020900,음식점,한식,카페/전통찻집,126.6233640890,33.2713738458,
하례감귤체험농장,제주특별자치도 서귀포시 남원읍 하례로 504,2765280,12,outdoor,outdoor:산,A02,A0203,A02030100,역사관광지,농.산.어촌 체험,농.산.어촌 체험,126.6165503401,33.2913520887,
하르방짬뽕,제주특별자치도 제주시 하귀동남4길 4,2853278,39,indoor,indoor:음식점,A05,A0502,A05020400,음식점,한식,중식,126.4124692997,33.4825082726,
하멜기념비,제주특별자치도 서귀포시 안덕면 사계리 112-3,1620997,12,outdoor,outdoor:전망대,A02,A0205,A02050200,역사관광지,다리/대교,기념탑/기념비/전망대,126.3146500324,33.2337481229,
하모체육공원,제주특별자치도 서귀포시 대정읍 하모리 2139-3,3031541,12,mixed,outdoor:공원 | mixed:관광단지,A02,A0202,A02020700,역사관광지,관광단지,공원,126.2524363228,33.2186543710,
하모해변,제주특별자치도 서귀포시 대정읍 하모리 279-2,1620883,12,outdoor,outdoor:공원/해변/해수욕장,A01,A0101,A01011200,자연관광지,국립공원,해수욕장,126.2605635569,33.2113219743,
하소로커피,제주특별자치도 제주시 한경면 불그못로 72,2906595,39,indoor,indoor:음식점/카페,A05,A0502,A05020900,음식점,한식,카페/전통찻집,126.2176987432,33.2957730866,
하영 흑돼지구이집,제주특별자치도 서귀포시 천제연로 101,1018723,39,indoor,indoor:음식점,A05,A0502,A05020100,음식점,한식,한식,126.4165962685,33.2550751487,
하우목동항,제주특별자치도 제주시 우도면 우도해안길 352,2767885,12,outdoor,outdoor:공원,A01,A0101,A01011400,자연관광지,국립공원,항구/포구,126.9435281264,33.5095971276,
하우스레서피,제주특별자치도 제주시 한림읍 일주서로 5892,2755913,39,indoor,indoor:음식점/카페,A05,A0502,A05020900,음식점,한식,카페/전통찻집,126.2954247979,33.4437523808,
하트나무,제주특별자치도 서귀포시 표선면 일주동로 6347-17,3026536,12,unknown,,A01,A0102,A01020100,자연관광지,희귀동.식물,희귀동.식물,126.7918959342,33.3059005068,
하하호호,제주특별자치도 제주시 우도해안길 532,2854364,39,indoor,indoor:음식점,A05,A0502,A05020200,음식점,한식,서양식,126.9485746495,33.5209209575,
한국야구명예전당,제주특별자치도 서귀포시 중산간서로 97-1 (강정동),130141,14,indoor,indoor:박물관/전시/전시관,A02,A0206,A02060300,역사관광지,박물관,전시관,126.4984223827,33.2605730556,
한길정,제주특별자치도 서귀포시 중산간동로 8128-6,2891397,39,indoor,indoor:음식점,A05,A0502,A05020100,음식점,한식,한식,126.5484040845,33.2639818043,
한담해변,제주특별자치도 제주시 애월읍 애월로1길 26-4,2723542,12,outdoor,outdoor:공원/해변/해수욕장,A01,A0101,A01011200,자연관광지,국립공원,해수욕장,126.3101064260,33.4627838378,
한담해안산책로,제주특별자치도 제주시 애월읍 곽지리,2930935,12,outdoor,outdoor:공원/산/해안,A01,A0101,A01010500,자연관광지,국립공원,자연생태관광지,126.3106092402,33.4592286841,
한데모아 정실점,제주특별자치도 제주시 아연로 182 (오라이동),2839916,39,indoor,indoor:음식점,A05,A0502,A05020100,음식점,한식,한식,126.5092139488,33.4700472992,
한라산 백록담,제주특별자치도 서귀포시 산록남로 2847-37 (상효동),264590,12,outdoor,outdoor:공원/산,A01,A0101,A01010500,자연관광지,국립공원,자연생태관광지,126.5860192949,33.3072442933,
한라산 영실,제주특별자치도 서귀포시 영실로 246,126469,12,outdoor,outdoor:공원/산,A01,A0101,A01010400,자연관광지,국립공원,산,126.4803110551,33.3402306397,
한라산 트레킹,제주특별자치도 제주시 1100로 2070-61,824619,28,outdoor,outdoor:레포츠/산/트레킹,A03,A0302,A03022700,레포츠소개,수련시설,트래킹,126.4948724979,33.3927306237,
한라산 품 안에서 보내는 하룻밤,,1855218,25,outdoor,outdoor:산/캠핑,C01,C0116,C01160001,가족코스,캠핑코스,캠핑코스,126.4920098966,33.4697026193,
한라산아래첫마을 영농조합법인,제주특별자치도 서귀포시 안덕면 산록남로 675,2845383,39,indoor,indoor:음식점 | outdoor:산,A05,A0502,A05020100,음식점,한식,한식,126.3796367363,33.3279942898,
한라생태숲,제주특별자치도 제주시 516로 2596,802844,12,outdoor,outdoor:공원/수목원,A01,A0101,A01010700,자연관광지,국립공원,수목원,126.5982320810,33.4319418220,
한라수목원,제주특별자치도 제주시 수목원길 72 (연동),127514,12,outdoor,outdoor:공원/수목원,A01,A0101,A01010700,자연관광지,국립공원,수목원,126.4921487719,33.4697692812,
한라향,"제주특별자치도 제주시 도남로 104 (도남동, 백록아파트)",2839938,39,indoor,indoor:음식점,A05,A0502,A05020100,음식점,한식,한식,126.5279562849,33.4911897022,
한림공원,제주특별자치도 제주시 한림읍 한림로 300,126455,12,mixed,outdoor:공원 | mixed:관광단지,A02,A0202,A02020700,역사관광지,관광단지,공원,126.2415557152,33.3886659647,
한림매일시장,제주특별자치도 제주시 한림읍 한림로 687,2765334,38,indoor,indoor:쇼핑/시장,A04,A0401,A04010200,쇼핑,5일장,상설시장,126.2649364013,33.4161382914,
한림민속오일시장,제주특별자치도 제주시 한림읍 한수풀로4길 10,993224,38,indoor,indoor:쇼핑/시장,A04,A0401,A04010100,쇼핑,5일장,5일장,126.2745604816,33.4198102588,
한림칼국수 제주본점,제주특별자치도 제주시 한림읍 한림해안로 141,2792539,39,indoor,indoor:음식점,A05,A0502,A05020100,음식점,한식,한식,126.2615172662,33.4155966307,
한림항,제주특별자치도 제주시 한림읍 한림해안로 192,2792599,12,outdoor,outdoor:공원,A01,A0101,A01011400,자연관광지,국립공원,항구/포구,126.2625726517,33.4190907055,
함덕해수욕장 (함덕 서우봉 해변),제주특별자치도 제주시 조천읍 조함해안로 519-10,126451,12,outdoor,outdoor:공원/해변/해수욕장,A01,A0101,A01011200,자연관광지,국립공원,해수욕장,126.6683567720,33.5439000013,
함덕회춘,제주특별자치도 제주시 조천읍 신북로 489,2854403,39,indoor,indoor:음식점,A05,A0502,A05020100,음식점,한식,한식,126.6624906317,33.5431583226,
함쉐프키친,제주특별자치도 서귀포시 이어도로 217-4 (대포동),2844078,39,indoor,indoor:음식점,A05,A0502,A05020400,음식점,한식,중식,126.4436553232,33.2420825647,
항아리조림,제주특별자치도 제주시 세화3길 32 1층,2906322,39,indoor,indoor:음식점,A05,A0502,A05020100,음식점,한식,한식,126.8564102978,33.5261994352,
해녀의 부엌,제주특별자치도 제주시 구좌읍 해맞이해안로 2265,2666735,39,indoor,indoor:음식점,A05,A0502,A05020100,음식점,한식,한식,126.9123061050,33.4978173678,
해녀의집,제주특별자치도 제주시 애월읍 애월해안로 591,2852232,39,indoor,indoor:음식점,A05,A0502,A05020100,음식점,한식,한식,126.3669400192,33.4784135608,
해녀잠수촌,제주특별자치도 제주시 서해안로 498 (용담삼동),2758855,39,indoor,indoor:음식점,A05,A0502,A05020100,음식점,한식,한식,126.4921643149,33.5192638011,
해녀촌,제주특별자치도 제주시 구좌읍 동복로 33,1847757,39,indoor,indoor:음식점,A05,A0502,A05020100,음식점,한식,한식,126.7098946061,33.5536884744,
해맞이해안로,제주특별자치도 제주시 구좌읍 김녕리,2778905,12,outdoor,outdoor:공원/해안,A01,A0101,A01010500,자연관광지,국립공원,자연생태관광지,126.7427251632,33.5504226979,
해물통라면 문개항아리 애월해안도로점,제주특별자치도 제주시 가문동길 38,2850039,39,indoor,indoor:음식점 | outdoor:해안,A05,A0502,A05020100,음식점,한식,한식,126.3924515219,33.4858131444,
해성도뚜리,제주특별자치도 제주시 애월읍 애월해안로 682,2788879,39,indoor,indoor:음식점,A05,A0502,A05020100,음식점,한식,한식,126.3749809108,33.4817883141,
해성파크텔,제주특별자치도 서귀포시 천제연로 158-4 (중문동),2626708,32,indoor,indoor:숙박/호텔 | mixed:파크,B02,B0201,B02011100,숙박시설,관광호텔,게스트하우스,126.4213570284,33.2523116402,
해오름,제주특별자치도 서귀포시 성산읍 일출로 260,664204,39,indoor,indoor:음식점 | outdoor:오름,A05,A0502,A05020100,음식점,한식,한식,126.9315329889,33.4643630428,
해왓,제주특별자치도 서귀포시 성산읍 신고로 30-1,2755470,39,indoor,indoor:음식점,A05,A0502,A05020100,음식점,한식,한식,126.9171792715,33.4385517727,
해왕성반점본점,제주특별자치도 제주시 우정로12길 10 (외도일동),2906375,39,indoor,indoor:음식점,A05,A0502,A05020400,음식점,한식,중식,126.4298287830,33.4877357466,
해주소반,"제주특별자치도 서귀포시 글로벌에듀로 370 이노에듀파크 105호, 106호",2894394,39,indoor,indoor:음식점,A05,A0502,A05020100,음식점,한식,한식,126.2782549264,33.2807590276,
해품은체험농장,제주특별자치도 서귀포시 성산읍 서성일로 1073,2704242,12,unknown,,A02,A0204,A02040800,역사관광지,발전소,기타,126.8933089807,33.4445035069,
행복밀,제주특별자치도 제주시 서광로 239 (삼도일동),2824043,39,indoor,indoor:음식점/카페,A05,A0502,A05020900,음식점,한식,카페/전통찻집,126.5220815945,33.5000525164,
향원복집,제주특별자치도 서귀포시 부두로 43,2563236,39,indoor,indoor:음식점,A05,A0502,A05020300,음식점,한식,일식,126.5648726139,33.2411790255,
허니문하우스,제주특별자치도 서귀포시 토평동 511,2664574,39,indoor,indoor:음식점/카페,A05,A0502,A05020900,음식점,한식,카페/전통찻집,126.5780296770,33.2469591520,
"헤이, 서귀포",제주특별자치도 서귀포시 태평로 363 (서귀동),2918548,32,indoor,indoor:숙박/호텔,B02,B0201,B02010100,숙박시설,관광호텔,관광호텔,126.5600895830,33.2461450683,
헬로남생이,제주특별자치도 제주시 원당북로 197-20,2891438,39,indoor,indoor:음식점/카페,A05,A0502,A05020900,음식점,한식,카페/전통찻집,126.6140367267,33.5336113809,
헬로키티아일랜드,제주특별자치도 서귀포시 안덕면 한창로 340,1911160,14,indoor,indoor:박물관/전시/전시관,A02,A0206,A02060300,역사관광지,박물관,전시관,126.3521344149,33.2900841569,
협재 수우동,제주특별자치도 제주시 한림읍 협재1길 11,2792543,39,indoor,indoor:음식점,A05,A0502,A05020300,음식점,한식,일식,126.2424860137,33.3965428856,
협재신국수,제주특별자치도 제주시 한림읍 명재로 17,2870974,39,indoor,indoor:음식점,A05,A0502,A05020100,음식점,한식,한식,126.2488049381,33.3952264638,
협재온다정,제주특별자치도 제주시 한림로 381-4,2905293,39,indoor,indoor:음식점,A05,A0502,A05020100,음식점,한식,한식,126.2434886950,33.3969650769,
협재포구,제주특별자치도 제주시 한림읍 협재리,2792603,12,outdoor,outdoor:공원,A01,A0101,A01011400,자연관광지,국립공원,항구/포구,126.2431108927,33.3995286760,
협재해녀의집,제주특별자치도 제주시 한림읍 협재3길 19,2758859,39,indoor,indoor:음식점,A05,A0502,A05020100,음식점,한식,한식,126.2439108383,33.3988648733,
협재해물라면 쪼꼴락상회,제주특별자치도 제주시 협재4길 9,2905314,39,indoor,indoor:음식점,A05,A0502,A05020100,음식점,한식,한식,126.2415194929,33.3937765096,
협재해물라면오빠네,제주특별자치도 제주시 한림읍 한림로 475,2837033,39,indoor,indoor:음식점,A05,A0502,A05020100,음식점,한식,한식,126.2510184831,33.4020118583,
협재해수욕장,제주특별자치도 제주시 한림읍 한림로 329-10,127490,12,outdoor,outdoor:공원/해수욕장,A01,A0101,A01011200,자연관광지,국립공원,해수욕장,126.2394418960,33.3937764770,
형돈,제주특별자치도 제주시 구남로 22 (이도이동),2854384,39,indoor,indoor:음식점,A05,A0502,A05020100,음식점,한식,한식,126.5329253392,33.4893510958,
형제섬,제주특별자치도 서귀포시 안덕면 사계리 산44,128793,12,outdoor,outdoor:공원/섬,A01,A0101,A01011300,자연관광지,국립공원,섬,126.3092288523,33.2080147675,
형제해안도로,제주특별자치도 서귀포시 안덕면 사계리 3682,2742301,12,outdoor,outdoor:공원/해안,A01,A0101,A01010500,자연관광지,국립공원,자연생태관광지,126.3157581698,33.2382615310,
호랑호랑 성산카페,제주특별자치도 서귀포시 일출로 86,2847829,39,indoor,indoor:음식점/카페 | outdoor:산,A05,A0502,A05020900,음식점,한식,카페/전통찻집,126.9215564052,33.4500589058,
호빗집,제주특별자치도 서귀포시 남원읍 한남리 1429,3026626,12,unknown,,A02,A0205,A02050600,역사관광지,다리/대교,유명건물,126.6830718721,33.3126591307,
호자,제주특별자치도 제주시 세화8길 7,2851443,39,indoor,indoor:음식점,A05,A0502,A05020300,음식점,한식,일식,126.8575797487,33.5215083065,
호텔 더본 제주,제주특별자치도 서귀포시 색달로 18 (색달동),2858304,32,indoor,indoor:숙박/호텔,B02,B0201,B02010100,숙박시설,관광호텔,관광호텔,126.4057165519,33.2597605709,
호텔 서귀피안,제주특별자치도 서귀포시 보목로64번길 178 (보목동),2699863,32,indoor,indoor:숙박/호텔,B02,B0201,B02011100,숙박시설,관광호텔,게스트하우스,126.5905592043,33.2444207422,
호텔컬리넌 제주,제주특별자치도 제주시 사장1길 26 (연동),3089161,32,indoor,indoor:숙박/호텔,B02,B0201,B02010100,숙박시설,관광호텔,관광호텔,126.4928539116,33.4853925632,
혼인지,제주특별자치도 서귀포시 성산읍 혼인지로 39-14,126465,12,outdoor,outdoor:공원,A01,A0101,A01010500,자연관광지,국립공원,자연생태관광지,126.8948511968,33.4147845919,
혼저,제주특별자치도 제주시 한림읍 한림로 158,3059362,39,indoor,indoor:음식점,A05,A0502,A05020100,음식점,한식,한식,126.2248544545,33.3857660241,
홀츠 애월,제주특별자치도 제주시 하소로 681-13 나동,2892380,39,indoor,indoor:음식점/카페,A05,A0502,A05020900,음식점,한식,카페/전통찻집,126.3965636592,33.4243616788,
홍성방,제주특별자치도 서귀포시 대정읍 하모항구로 76,2781325,39,indoor,indoor:음식점,A05,A0502,A05020400,음식점,한식,중식,126.2517224623,33.2201653043,
화고 흑돼지 신시가지점,제주특별자치도 서귀포시 신서로32번길 20 (강정동),2844094,39,indoor,indoor:음식점,A05,A0502,A05020100,음식점,한식,한식,126.5061996473,33.2533795283,
"화북, 포구문화제",제주특별자치도 제주시 화북이동 1619-8 화북포구,3011941,15,unknown,,A02,A0207,A02070200,역사관광지,문화관광축제,일반축제,126.5658911161,33.5246449368,
화북포구,제주특별자치도 제주시 화북1동,2798892,12,outdoor,outdoor:공원,A01,A0101,A01011400,자연관광지,국립공원,항구/포구,126.5645634332,33.5255364838,
화산섬 제주의 속살을 만나다.,,2038217,25,outdoor,outdoor:산/섬,C01,C0114,C01140001,가족코스,힐링코스,힐링코스,126.7134770508,33.4575852751,
화산이 만든 비경을 찾아가는 탐험길,,1855204,25,outdoor,outdoor:산,C01,C0115,C01150001,가족코스,도보코스,도보코스,126.3132472331,33.2402112763,
화순곶자왈 생태탐방숲길,제주특별자치도 서귀포시 안덕면 화순서동로 151,2738730,12,outdoor,outdoor:공원/수목원/숲길,A01,A0101,A01010700,자연관광지,국립공원,수목원,126.3323756109,33.2635062261,
화순금모래해수욕장,제주특별자치도 서귀포시 안덕면 화순해안로 91,126443,12,outdoor,outdoor:공원/해수욕장,A01,A0101,A01011200,자연관광지,국립공원,해수욕장,126.3335149080,33.2407004292,
화조원,제주특별자치도 제주시 애월읍 애원로 804,2606209,12,mixed,outdoor:공원 | mixed:관광단지,A02,A0202,A02020600,역사관광지,관광단지,테마공원,126.3720160859,33.4113377321,
환상숲곶자왈공원,제주특별자치도 제주시 한경면 녹차분재로 594-1,2946628,12,outdoor,outdoor:공원/휴양림,A01,A0101,A01010600,자연관광지,국립공원,자연휴양림,126.2629303320,33.3224319590,
환영키친,제주특별자치도 제주시 송당2길 2,2877950,39,indoor,indoor:음식점,A05,A0502,A05020200,음식점,한식,서양식,126.7818624665,33.4714903929,
황우지선녀탕,제주특별자치도 서귀포시 서홍동 795-5,3013310,12,outdoor,outdoor:공원/해안,A01,A0101,A01011100,자연관광지,국립공원,해안절경,126.5489323665,33.2394789607,
황우지해안열두굴,제주특별자치도 서귀포시 서홍동 764-1,2767778,12,outdoor,outdoor:공원/해안,A01,A0101,A01011900,자연관광지,국립공원,동굴,126.5607118442,33.2420288662,
회춘 애월점,제주특별자치도 제주시 가문동길 80 1층,2893702,39,indoor,indoor:음식점/카페,A05,A0502,A05020900,음식점,한식,카페/전통찻집,126.3907765945,33.4890710908,
효명사,제주특별자치도 서귀포시 516로 815-41 효명사,3026604,12,unknown,,A02,A0201,A02010800,역사관광지,고궁,사찰,126.5941765584,33.3233287582,
효은디저트,제주특별자치도 서귀포시 안덕면 화순해안로 189,2804378,39,indoor,indoor:음식점/카페,A05,A0502,A05020900,음식점,한식,카페/전통찻집,126.3388976667,33.2455333133,
효퇴국수국밥,제주특별자치도 제주시 서사로 122-1,2860575,39,indoor,indoor:음식점,A05,A0502,A05020100,음식점,한식,한식,126.5196123300,33.5015661986,
훈남횟집,제주특별자치도 제주시 조천읍 함덕13길 7,2854417,39,indoor,indoor:음식점,A05,A0502,A05020100,음식점,한식,한식,126.6678651887,33.5421279676,
훈데르트바서파크,제주특별자치도 제주시 우도면 우도해안길 32-12,2811110,14,mixed,indoor:박물관/전시/전시관 | mixed:파크,A02,A0206,A02060300,역사관광지,박물관,전시관,126.9549441872,33.4930408093,
훈데르트윈즈,제주특별자치도 제주시 우도해안길 32-2,2811459,39,indoor,indoor:음식점/카페,A05,A0502,A05020900,음식점,한식,카페/전통찻집,126.9552580701,33.4921103615,
휘닉스 아일랜드,제주특별자치도 서귀포시 성산읍 섭지코지로 107,583141,32,indoor,indoor:숙박/호텔,B02,B0201,B02010500,숙박시설,관광호텔,콘도미니엄,126.9246787370,33.4335552242,
휴림,제주특별자치도 제주시 애월읍 광령남서길 40,2661514,12,mixed,outdoor:공원 | mixed:관광단지,A02,A0202,A02020600,역사관광지,관광단지,테마공원,126.4287993085,33.4438100372,
휴애리자연생활공원,제주특별자치도 서귀포시 남원읍 신례동로 256,322836,12,mixed,outdoor:공원 | mixed:관광단지,A02,A0202,A02020700,역사관광지,관광단지,공원,126.6344317363,33.3085171454,
휴일로,제주특별자치도 서귀포시 안덕면 난드르로 49-65,2785320,39,indoor,indoor:음식점/카페,A05,A0502,A05020900,음식점,한식,카페/전통찻집,126.3665955587,33.2322657684,
흑돈가 제주,제주특별자치도 제주시 한라대학로 11,1019491,39,indoor,indoor:음식점,A05,A0502,A05020100,음식점,한식,한식,126.4735529330,33.4800372929,
흑돼지해물삼합,제주특별자치도 서귀포시 태평로482번길 50,2894407,39,indoor,indoor:음식점,A05,A0502,A05020100,음식점,한식,한식,126.5703303734,33.2456869486,
흑본오겹 함덕점,제주특별자치도 제주시 신북로 454,2899428,39,indoor,indoor:음식점,A05,A0502,A05020100,음식점,한식,한식,126.6587242813,33.5436693167,
히든 클리프 호텔 & 네이쳐,제주특별자치도 서귀포시 예래해안로 542,2822959,32,indoor,indoor:숙박/호텔,B02,B0201,B02010100,숙박시설,관광호텔,관광호텔,126.4026058226,33.2547582966,
1100고지습지,제주특별자치도 서귀포시 1100로 1555,1861656,12,outdoor,outdoor:공원,A01,A0101,A01010500,자연관광지,국립공원,자연생태관광지,126.4630149420,33.3576728826,
2025 문화가 있는날 구석구석 문화배달,제주특별자치도 서귀포시 서호중로 31-22 (서호동),3495437,15,unknown,,A02,A0208,A02081300,역사관광지,전통공연,기타행사,126.5167986596,33.2564571340,
2025 성안올레 걷기 축제,제주특별자치도 제주시 사라봉길 75 (건입동),3489522,15,unknown,,A02,A0208,A02081300,역사관광지,전통공연,기타행사,126.5462013564,33.5160372422,
2025 음악실연자 페스티벌,제주특별자치도 제주시 중앙로 2 (삼도이동),3546882,15,unknown,,A02,A0208,A02081000,역사관광지,전통공연,대중콘서트,126.5246670689,33.5181838831,
2025 제주 반려동물 문화산업 한마당,제주특별자치도 제주시 연삼로 286 (도남동),2997830,15,outdoor,outdoor:산,A02,A0208,A02081300,역사관광지,전통공연,기타행사,126.5238621803,33.4918756720,
2025 제주라프 귀몽,제주특별자치도 제주시 조천읍 선교로 115-1,2728613,15,unknown,,A02,A0208,A02081300,역사관광지,전통공연,기타행사,126.7069047313,33.4867986059,
2025 제주식품대전 with 맥주축제,제주특별자치도 서귀포시 중문관광로 93 (색달동),3525093,15,unknown,,A02,A0208,A02080600,역사관광지,전통공연,박람회,126.4145798438,33.2520782258,
5.16 도로숲터널,제주특별자치도 서귀포시 남원읍 신례천로 267-110,2740067,12,unknown,,A02,A0205,A02050500,역사관광지,다리/대교,터널,126.6304291801,33.3140386947,
513텐동,제주특별자치도 제주시 구남로8길 17 (이도이동),2857265,39,indoor,indoor:음식점,A05,A0502,A05020300,음식점,한식,일식,126.5370555146,33.4902927242,
52번가,제주특별자치도 제주시 도남로 52 (도남동),2863940,39,indoor,indoor:음식점/카페,A05,A0502,A05020900,음식점,한식,카페/전통찻집,126.5270118197,33.4957030765,
5L2F,제주특별자치도 제주시 와흘상길 30,2911088,39,indoor,indoor:음식점/카페,A05,A0502,A05020900,음식점,한식,카페/전통찻집,126.6335581582,33.4939577489,
73st,제주특별자치도 제주시 해안마을길 73,2899703,39,indoor,indoor:음식점/카페,A05,A0502,A05020900,음식점,한식,카페/전통찻집,126.4551439425,33.4570339914,
88로스터즈,제주특별자치도 제주시 금산5길 35-1 1층,2904488,39,indoor,indoor:음식점/카페,A05,A0502,A05020900,음식점,한식,카페/전통찻집,126.5634996293,33.5258892057,
9.81 파크 제주,제주특별자치도 제주시 애월읍 천덕로 880-24,2609373,28,mixed,outdoor:레포츠 | mixed:파크,A03,A0302,A03020600,레포츠소개,수련시설,카트,126.3665198188,33.3900649983,
ABC 에이팩토리베이커리카페,제주특별자치도 제주시 관덕로7길 39 (삼도이동),2852457,39,indoor,indoor:베이커리/음식점/카페,A05,A0502,A05020900,음식점,한식,카페/전통찻집,126.5232394495,33.5166840271,
AND 유 CAFE,제주특별자치도 제주시 한림읍 한림로 518,2904508,39,indoor,indoor:음식점/카페,A05,A0502,A05020900,음식점,한식,카페/전통찻집,126.2542070367,33.4046005109,
JEJU MUSIC WEEKEND,제주특별자치도 서귀포시 안덕면 신화역사로304번길 38,3356264,15,unknown,,A02,A0208,A02081300,역사관광지,전통공연,기타행사,126.3197479556,33.3072595277,
M1971 카페 엠브릿지,제주특별자치도 서귀포시 최남단해안로 128 M1971 요트클럽하우스 1F,2877807,39,indoor,indoor:음식점/카페,A05,A0502,A05020900,음식점,한식,카페/전통찻집,126.2571416578,33.2101442731,
WE호텔,제주특별자치도 서귀포시 1100로 453-95,2499031,32,indoor,indoor:숙박/호텔,B02,B0201,B02010100,숙박시설,관광호텔,관광호텔,126.4439404253,33.2860916001,
[제주올레 1-1코스] 우도-올레,제주특별자치도 제주시 우도면 연평리 1737-1 (우도면),1841003,28,outdoor,outdoor:레포츠,A03,A0302,A03022700,레포츠소개,수련시설,트래킹,126.9516416919,33.4931851843,
[제주올레 10-1코스] 가파도 올레,제주특별자치도 서귀포시 대정읍 가파로 243,1841279,28,outdoor,outdoor:레포츠,A03,A0302,A03022700,레포츠소개,수련시설,트래킹,126.2707995994,33.1742484480,
[제주올레 10코스] 화순-모슬포 올레,제주특별자치도 서귀포시 안덕면 화순해안로 85,1839713,28,outdoor,outdoor:레포츠,A03,A0302,A03022700,레포츠소개,수련시설,트래킹,126.3346120570,33.2397144441,
[제주올레 11코스] 모슬포-무릉 올레,제주특별자치도 서귀포시 대정읍 최남단해안로29번길 14,1839727,28,outdoor,outdoor:레포츠,A03,A0302,A03022700,레포츠소개,수련시설,트래킹,126.2527390756,33.2185988261,
[제주올레 12코스] 무릉-용수 올레,제주특별자치도 서귀포시 중산간서로 2852,1839772,28,outdoor,outdoor:레포츠,A03,A0302,A03022700,레포츠소개,수련시설,트래킹,126.2368225485,33.2747034922,
[제주올레 13코스] 용수-저지 올레,제주특별자치도 제주시 한경면 용수리 4241-7,1839784,28,outdoor,outdoor:레포츠,A03,A0302,A03022700,레포츠소개,수련시설,트래킹,126.1660609434,33.3238525087,
[제주올레 14-1코스] 저지-서광 올레,제주특별자치도 제주시 한경면 저지리 1851-5 (한경면),1841313,28,outdoor,outdoor:레포츠,A03,A0302,A03022700,레포츠소개,수련시설,트래킹,126.2563223464,33.3326057306,
[제주올레 14코스] 저지-한림 올레,제주특별자치도 제주시 한경면 저지리 1851-5 (한경면),1839801,28,outdoor,outdoor:레포츠,A03,A0302,A03022700,레포츠소개,수련시설,트래킹,126.2558862752,33.3325196218,
[제주올레 15코스] 한림-고내 올레 (A),제주특별자치도 제주시 한림읍 한림해안로 196,1839833,28,outdoor,outdoor:레포츠,A03,A0302,A03022700,레포츠소개,수련시설,트래킹,126.2625365394,33.4193184574,
[제주올레 15코스] 한림-고내 올레 (B),제주특별자치도 제주시 한림읍 한림해안로 196,2710165,28,outdoor,outdoor:레포츠,A03,A0302,A03022700,레포츠소개,수련시설,트래킹,126.2625365394,33.4193184574,
[제주올레 16코스] 고내-광령 올레,제주특별자치도 제주시 애월읍 고내리 1111-2 (애월읍),1839864,28,outdoor,outdoor:레포츠,A03,A0302,A03022700,레포츠소개,수련시설,트래킹,126.3379094700,33.4669310396,
[제주올레 17코스] 광령-제주원도심 올레,제주특별자치도 제주시 애월읍 광령리 1271-5 (애월읍),1839866,28,outdoor,outdoor:레포츠,A03,A0302,A03022700,레포츠소개,수련시설,트래킹,126.4392563501,33.4607694370,
[제주올레 18-1코스] 추자도 올레,제주특별자치도 제주시 추자면 추자로 39,1844163,28,outdoor,outdoor:레포츠,A03,A0302,A03022700,레포츠소개,수련시설,트래킹,126.2960768262,33.9637057377,
[제주올레 18코스] 제주원도심-조천 올레,제주특별자치도 제주시 산지로 7 (건입동),1840777,28,outdoor,outdoor:레포츠,A03,A0302,A03022700,레포츠소개,수련시설,트래킹,126.5304027336,33.5159036718,
[제주올레 19코스] 조천-김녕 올레,제주특별자치도 제주시 조천읍 조천리 1209-1 (조천읍),1840837,28,outdoor,outdoor:레포츠,A03,A0302,A03022700,레포츠소개,수련시설,트래킹,126.6412842181,33.5398027986,
[제주올레 1코스] 시흥-광치기 올레,제주특별자치도 서귀포시 성산읍 시흥상동로 113,1839451,28,outdoor,outdoor:레포츠,A03,A0302,A03022700,레포츠소개,수련시설,트래킹,126.8955024257,33.4796218839,
[제주올레 21코스] 하도-종달 올레,제주특별자치도 제주시 구좌읍 해녀박물관길 26,1840913,28,outdoor,outdoor:레포츠,A03,A0302,A03022700,레포츠소개,수련시설,트래킹,126.8634125272,33.5236276110,
[제주올레 2코스] 광치기-온평 올레,제주특별자치도 서귀포시 성산읍 고성리 224-33 (성산읍),1839477,28,outdoor,outdoor:레포츠,A03,A0302,A03022700,레포츠소개,수련시설,트래킹,126.9233728803,33.4515532149,
[제주올레 3코스] 온평-표선 올레 (A),제주특별자치도 서귀포시 성산읍 온평리 1001-6 (성산읍),1839491,28,outdoor,outdoor:레포츠,A03,A0302,A03022700,레포츠소개,수련시설,트래킹,126.9039284074,33.4052580126,
[제주올레 3코스] 온평-표선 올레 (B),제주특별자치도 서귀포시 성산읍 온평리 1001-6,2710029,28,outdoor,outdoor:레포츠,A03,A0302,A03022700,레포츠소개,수련시설,트래킹,126.9028285482,33.4032609931,
[제주올레 4코스] 표선-남원 올레,제주특별자치도 서귀포시 표선면 민속해안로 594,1839536,28,outdoor,outdoor:레포츠,A03,A0302,A03022700,레포츠소개,수련시설,트래킹,126.8424411126,33.3254852694,
[제주올레 5코스] 남원-쇠소깍 올레,제주특별자치도 서귀포시 남원읍 남태해안로 137-1,1839552,28,outdoor,outdoor:레포츠,A03,A0302,A03022700,레포츠소개,수련시설,트래킹,126.7197694755,33.2781357482,
[제주올레 6코스] 쇠소깍-제주올레 여행자센터 올레,제주특별자치도 서귀포시 하효동 995-4 (하효동),1839621,28,mixed,indoor:센터 | outdoor:레포츠,A03,A0302,A03022700,레포츠소개,수련시설,트래킹,126.6234034054,33.2522676207,
[제주올레 7-1코스] 서귀포 버스터미널 - 제주올레 여행자센터 올레,제주특별자치도 서귀포시 일주동로 9217 (법환동),1841056,28,mixed,indoor:센터 | outdoor:레포츠,A03,A0302,A03022700,레포츠소개,수련시설,트래킹,126.5082329024,33.2490217077,
[제주올레 7코스] 제주올레 여행자센터 - 월평 올레,제주특별자치도 서귀포시 서홍동 780-4 (서홍동),1839630,28,mixed,indoor:센터 | outdoor:레포츠,A03,A0302,A03022700,레포츠소개,수련시설,트래킹,126.5470408308,33.2409343257,
[제주올레 8코스] 월평-대평 올레,제주특별자치도 서귀포시 월평동 741-3 (월평동),1839701,28,outdoor,outdoor:레포츠,A03,A0302,A03022700,레포츠소개,수련시설,트래킹,126.4585928819,33.2436298517,
[제주올레 9코스] 대평-화순 올레,제주특별자치도 서귀포시 안덕면 감산리 982-3 (안덕면),1839709,28,outdoor,outdoor:레포츠,A03,A0302,A03022700,레포츠소개,수련시설,트래킹,126.3614958945,33.2370318290,
[하영올레] 1코스,"제주특별자치도 서귀포시  중앙로 (105, 서귀포시청)",2806554,28,outdoor,outdoor:레포츠,A03,A0302,A03022700,레포츠소개,수련시설,트래킹,126.5597977665,33.2539525361,
[하영올레] 2코스,"제주특별자치도 서귀포시  중앙로 (105, 서귀포시청)",2806555,28,outdoor,outdoor:레포츠,A03,A0302,A03022700,레포츠소개,수련시설,트래킹,126.5597977665,33.2539525361,
[한라산 둘레길 2구간] 돌오름길,제주특별자치도 서귀포시 1100로 1187 (중문동),2675039,28,outdoor,outdoor:둘레길/레포츠/산/오름,A03,A0302,A03022700,레포츠소개,수련시설,트래킹,126.4593269522,33.3319173366,
